,index,brand,ultra_hd,full_hd,Price,Rating,inches,display_type,wifi,rom,hdmi_port,value_score,smart_features,Company_amazon,Company_croma,Company_flipkart,brand_score,ppi,resolution_width,resolution_height,fast_charging,ram,usb_port,Spec_Score,size_category,charging_category
0,1,tcl,1,0,42999,4.65,55.0,qled,1,16.0,1,0.006272238889276496,4.0,0.0,0.0,1.0,8.0,3.0,1.0,2.0,1.0,1.0,1.0,3.0,1.0,2.0
1,2,lg,1,0,41999,4.55,55.0,led,1,19.2,1,0.005958475201790519,3.0,0.0,0.0,1.0,10.0,3.0,1.0,2.0,1.0,1.0,0.0,2.0,1.0,2.0
2,3,xiaomi,1,0,36999,4.35,55.0,qled,1,32.0,1,0.006466390983540095,4.0,1.0,0.0,0.0,8.0,3.0,1.0,2.0,2.0,1.0,1.0,2.0,1.0,1.0
3,4,lg,1,0,30999,4.4,43.0,led,1,19.2,1,0.007380883254298526,3.0,0.0,0.0,1.0,10.0,4.0,1.0,2.0,1.0,1.0,0.0,2.0,0.0,2.0
4,5,philips,1,0,74999,4.05,75.0,qled,1,32.0,1,0.003618048240643208,4.0,1.0,0.0,0.0,8.0,1.0,1.0,2.0,2.0,1.0,1.0,4.0,1.0,2.0
5,6,hisense,1,0,49999,4.2,55.0,miniled,1,28.8,1,0.0057961159223184466,4.0,0.0,0.0,1.0,8.0,3.0,1.0,2.0,1.0,1.0,1.0,4.0,1.0,2.0
6,7,sony,1,0,80990,4.5,65.0,led,1,16.0,1,0.0034448697370045686,4.0,1.0,0.0,0.0,10.0,2.0,1.0,2.0,1.0,1.0,1.0,3.0,1.0,2.0
7,8,croma,0,0,4494,4.45,32.0,led,1,16.0,1,0.0306964842011571,4.0,0.0,1.0,0.0,6.0,0.0,0.0,0.0,1.0,1.0,1.0,0.0,0.0,2.0
8,9,realme,1,0,22499,4.2,55.0,qled,1,16.0,1,0.0102671229832437,4.0,0.0,0.0,1.0,7.0,3.0,1.0,2.0,3.0,1.0,1.0,2.0,1.0,1.0
9,10,xiaomi,1,0,44999,4.65,55.0,miniled,1,32.0,1,0.0063034734105202345,4.0,1.0,0.0,0.0,8.0,3.0,1.0,2.0,1.0,1.0,1.0,3.0,1.0,2.0
10,11,samsung,1,0,34490,4.55,43.0,miniled,1,25.6,1,0.007651493186430849,3.0,0.0,0.0,1.0,10.0,4.0,1.0,2.0,2.0,1.0,0.0,3.0,0.0,2.0
11,12,xiaomi,0,0,8999,4.5,32.0,led,1,16.0,1,0.019002111345705078,4.0,0.0,1.0,0.0,8.0,0.0,0.0,0.0,1.0,2.0,1.0,0.0,0.0,2.0
12,13,tcl,1,0,89990,4.4,55.0,miniled,1,22.4,1,0.0036181797977553063,3.6,0.0,1.0,0.0,8.0,3.0,1.0,2.0,1.0,1.0,0.0,4.0,1.0,2.0
13,14,samsung,1,0,45990,4.7,55.0,miniled,1,28.8,1,0.006233963905196782,3.0,0.0,0.0,1.0,10.0,3.0,1.0,2.0,2.0,1.0,0.0,3.0,1.0,2.0
14,15,xiaomi,1,0,29999,4.3,43.0,qled,1,32.0,1,0.00860028667622254,4.0,1.0,0.0,0.0,8.0,4.0,1.0,2.0,2.0,1.0,1.0,3.0,0.0,2.0
15,16,realme,1,0,19299,4.25,43.0,qled,1,16.0,1,0.011451370537333541,4.0,0.0,0.0,1.0,7.0,4.0,1.0,2.0,2.0,1.0,1.0,2.0,0.0,2.0
16,17,tcl,1,0,109999,4.45,65.0,miniled,1,64.0,1,0.00323639305811871,3.0,0.0,0.0,1.0,8.0,2.0,1.0,2.0,1.0,2.0,0.0,4.0,1.0,2.0
17,18,hisense,1,0,23599,4.2,43.0,qled,1,16.0,1,0.011212339505911268,4.0,0.0,1.0,0.0,8.0,4.0,1.0,2.0,1.0,1.0,1.0,3.0,0.0,2.0
18,19,tcl,0,1,10999,4.65,32.0,led,1,16.0,1,0.015642331121011002,3.0,0.0,0.0,1.0,8.0,1.0,0.0,1.0,1.0,2.0,0.0,0.0,0.0,2.0
19,20,samsung,1,0,26999,4.3,43.0,led,1,19.2,1,0.008122523056409496,3.0,0.0,0.0,1.0,10.0,4.0,1.0,2.0,1.0,1.0,0.0,2.0,0.0,2.0
20,21,lumio,1,0,51999,4.7,55.0,miniled,1,64.0,1,0.006417431104444316,5.0,1.0,0.0,0.0,,3.0,1.0,2.0,1.0,2.0,1.0,4.0,1.0,2.0
21,22,motorola,1,0,24999,4.05,43.0,qled,1,32.0,1,0.00907236289451578,4.0,0.0,0.0,1.0,7.0,4.0,1.0,2.0,3.0,1.0,1.0,2.0,0.0,1.0
22,23,compaq,1,0,11999,4.05,43.0,led,1,19.2,1,0.013163596966413867,4.0,0.0,0.0,1.0,3.0,4.0,1.0,2.0,1.0,2.0,1.0,0.0,0.0,2.0
23,24,sony,1,0,261240,4.3,65.0,lcd,1,32.0,1,0.0012674169346195067,4.0,1.0,0.0,0.0,10.0,2.0,1.0,2.0,1.0,2.0,1.0,4.0,1.0,2.0
24,25,tcl,1,0,50990,4.2,55.0,qled,1,32.0,1,0.005848205530496175,3.0,1.0,0.0,0.0,8.0,3.0,1.0,2.0,2.0,2.0,0.0,4.0,1.0,1.0
25,26,xiaomi,1,0,32999,4.45,43.0,miniled,1,32.0,1,0.007821449134822267,4.0,1.0,0.0,0.0,8.0,4.0,1.0,2.0,1.0,1.0,1.0,3.0,0.0,2.0
26,27,hisense,1,0,31299,4.65,55.0,qled,1,19.2,1,0.009805425093453467,4.0,0.0,1.0,0.0,8.0,3.0,1.0,2.0,1.0,1.0,1.0,3.0,1.0,2.0
27,28,lumio,1,0,29999,4.0,43.0,qled,1,64.0,1,0.008000266675555852,5.0,1.0,0.0,0.0,,4.0,1.0,2.0,1.0,2.0,1.0,3.0,0.0,2.0
28,29,croma,0,0,12990,4.35,32.0,qled,1,16.0,1,0.013394919168591224,4.0,0.0,1.0,0.0,6.0,0.0,0.0,0.0,1.0,0.0,1.0,1.0,0.0,2.0
29,30,motorola,0,0,11699,4.55,32.0,qled,1,16.0,1,0.014779040943670399,4.0,0.0,0.0,1.0,7.0,0.0,0.0,0.0,3.0,0.0,1.0,0.0,0.0,1.0
30,31,hisense,1,0,29999,4.75,50.0,qled,1,28.8,1,0.009975332511083703,4.0,0.0,0.0,1.0,8.0,4.0,1.0,2.0,2.0,1.0,1.0,3.0,1.0,2.0
31,32,tcl,1,0,45999,4.0,55.0,miniled,1,16.0,1,0.005478379964781843,3.0,0.0,0.0,1.0,8.0,3.0,1.0,2.0,1.0,1.0,0.0,3.0,1.0,2.0
32,33,lumio,1,0,39999,4.55,55.0,qled,1,64.0,1,0.007166429160729018,5.0,1.0,0.0,0.0,,3.0,1.0,2.0,2.0,2.0,1.0,3.0,1.0,2.0
33,34,tcl,1,0,32490,4.05,43.0,qled,1,16.0,1,0.007229916897506924,3.0,0.0,0.0,1.0,8.0,4.0,1.0,2.0,1.0,1.0,0.0,3.0,0.0,2.0
34,35,lg,1,0,45690,4.25,43.0,miniled,1,22.4,1,0.005395053622236814,3.0,0.0,1.0,0.0,10.0,4.0,1.0,2.0,1.0,1.0,0.0,3.0,0.0,2.0
35,36,samsung,1,0,37490,4.3,50.0,led,1,19.2,1,0.0063083488930381435,3.0,1.0,0.0,0.0,10.0,4.0,1.0,2.0,2.0,1.0,0.0,2.0,1.0,2.0
36,37,realme,0,0,11199,4.65,32.0,qled,1,16.0,1,0.017854272702919904,4.0,0.0,0.0,1.0,7.0,0.0,0.0,0.0,1.0,0.0,1.0,1.0,0.0,2.0
37,38,vw,0,1,14999,4.55,43.0,qled,1,19.2,1,0.012437495833055536,3.0,1.0,0.0,0.0,,1.0,0.0,1.0,1.0,2.0,0.0,1.0,0.0,2.0
38,39,hisense,1,0,57999,4.2,55.0,miniled,1,28.8,1,0.004996637873066777,4.0,0.0,0.0,1.0,8.0,3.0,1.0,2.0,1.0,1.0,1.0,4.0,1.0,2.0
39,40,hisense,1,0,76990,4.25,65.0,miniled,1,32.0,1,0.004029744122613327,4.0,0.0,0.0,1.0,8.0,2.0,1.0,2.0,1.0,1.0,1.0,4.0,1.0,2.0
40,41,tcl,1,0,65990,4.45,65.0,qled,1,32.0,1,0.004990150022730717,3.0,1.0,0.0,0.0,8.0,2.0,1.0,2.0,2.0,2.0,0.0,4.0,1.0,1.0
41,42,samsung,1,0,44690,4.65,43.0,miniled,1,25.6,1,0.005930857014992168,3.0,0.0,1.0,0.0,10.0,4.0,1.0,2.0,2.0,1.0,0.0,3.0,0.0,2.0
42,43,lg,1,0,32999,4.45,43.0,led,1,19.2,1,0.006742628564501954,3.0,1.0,0.0,0.0,10.0,4.0,1.0,2.0,1.0,1.0,0.0,1.0,0.0,2.0
43,44,lg,1,0,36299,4.55,43.0,led,1,22.4,1,0.0067687815091324825,3.0,0.0,1.0,0.0,10.0,4.0,1.0,2.0,1.0,1.0,0.0,2.0,0.0,2.0
44,45,tcl,1,0,92990,4.4,75.0,qled,1,32.0,1,0.003643402516399613,3.0,0.0,1.0,0.0,8.0,1.0,1.0,2.0,1.0,2.0,0.0,4.0,1.0,2.0
45,46,tcl,1,0,52990,4.45,55.0,qled,1,32.0,1,0.0057105114172485375,3.0,1.0,0.0,0.0,8.0,3.0,1.0,2.0,1.0,2.0,0.0,4.0,1.0,2.0
46,47,tcl,1,0,42990,4.7,55.0,qled,1,32.0,1,0.0069969760409397536,3.0,1.0,0.0,0.0,8.0,3.0,1.0,2.0,1.0,2.0,0.0,3.0,1.0,2.0
47,48,xiaomi,1,0,26999,4.1,43.0,qled,1,32.0,1,0.008200303714952405,4.0,1.0,0.0,0.0,8.0,4.0,1.0,2.0,2.0,1.0,1.0,2.0,0.0,2.0
48,49,xiaomi,0,0,14999,4.55,32.0,qled,1,16.0,1,0.012134142276151743,4.0,0.0,0.0,1.0,8.0,0.0,0.0,0.0,1.0,0.0,1.0,1.0,0.0,2.0
49,50,acer,1,0,24999,4.25,50.0,qled,1,19.2,1,0.00969038761550462,4.0,0.0,0.0,1.0,7.0,4.0,1.0,2.0,3.0,1.0,1.0,3.0,1.0,1.0
50,51,tcl,0,1,15990,4.75,32.0,qled,1,19.2,1,0.01217948717948718,4.0,0.0,1.0,0.0,8.0,1.0,0.0,1.0,0.0,0.0,1.0,1.0,0.0,2.0
51,52,lg,1,0,99999,4.75,75.0,led,1,22.4,1,0.0030875308753087532,3.0,0.0,0.0,1.0,10.0,1.0,1.0,2.0,1.0,2.0,0.0,3.0,1.0,2.0
52,53,blaupunkt,0,0,11499,4.75,32.0,qled,1,16.0,1,0.015283937733715976,4.0,0.0,0.0,1.0,6.0,0.0,0.0,0.0,3.0,0.0,1.0,0.0,0.0,1.0
53,54,blaupunkt,0,1,15999,4.65,40.0,qled,1,19.2,1,0.011625726607912995,4.0,0.0,0.0,1.0,6.0,1.0,0.0,1.0,3.0,0.0,1.0,1.0,0.0,1.0
54,55,lg,1,0,58499,4.15,55.0,miniled,1,25.6,1,0.004185541633190311,3.0,0.0,0.0,1.0,10.0,3.0,1.0,2.0,1.0,1.0,0.0,3.0,1.0,2.0
55,56,sony,1,0,124490,4.6,65.0,led,1,32.0,1,0.002660454654992369,4.0,0.0,1.0,0.0,10.0,2.0,1.0,2.0,1.0,2.0,1.0,4.0,1.0,2.0
56,57,vw,0,0,10999,4.5,40.0,qled,0,16.0,1,0.01063733066642422,3.0,1.0,0.0,0.0,,0.0,0.0,0.0,1.0,1.0,1.0,0.0,0.0,2.0
57,58,sony,1,0,210890,4.35,55.0,lcd,1,32.0,1,0.0015676418986201336,4.0,1.0,0.0,0.0,10.0,3.0,1.0,2.0,3.0,2.0,1.0,4.0,1.0,1.0
58,59,vw,0,0,7999,4.45,32.0,qled,0,16.0,1,0.014464308038504814,3.0,1.0,0.0,0.0,,0.0,0.0,0.0,1.0,1.0,1.0,0.0,0.0,2.0
59,60,tcl,1,0,72990,4.05,75.0,led,1,25.6,1,0.00344019728729963,4.0,0.0,0.0,1.0,8.0,1.0,1.0,2.0,2.0,1.0,1.0,3.0,1.0,2.0
60,61,tcl,1,0,249999,4.5,98.0,qled,1,32.0,1,0.001512006048024192,3.0,0.0,0.0,1.0,8.0,1.0,1.0,2.0,1.0,2.0,0.0,4.0,0.0,2.0
61,62,hisense,1,0,99990,4.15,75.0,miniled,1,38.4,1,0.003195819581958196,4.0,0.0,0.0,1.0,8.0,1.0,1.0,2.0,1.0,2.0,1.0,4.0,1.0,2.0
62,63,tcl,1,0,86990,4.45,75.0,qled,1,32.0,1,0.003990113806184619,3.0,1.0,0.0,0.0,8.0,1.0,1.0,2.0,2.0,2.0,0.0,4.0,1.0,1.0
63,64,tcl,1,0,149999,4.35,85.0,qled,1,32.0,1,0.0023490156601044003,3.0,0.0,0.0,1.0,8.0,1.0,1.0,2.0,1.0,2.0,0.0,4.0,0.0,2.0
64,65,samsung,1,0,659990,4.35,85.0,micro,1,38.4,1,0.000599781814875983,4.0,0.0,0.0,1.0,10.0,1.0,1.0,2.0,3.0,2.0,1.0,4.0,0.0,0.0
65,66,vw,0,0,5499,4.65,24.0,led,1,16.0,1,0.02536824877250409,4.0,0.0,0.0,1.0,,0.0,0.0,0.0,1.0,0.0,1.0,0.0,0.0,2.0
66,67,samsung,1,0,82999,4.2,55.0,oled,1,32.0,1,0.0036434173905709713,4.0,1.0,0.0,0.0,10.0,3.0,1.0,2.0,1.0,2.0,1.0,4.0,1.0,2.0
67,68,acerpure,1,0,39999,4.2,65.0,qled,1,16.0,1,0.006825170629265732,4.0,0.0,0.0,1.0,5.0,2.0,1.0,2.0,3.0,1.0,1.0,3.0,1.0,1.0
68,69,samsung,1,0,43990,4.75,55.0,qled,1,19.2,1,0.005938849738576949,3.0,0.0,0.0,1.0,10.0,3.0,1.0,2.0,1.0,1.0,0.0,2.0,1.0,2.0
69,70,xiaomi,1,0,27999,4.1,50.0,led,1,19.2,1,0.0077609914639808555,4.0,0.0,0.0,1.0,8.0,4.0,1.0,2.0,2.0,1.0,1.0,2.0,1.0,2.0
70,71,philips,1,0,26999,4.1,43.0,qled,1,32.0,1,0.008959591095966517,4.0,1.0,0.0,0.0,8.0,4.0,1.0,2.0,2.0,1.0,1.0,3.0,0.0,2.0
71,72,vu,1,0,26490,4.4,43.0,qled,1,16.0,1,0.009966024915062289,4.0,1.0,0.0,0.0,7.0,4.0,1.0,2.0,3.0,1.0,1.0,3.0,0.0,0.0
72,73,lg,1,0,105888,4.75,55.0,oled,1,44.8,1,0.003588697491689332,5.0,0.0,0.0,1.0,10.0,3.0,1.0,2.0,3.0,2.0,1.0,4.0,1.0,1.0
73,74,hisense,1,0,34999,4.6,55.0,qled,1,28.8,1,0.008411668904825852,4.0,0.0,0.0,1.0,8.0,3.0,1.0,2.0,2.0,1.0,1.0,3.0,1.0,2.0
74,75,tcl,1,0,54990,4.35,55.0,miniled,1,19.2,1,0.005220949263502454,3.4,0.0,1.0,0.0,8.0,3.0,1.0,2.0,1.0,2.0,0.0,3.0,1.0,2.0
75,76,tcl,1,0,31999,4.45,43.0,qled,1,16.0,1,0.008065877058658084,3.0,0.0,0.0,1.0,8.0,4.0,1.0,2.0,1.0,1.0,0.0,3.0,0.0,2.0
76,77,tcl,1,0,69990,4.2,65.0,miniled,1,32.0,1,0.004320617231033005,3.0,1.0,0.0,0.0,8.0,2.0,1.0,2.0,1.0,2.0,0.0,4.0,1.0,2.0
77,78,realme,1,0,25999,4.5,55.0,qled,1,32.0,1,0.009692680487711066,4.0,0.0,0.0,1.0,7.0,3.0,1.0,2.0,3.0,1.0,1.0,2.0,1.0,1.0
78,79,tcl,1,0,30990,4.15,43.0,qled,1,16.0,1,0.0073652791222975165,4.0,0.0,0.0,1.0,8.0,4.0,1.0,2.0,2.0,1.0,1.0,2.0,0.0,2.0
79,80,xiaomi,1,0,41990,4.2,55.0,qled,1,32.0,1,0.006301500357227912,4.0,1.0,0.0,0.0,8.0,3.0,1.0,2.0,2.0,1.0,1.0,3.0,1.0,1.0
80,81,tcl,0,1,15490,4.15,32.0,qled,1,19.2,1,0.010716591349257586,3.0,1.0,0.0,0.0,8.0,1.0,0.0,1.0,1.0,0.0,0.0,1.0,0.0,2.0
81,82,lg,0,0,14690,4.65,32.0,led,1,16.0,1,0.01171204901293397,4.0,0.0,0.0,1.0,10.0,0.0,0.0,0.0,1.0,0.0,1.0,0.0,0.0,2.0
82,83,foxsky,1,0,13999,4.15,43.0,qled,1,19.2,1,0.013933138081291522,4.0,0.0,0.0,1.0,4.0,1.0,0.0,1.0,2.0,2.0,1.0,1.0,0.0,2.0
83,84,xiaomi,0,0,10999,4.7,32.0,led,1,16.0,1,0.01623783980361851,4.0,0.0,0.0,1.0,8.0,0.0,0.0,0.0,1.0,2.0,1.0,0.0,0.0,2.0
84,85,tcl,1,0,47990,4.35,55.0,qled,1,16.0,1,0.0054386330485517815,4.0,0.0,1.0,0.0,8.0,3.0,1.0,2.0,1.0,1.0,1.0,3.0,1.0,2.0
85,86,tcl,1,0,64990,4.3,65.0,qled,1,16.0,1,0.004168333589783043,4.0,0.0,1.0,0.0,8.0,2.0,1.0,2.0,1.0,1.0,1.0,3.0,1.0,2.0
86,87,samsung,1,0,162990,4.25,65.0,micro,1,35.2,1,0.0020077918890729495,4.0,0.0,0.0,1.0,10.0,2.0,1.0,2.0,2.0,2.0,1.0,4.0,1.0,2.0
87,88,blaupunkt,0,1,17499,4.7,43.0,qled,1,19.2,1,0.01020629750271444,4.0,0.0,0.0,1.0,6.0,1.0,0.0,1.0,3.0,0.0,1.0,0.0,0.0,1.0
88,89,sony,1,0,94990,4.6,55.0,led,1,19.2,1,0.003292978208232445,4.0,1.0,0.0,0.0,10.0,3.0,1.0,2.0,1.0,1.0,1.0,4.0,1.0,2.0
89,90,motorola,1,0,30999,4.5,50.0,qled,1,32.0,1,0.00827446046646666,4.0,0.0,0.0,1.0,7.0,4.0,1.0,2.0,3.0,1.0,1.0,3.0,1.0,1.0
90,91,motorola,1,0,66999,4.15,75.0,miniled,1,64.0,1,0.0043358856102329885,5.0,0.0,0.0,1.0,7.0,1.0,1.0,2.0,1.0,1.0,1.0,4.0,1.0,2.0
91,92,samsung,1,0,79999,4.3,65.0,miniled,1,22.4,1,0.003601295016187702,3.0,0.0,0.0,1.0,10.0,2.0,1.0,2.0,2.0,1.0,0.0,4.0,1.0,2.0
92,93,samsung,1,0,70690,4.6,55.0,miniled,1,22.4,1,0.004294808318008205,3.0,0.0,1.0,0.0,10.0,3.0,1.0,2.0,1.0,2.0,0.0,3.0,1.0,2.0
93,94,lg,1,0,238990,4.0,65.0,oled,1,44.8,1,0.0013891794635758818,5.0,0.0,1.0,0.0,10.0,2.0,1.0,2.0,3.0,2.0,1.0,4.0,1.0,1.0
94,95,samsung,1,0,31490,4.35,32.0,led,1,22.4,1,0.007321371864083836,3.0,1.0,0.0,0.0,10.0,4.0,1.0,2.0,2.0,1.0,0.0,2.0,0.0,2.0
95,96,vw,0,1,13499,4.2,40.0,qled,1,19.2,1,0.012445366323431366,3.0,1.0,0.0,0.0,,1.0,0.0,1.0,1.0,1.0,0.0,1.0,0.0,2.0
96,97,lg,1,0,49999,4.4,55.0,led,1,25.6,1,0.0050161003220064405,3.0,0.0,1.0,0.0,10.0,3.0,1.0,2.0,1.0,1.0,0.0,3.0,1.0,2.0
97,98,lg,1,0,75590,4.4,55.0,miniled,1,32.0,1,0.004191030559597831,4.0,0.0,1.0,0.0,10.0,3.0,1.0,2.0,1.0,2.0,1.0,4.0,1.0,2.0
98,99,lg,1,0,67599,4.7,55.0,miniled,1,16.0,1,0.004727880589949556,3.0,0.0,0.0,1.0,10.0,3.0,1.0,2.0,1.0,1.0,0.0,4.0,1.0,2.0
99,100,xiaomi,1,0,51999,4.4,55.0,miniled,1,32.0,1,0.005415488759399219,3.0,1.0,0.0,0.0,8.0,3.0,1.0,2.0,2.0,1.0,0.0,3.0,1.0,1.0
100,101,vw,1,0,21999,4.4,43.0,qled,1,32.0,1,0.010200463657438975,4.0,1.0,0.0,0.0,,4.0,1.0,2.0,3.0,1.0,1.0,2.0,0.0,1.0
101,102,iffalcon,1,0,49999,4.45,55.0,qled,1,19.2,1,0.005607112142242845,4.0,0.0,0.0,1.0,7.0,3.0,1.0,2.0,1.0,2.0,1.0,3.0,1.0,2.0
102,103,kenstar,0,0,8499,4.0,32.0,qled,1,16.0,1,0.01694316978468055,4.0,0.0,0.0,1.0,,0.0,0.0,0.0,1.0,0.0,1.0,0.0,0.0,2.0
103,104,philips,1,0,45999,4.7,55.0,miniled,1,32.0,1,0.00674362486141003,4.0,1.0,0.0,0.0,8.0,3.0,1.0,2.0,3.0,1.0,1.0,3.0,1.0,1.0
104,105,vw,0,0,7999,4.35,32.0,led,1,16.0,1,0.01685835729466183,4.0,0.0,0.0,1.0,,0.0,0.0,0.0,1.0,1.0,1.0,0.0,0.0,2.0
105,106,coocaa,1,0,32999,4.6,55.0,miniled,1,32.0,1,0.008642686142004303,4.0,1.0,0.0,0.0,5.0,3.0,1.0,2.0,3.0,1.0,1.0,3.0,1.0,1.0
106,107,samsung,1,0,32990,4.1,43.0,qled,1,19.2,1,0.006462564413458624,3.0,0.0,0.0,1.0,10.0,4.0,1.0,2.0,1.0,1.0,0.0,2.0,0.0,2.0
107,108,innoq,0,0,5095,4.6,24.0,led,0,16.0,1,0.017154072620215895,3.0,0.0,0.0,1.0,3.0,0.0,0.0,0.0,2.0,0.0,1.0,0.0,0.0,2.0
108,109,vw,0,1,13099,4.75,40.0,qled,1,19.2,1,0.014504924040003054,4.0,0.0,0.0,1.0,,1.0,0.0,1.0,1.0,2.0,1.0,1.0,0.0,2.0
109,110,vw,0,1,14199,4.35,43.0,led,1,19.2,1,0.011335305303190366,4.0,0.0,0.0,1.0,,1.0,0.0,1.0,1.0,1.0,1.0,0.0,0.0,2.0
110,111,vw,0,0,8999,4.7,32.0,led,1,16.0,1,0.016190687854206024,4.0,1.0,0.0,0.0,,0.0,0.0,0.0,1.0,1.0,1.0,0.0,0.0,2.0
111,112,vu,1,0,35990,4.2,55.0,qled,1,16.0,1,0.007352042233953877,4.0,1.0,0.0,0.0,7.0,3.0,1.0,2.0,3.0,1.0,1.0,3.0,1.0,0.0
112,113,xiaomi,0,0,12999,4.6,32.0,led,1,16.0,1,0.012739441495499654,4.0,1.0,0.0,0.0,8.0,0.0,0.0,0.0,1.0,2.0,1.0,0.0,0.0,2.0
113,114,blaupunkt,0,1,13499,4.75,40.0,qled,1,19.2,1,0.015130750425957478,4.0,1.0,0.0,0.0,6.0,1.0,0.0,1.0,3.0,0.0,1.0,1.0,0.0,1.0
114,115,hisense,1,0,69999,4.45,65.0,miniled,1,32.0,1,0.0046407805825797515,4.0,0.0,0.0,1.0,8.0,2.0,1.0,2.0,1.0,1.0,1.0,4.0,1.0,2.0
115,116,sony,1,0,45990,4.3,43.0,led,1,19.2,1,0.004955425092411393,4.0,1.0,0.0,0.0,10.0,4.0,1.0,2.0,1.0,1.0,1.0,2.0,0.0,2.0
116,117,sony,1,0,61990,4.45,55.0,led,1,16.0,1,0.004163574770124214,4.0,1.0,0.0,0.0,10.0,3.0,1.0,2.0,1.0,1.0,1.0,3.0,1.0,2.0
117,118,tcl,1,0,44999,4.0,55.0,qled,1,32.0,1,0.00551123358296851,3.0,0.0,0.0,1.0,8.0,3.0,1.0,2.0,2.0,2.0,0.0,3.0,1.0,1.0
118,119,samsung,0,0,16490,4.05,32.0,led,0,16.0,1,0.008350515463917525,2.0,0.0,1.0,0.0,10.0,0.0,0.0,0.0,1.0,1.0,0.0,0.0,0.0,2.0
119,120,samsung,1,0,43990,4.1,55.0,qled,1,25.6,1,0.005498977040236417,3.0,1.0,0.0,0.0,10.0,3.0,1.0,2.0,1.0,1.0,0.0,3.0,1.0,2.0
120,121,tcl,0,1,24990,4.55,43.0,qled,1,19.2,1,0.00819327731092437,4.0,1.0,0.0,0.0,8.0,1.0,0.0,1.0,1.0,1.0,1.0,1.0,0.0,2.0
121,122,samsung,1,0,68999,4.25,55.0,miniled,1,19.2,1,0.004065276308352295,4.0,1.0,0.0,0.0,10.0,3.0,1.0,2.0,1.0,1.0,1.0,3.0,1.0,2.0
122,123,samsung,1,0,28490,4.7,43.0,led,1,19.2,1,0.008743418743418744,3.0,1.0,0.0,0.0,10.0,4.0,1.0,2.0,1.0,1.0,0.0,2.0,0.0,2.0
123,124,lg,1,0,25990,4.75,43.0,led,1,19.2,1,0.008224317045017315,4.0,0.0,1.0,0.0,10.0,4.0,1.0,2.0,1.0,1.0,1.0,1.0,0.0,2.0
124,125,toshiba,1,0,21999,4.0,43.0,qled,1,16.0,1,0.010182281012773308,4.0,0.0,0.0,1.0,8.0,4.0,1.0,2.0,1.0,1.0,1.0,2.0,0.0,2.0
125,126,tcl,1,0,34999,4.55,43.0,qled,1,32.0,1,0.007280208005943026,3.0,0.0,0.0,1.0,8.0,4.0,1.0,2.0,2.0,1.0,0.0,2.0,0.0,2.0
126,127,marq,0,1,12999,4.5,43.0,led,1,19.2,1,0.011077775213477959,4.0,0.0,0.0,1.0,5.0,1.0,0.0,1.0,1.0,0.0,1.0,0.0,0.0,2.0
127,128,panasonic,1,0,21999,4.35,43.0,led,1,16.0,1,0.009886813036956224,4.0,0.0,1.0,0.0,8.0,4.0,1.0,2.0,1.0,1.0,1.0,1.0,0.0,2.0
128,129,sony,1,0,34999,4.05,43.0,led,1,22.4,1,0.005670162004628703,3.0,0.0,1.0,0.0,10.0,4.0,1.0,2.0,1.0,1.0,0.0,1.0,0.0,2.0
129,130,samsung,0,0,13990,4.4,32.0,led,1,16.0,1,0.009749821300929235,3.0,0.0,1.0,0.0,10.0,0.0,0.0,0.0,1.0,0.0,0.0,0.0,0.0,2.0
130,131,kodak,0,1,15999,4.25,40.0,qled,1,19.2,1,0.011156947309206825,4.0,0.0,0.0,1.0,6.0,1.0,0.0,1.0,3.0,0.0,1.0,1.0,0.0,1.0
131,132,lg,1,0,44999,4.2,43.0,miniled,1,19.2,1,0.005133447409942443,3.0,0.0,0.0,1.0,10.0,4.0,1.0,2.0,1.0,1.0,0.0,2.0,0.0,2.0
132,133,lg,1,0,112990,4.6,65.0,miniled,1,44.8,1,0.003175502256836888,4.0,0.0,1.0,0.0,10.0,2.0,1.0,2.0,1.0,2.0,1.0,4.0,1.0,2.0
133,134,lg,1,0,112890,4.75,48.0,oled,1,57.6,1,0.003324032243777128,4.0,0.0,1.0,0.0,10.0,4.0,1.0,2.0,1.0,2.0,1.0,4.0,0.0,2.0
134,135,lg,1,0,436990,4.35,77.0,oled,1,44.8,1,0.0008660381244422069,5.0,0.0,1.0,0.0,10.0,1.0,1.0,2.0,3.0,2.0,1.0,4.0,1.0,1.0
135,136,tcl,1,0,34990,4.35,55.0,led,0,25.5,0,0.006750717783094052,1.8052738336714,0.0,1.0,0.0,8.0,1.0,0.0,1.0,1.0,1.0,0.0,2.0,1.0,2.0
136,137,tcl,1,0,38990,4.15,50.0,qled,1,16.0,1,0.0061733777891767126,4.0,0.0,1.0,0.0,8.0,4.0,1.0,2.0,1.0,1.0,1.0,3.0,1.0,2.0
137,138,tcl,1,0,54990,4.25,65.0,led,1,16.0,1,0.004173486088379705,4.0,1.0,0.0,0.0,8.0,2.0,1.0,2.0,1.0,0.0,1.0,2.0,1.0,2.0
138,139,tcl,1,0,52990,4.2,55.0,qled,1,32.0,1,0.005468956406869221,3.0,0.0,1.0,0.0,8.0,3.0,1.0,2.0,1.0,2.0,0.0,4.0,1.0,2.0
139,140,tcl,1,0,69990,4.55,65.0,qled,1,32.0,1,0.004745677953993427,3.0,0.0,1.0,0.0,8.0,2.0,1.0,2.0,1.0,2.0,0.0,4.0,1.0,2.0
140,141,tcl,1,0,41990,4.4,55.0,qled,1,16.0,1,0.006182424386758752,3.0,1.0,0.0,0.0,8.0,3.0,1.0,2.0,1.0,1.0,0.0,3.0,1.0,2.0
141,142,tcl,1,0,32990,4.3,43.0,qled,1,16.0,1,0.007299181570172779,3.0,1.0,0.0,0.0,8.0,4.0,1.0,2.0,1.0,1.0,0.0,2.0,0.0,2.0
142,143,samsung,1,0,62990,4.55,65.0,led,1,28.8,1,0.0045507223368788695,3.0,1.0,0.0,0.0,10.0,2.0,1.0,2.0,2.0,1.0,0.0,3.0,1.0,2.0
143,144,samsung,1,0,62990,4.0,55.0,miniled,1,22.4,1,0.0038736307350373074,3.0,0.0,1.0,0.0,10.0,3.0,1.0,2.0,1.0,1.0,0.0,3.0,1.0,2.0
144,145,tcl,1,0,51999,4.65,55.0,qled,1,32.0,1,0.005991461374257197,3.0,0.0,0.0,1.0,8.0,3.0,1.0,2.0,2.0,2.0,0.0,4.0,1.0,1.0
145,146,motorola,1,0,109999,4.1,85.0,miniled,1,64.0,1,0.0028327530250275,5.0,0.0,0.0,1.0,7.0,1.0,1.0,2.0,1.0,1.0,1.0,4.0,0.0,2.0
146,147,realme,0,1,18199,4.45,40.0,qled,1,19.2,1,0.010758832902906754,4.0,0.0,0.0,1.0,7.0,1.0,0.0,1.0,1.0,0.0,1.0,1.0,0.0,2.0
147,148,samsung,1,0,31490,4.3,43.0,led,1,25.6,1,0.007373769450619244,3.0,0.0,0.0,1.0,10.0,4.0,1.0,2.0,2.0,1.0,0.0,2.0,0.0,2.0
148,149,toshiba,1,0,39990,4.6,55.0,led,1,19.2,1,0.006096524131032757,5.0,1.0,0.0,0.0,8.0,3.0,1.0,2.0,2.0,1.0,1.0,2.0,1.0,2.0
149,150,samsung,1,0,44990,4.2,55.0,led,1,32.0,1,0.00550789064236497,3.0,1.0,0.0,0.0,10.0,3.0,1.0,2.0,2.0,1.0,0.0,3.0,1.0,2.0
150,151,croma,1,0,38990,4.2,55.0,qled,1,32.0,1,0.006247755834829444,4.0,0.0,1.0,0.0,6.0,3.0,1.0,2.0,1.0,1.0,1.0,3.0,1.0,2.0
151,152,lg,1,0,140490,4.65,55.0,oled,1,57.6,1,0.002647875293615204,4.0,0.0,1.0,0.0,10.0,3.0,1.0,2.0,1.0,2.0,1.0,4.0,1.0,2.0
152,153,lg,1,0,68490,4.55,55.0,miniled,1,22.4,1,0.004451014746678346,3.0,0.0,1.0,0.0,10.0,3.0,1.0,2.0,1.0,1.0,0.0,4.0,1.0,2.0
153,154,vw,1,0,25999,4.5,50.0,qled,1,32.0,1,0.009346513327435671,4.0,1.0,0.0,0.0,,4.0,1.0,2.0,3.0,1.0,1.0,2.0,1.0,1.0
154,155,lg,0,0,18390,4.0,32.0,led,1,16.0,1,0.007830342577487765,3.0,0.0,1.0,0.0,10.0,0.0,0.0,0.0,0.0,0.0,0.0,0.0,0.0,2.0
155,156,lg,1,0,44190,4.2,50.0,led,1,19.2,1,0.005227427019687712,3.0,0.0,1.0,0.0,10.0,4.0,1.0,2.0,1.0,1.0,0.0,2.0,1.0,2.0
156,157,samsung,1,0,126990,4.2,55.0,micro,1,25.6,1,0.0024805102763997165,4.0,0.0,0.0,1.0,10.0,3.0,1.0,2.0,2.0,1.0,1.0,4.0,1.0,2.0
157,158,lg,1,0,45999,4.05,55.0,led,1,19.2,1,0.004842496576012522,3.0,1.0,0.0,0.0,10.0,3.0,1.0,2.0,1.0,1.0,0.0,2.0,1.0,2.0
158,159,lg,0,0,17690,4.55,32.0,led,1,16.0,1,0.009773883550028265,3.0,0.0,1.0,0.0,10.0,0.0,0.0,0.0,0.0,0.0,0.0,0.0,0.0,2.0
159,160,lg,0,0,18999,4.45,32.0,led,1,16.0,1,0.008432022738038844,3.0,1.0,0.0,0.0,10.0,0.0,0.0,0.0,0.0,0.0,0.0,0.0,0.0,2.0
160,161,lg,1,0,96999,4.35,65.0,miniled,1,16.0,1,0.0033185909133083844,3.0,1.0,0.0,0.0,10.0,2.0,1.0,2.0,1.0,1.0,0.0,4.0,1.0,2.0
161,162,motorola,0,0,11699,4.75,32.0,qled,1,16.0,1,0.01664672194204633,4.0,0.0,0.0,1.0,7.0,0.0,0.0,0.0,3.0,0.0,1.0,1.0,0.0,1.0
162,163,motorola,1,0,32999,4.7,55.0,qled,1,32.0,1,0.008830570623352223,4.0,0.0,0.0,1.0,7.0,3.0,1.0,2.0,3.0,1.0,1.0,3.0,1.0,1.0
163,164,xiaomi,1,0,71999,4.7,65.0,miniled,1,32.0,1,0.004373671856553563,3.0,1.0,0.0,0.0,8.0,2.0,1.0,2.0,2.0,1.0,0.0,4.0,1.0,1.0
164,165,acerpure,1,0,22999,4.7,42.52,qled,1,32.0,1,0.01144397582503587,4.0,0.0,0.0,1.0,5.0,4.0,1.0,2.0,3.0,1.0,1.0,2.0,0.0,1.0
165,166,foxsky,0,1,11999,4.5,40.0,qled,1,19.2,1,0.013501125093757813,4.0,0.0,0.0,1.0,4.0,1.0,0.0,1.0,2.0,1.0,1.0,0.0,0.0,2.0
166,167,xiaomi,1,0,75975,4.35,75.0,qled,1,32.0,1,0.0038933859822309963,4.0,0.0,0.0,1.0,8.0,1.0,1.0,2.0,2.0,1.0,1.0,4.0,1.0,1.0
167,168,lg,1,0,84990,4.3,55.0,miniled,1,28.8,1,0.003389810565948935,4.0,0.0,0.0,1.0,10.0,3.0,1.0,2.0,1.0,1.0,1.0,4.0,1.0,2.0
168,169,foxsky,1,0,20499,4.1,43.0,miniled,0,22.4,1,0.00900043904580711,3.0,0.0,0.0,1.0,4.0,4.0,1.0,2.0,3.0,0.0,1.0,1.0,0.0,1.0
169,170,philips,1,0,57999,4.7,65.0,miniled,1,32.0,1,0.005510439835169572,4.0,1.0,0.0,0.0,8.0,2.0,1.0,2.0,3.0,1.0,1.0,4.0,1.0,1.0
170,171,vw,1,0,21999,4.65,43.0,qled,1,16.0,1,0.010568662211918725,4.0,0.0,0.0,1.0,,4.0,1.0,2.0,3.0,1.0,1.0,1.0,0.0,1.0
171,172,hisense,1,0,27490,4.2,43.0,qled,1,16.0,1,0.008555838486722445,4.0,0.0,0.0,1.0,8.0,4.0,1.0,2.0,1.0,1.0,1.0,2.0,0.0,2.0
172,173,hisense,1,0,159999,4.75,75.0,miniled,1,35.2,1,0.0024937655860349127,4.0,1.0,0.0,0.0,8.0,1.0,1.0,2.0,3.0,1.0,1.0,4.0,1.0,0.0
173,174,vw,1,0,23799,4.0,55.0,qled,1,16.0,1,0.008403714441783268,4.0,0.0,0.0,1.0,,3.0,1.0,2.0,3.0,1.0,1.0,1.0,1.0,1.0
174,175,thomson,1,0,32999,4.55,55.0,qled,1,32.0,1,0.008272977969029364,4.0,0.0,0.0,1.0,7.0,3.0,1.0,2.0,3.0,1.0,1.0,3.0,1.0,0.0
175,176,hisense,1,0,28990,4.2,43.0,qled,1,16.0,1,0.0072438771990341495,4.0,1.0,0.0,0.0,8.0,4.0,1.0,2.0,3.0,1.0,1.0,1.0,0.0,1.0
176,177,acer,1,0,22999,4.3,43.0,led,1,16.0,1,0.009535197182486195,4.0,0.0,0.0,1.0,7.0,4.0,1.0,2.0,2.0,1.0,1.0,2.0,0.0,2.0
177,178,acerpure,1,0,53999,4.25,75.0,qled,1,16.0,1,0.005273245800848164,4.0,0.0,0.0,1.0,5.0,1.0,1.0,2.0,3.0,1.0,1.0,4.0,1.0,1.0
178,179,blaupunkt,1,0,18499,4.1,43.0,qled,1,22.4,1,0.009530244878101519,4.0,0.0,0.0,1.0,6.0,4.0,1.0,2.0,3.0,1.0,1.0,1.0,0.0,1.0
179,180,acerpure,1,0,29999,4.6,55.0,qled,1,16.0,1,0.009200306676889229,4.0,0.0,0.0,1.0,5.0,3.0,1.0,2.0,3.0,1.0,1.0,3.0,1.0,1.0
180,181,panasonic,0,0,13999,4.1,32.0,led,1,16.0,1,0.010250732195156797,3.0,0.0,0.0,1.0,8.0,0.0,0.0,0.0,1.0,2.0,0.0,0.0,0.0,2.0
181,182,tcl,0,1,29990,4.7,50.0,qled,1,19.2,1,0.0073657885961987335,4.0,1.0,0.0,0.0,8.0,0.0,0.0,1.0,1.0,1.0,1.0,1.0,1.0,2.0
182,183,realme,1,0,31499,4.05,55.0,qled,1,22.4,1,0.0061716244960157455,4.0,0.0,0.0,1.0,7.0,3.0,1.0,2.0,3.0,0.0,1.0,1.0,1.0,1.0
183,184,vu,1,0,28599,4.75,50.0,qled,1,16.0,1,0.010131473128431065,4.0,0.0,0.0,1.0,7.0,4.0,1.0,2.0,1.0,1.0,1.0,3.0,1.0,2.0
184,185,xiaomi,0,0,13999,4.5,32.0,led,1,16.0,1,0.010607900564326023,4.0,1.0,0.0,0.0,8.0,0.0,0.0,0.0,1.0,0.0,1.0,0.0,0.0,2.0
185,186,tcl,1,0,79999,4.2,55.0,miniled,1,64.0,1,0.003727546594332429,3.0,0.0,0.0,1.0,8.0,3.0,1.0,2.0,1.0,2.0,0.0,4.0,1.0,2.0
186,187,philips,1,0,34999,4.25,50.0,qled,1,32.0,1,0.007285922454927284,4.0,1.0,0.0,0.0,8.0,4.0,1.0,2.0,2.0,1.0,1.0,3.0,1.0,2.0
187,188,tcl,1,0,229999,4.55,85.0,miniled,1,64.0,1,0.0015430501871747267,4.0,0.0,0.0,1.0,8.0,1.0,1.0,2.0,3.0,2.0,1.0,4.0,0.0,1.0
188,189,xiaomi,0,0,12999,4.15,32.0,qled,1,16.0,1,0.01277021309331487,4.0,0.0,0.0,1.0,8.0,0.0,0.0,0.0,1.0,0.0,1.0,1.0,0.0,2.0
189,190,tcl,1,0,68656,4.65,65.0,miniled,1,19.2,1,0.004470111862036822,3.4,0.0,0.0,1.0,8.0,2.0,1.0,2.0,1.0,2.0,0.0,3.0,1.0,2.0
190,191,coocaa,0,0,8999,4.6,32.0,qled,1,16.0,1,0.019424380486720745,4.0,0.0,0.0,1.0,5.0,0.0,0.0,0.0,2.0,2.0,1.0,0.0,0.0,2.0
191,192,lg,1,0,38990,4.55,50.0,led,1,19.2,1,0.005951526032315978,3.0,0.0,0.0,1.0,10.0,4.0,1.0,2.0,1.0,1.0,0.0,2.0,1.0,2.0
192,193,tcl,1,0,44999,4.05,55.0,miniled,1,25.6,1,0.00531011800262228,3.0,0.0,0.0,1.0,8.0,3.0,1.0,2.0,1.0,1.0,0.0,3.0,1.0,2.0
193,194,hisense,1,0,49999,4.3,65.0,qled,1,25.6,1,0.005762115242304845,4.0,0.0,0.0,1.0,8.0,2.0,1.0,2.0,2.0,1.0,1.0,4.0,1.0,2.0
194,195,hisense,1,0,99999,4.3,75.0,miniled,1,44.8,1,0.003354033540335403,4.0,1.0,0.0,0.0,8.0,1.0,1.0,2.0,1.0,2.0,1.0,4.0,1.0,2.0
195,196,sony,1,0,121990,4.65,75.0,led,1,16.0,1,0.0025538978604803674,4.0,1.0,0.0,0.0,10.0,1.0,1.0,2.0,1.0,1.0,1.0,4.0,1.0,2.0
196,197,hisense,1,0,26999,4.35,43.0,qled,1,28.8,1,0.009505907626208378,4.0,1.0,0.0,0.0,8.0,4.0,1.0,2.0,2.0,1.0,1.0,3.0,0.0,2.0
197,198,tcl,1,0,27990,4.4,43.0,led,1,16.0,1,0.007545551982851019,3.0,1.0,0.0,0.0,8.0,4.0,1.0,2.0,0.0,1.0,0.0,1.0,0.0,2.0
198,199,tcl,1,0,63999,4.75,65.0,miniled,1,16.0,1,0.00512117376834013,3.0,0.0,0.0,1.0,8.0,2.0,1.0,2.0,3.0,1.0,0.0,4.0,1.0,1.0
199,200,sony,1,0,65990,4.6,55.0,led,1,16.0,1,0.003903621760872859,4.0,1.0,0.0,0.0,10.0,3.0,1.0,2.0,1.0,1.0,1.0,2.0,1.0,2.0
200,201,motorola,1,0,32999,4.35,55.0,qled,1,32.0,1,0.00751386405648656,4.0,0.0,0.0,1.0,7.0,3.0,1.0,2.0,3.0,1.0,1.0,3.0,1.0,1.0
201,202,haier,1,0,66990,4.25,55.0,miniled,1,32.0,1,0.004377519032691447,4.0,0.0,1.0,0.0,7.0,3.0,1.0,2.0,3.0,1.0,1.0,4.0,1.0,1.0
202,203,motorola,1,0,45999,4.05,65.0,qled,1,32.0,1,0.005282723537468206,4.0,0.0,0.0,1.0,7.0,2.0,1.0,2.0,3.0,1.0,1.0,3.0,1.0,1.0
203,204,samsung,1,0,28990,4.05,43.0,led,1,19.2,1,0.00726457399103139,3.0,0.0,0.0,1.0,10.0,4.0,1.0,2.0,1.0,1.0,0.0,2.0,0.0,2.0
204,205,xiaomi,1,0,23999,4.4,43.0,led,1,32.0,1,0.008800366681945082,4.0,1.0,0.0,0.0,8.0,4.0,1.0,2.0,1.0,1.0,1.0,1.0,0.0,2.0
205,206,samsung,1,0,198890,4.4,65.0,oled,1,41.6,1,0.0018361908592689428,6.0,0.0,1.0,0.0,10.0,2.0,1.0,2.0,3.0,2.0,1.0,4.0,1.0,0.0
206,207,samsung,0,0,15989,4.5,32.0,led,1,16.0,1,0.010413409218837951,3.0,0.0,0.0,1.0,10.0,0.0,0.0,0.0,1.0,0.0,0.0,0.0,0.0,2.0
207,208,samsung,1,0,102999,4.2,65.0,miniled,1,32.0,1,0.0028951737395508693,4.0,0.0,0.0,1.0,10.0,2.0,1.0,2.0,1.0,2.0,1.0,4.0,1.0,2.0
208,209,xiaomi,1,0,36999,4.7,55.0,led,1,22.4,1,0.006986675315549069,4.0,1.0,0.0,0.0,8.0,3.0,1.0,2.0,2.0,1.0,1.0,2.0,1.0,1.0
209,210,samsung,1,0,104999,4.55,55.0,oled,1,38.4,1,0.003380032190782769,4.0,0.0,0.0,1.0,10.0,3.0,1.0,2.0,3.0,2.0,1.0,4.0,1.0,1.0
210,211,samsung,1,0,172491,4.6,65.0,miniled,1,35.2,1,0.0020534404693578214,4.0,0.0,0.0,1.0,10.0,2.0,1.0,2.0,3.0,2.0,1.0,4.0,1.0,1.0
211,212,hisense,1,0,40999,4.55,55.0,qled,1,28.8,1,0.007435547208468498,4.0,1.0,0.0,0.0,8.0,3.0,1.0,2.0,1.0,1.0,1.0,4.0,1.0,2.0
212,213,tcl,1,0,25900,4.5,43.0,led,1,19.2,1,0.007992277992277991,3.0,0.0,0.0,1.0,8.0,4.0,1.0,2.0,1.0,1.0,0.0,1.0,0.0,2.0
213,214,iffalcon,1,0,39999,4.2,65.0,led,1,16.0,1,0.005355133878346959,3.0,0.0,0.0,1.0,7.0,2.0,1.0,2.0,1.0,1.0,0.0,2.0,1.0,2.0
214,215,tcl,0,1,20990,4.05,40.0,qled,1,19.2,1,0.008103858980466888,3.0,1.0,0.0,0.0,8.0,1.0,0.0,1.0,1.0,0.0,0.0,1.0,0.0,2.0
215,216,tcl,1,0,40999,4.7,55.0,qled,1,16.0,1,0.006992853484231323,3.0,0.0,0.0,1.0,8.0,3.0,1.0,2.0,1.0,1.0,0.0,3.0,1.0,2.0
216,217,iffalcon,0,1,18999,4.7,40.0,led,1,19.2,1,0.009400494762882256,3.0,0.0,0.0,1.0,7.0,1.0,0.0,1.0,1.0,0.0,0.0,0.0,0.0,2.0
217,218,samsung,1,0,52490,4.7,55.0,qled,1,19.2,1,0.005014288435892551,3.0,1.0,0.0,0.0,10.0,3.0,1.0,2.0,1.0,1.0,0.0,2.0,1.0,2.0
218,219,samsung,1,0,30590,4.2,43.0,led,1,19.2,1,0.006864988558352402,3.0,0.0,1.0,0.0,10.0,4.0,1.0,2.0,1.0,1.0,0.0,1.0,0.0,2.0
219,220,samsung,1,0,39852,4.6,43.0,qled,1,22.4,1,0.006233062330623306,3.0,0.0,0.0,1.0,10.0,4.0,1.0,2.0,1.0,1.0,0.0,2.0,0.0,2.0
220,221,lumio,1,0,28999,4.7,43.0,qled,1,16.0,1,0.009238249594813615,5.0,0.0,0.0,1.0,,4.0,1.0,2.0,1.0,2.0,1.0,3.0,0.0,2.0
221,222,xiaomi,1,0,55999,4.25,65.0,qled,1,32.0,1,0.005084912230575546,4.0,1.0,0.0,0.0,8.0,2.0,1.0,2.0,2.0,1.0,1.0,4.0,1.0,1.0
222,223,tcl,0,0,14990,4.0,32.0,qled,1,16.0,1,0.010406937958639093,4.0,1.0,0.0,0.0,8.0,0.0,0.0,0.0,0.0,0.0,1.0,0.0,0.0,2.0
223,224,thomson,0,0,6799,4.3,24.0,led,1,16.0,1,0.019605824385939104,4.0,0.0,0.0,1.0,7.0,0.0,0.0,0.0,1.0,1.0,1.0,0.0,0.0,2.0
224,225,lg,0,0,15990,4.1,32.0,led,1,16.0,1,0.008974358974358974,3.0,0.0,1.0,0.0,10.0,0.0,0.0,0.0,1.0,0.0,0.0,0.0,0.0,2.0
225,226,thomson,1,0,18999,4.1,43.0,qled,1,22.4,1,0.00992683825464498,4.0,0.0,0.0,1.0,7.0,4.0,1.0,2.0,3.0,1.0,1.0,1.0,0.0,1.0
226,227,foxsky,1,0,27999,4.45,55.0,qled,1,16.0,1,0.009853923354405516,4.0,1.0,0.0,0.0,4.0,3.0,1.0,2.0,2.0,1.0,1.0,3.0,1.0,2.0
227,228,vu,1,0,49990,4.15,55.0,qled,1,16.0,1,0.005728145629125826,4.0,1.0,0.0,0.0,7.0,3.0,1.0,2.0,1.0,2.0,1.0,4.0,1.0,2.0
228,229,foxsky,0,0,8999,4.1,32.0,qled,1,16.0,1,0.017768640960106677,4.0,0.0,0.0,1.0,4.0,0.0,0.0,0.0,2.0,2.0,1.0,0.0,0.0,2.0
229,230,infinix,1,0,19999,4.25,43.0,qled,1,16.0,1,0.010413020651032551,4.0,0.0,0.0,1.0,6.0,4.0,1.0,2.0,3.0,1.0,1.0,1.0,0.0,1.0
230,231,acer,1,0,26999,4.75,43.0,qled,1,16.0,1,0.010028149190710767,4.0,1.0,0.0,0.0,7.0,4.0,1.0,2.0,3.0,1.0,1.0,3.0,0.0,1.0
231,232,realme,1,0,35999,4.15,65.0,led,1,16.0,1,0.005764049001361149,4.0,0.0,0.0,1.0,7.0,2.0,1.0,2.0,3.0,1.0,1.0,1.0,1.0,1.0
232,233,realme,1,0,28999,4.25,50.0,qled,1,16.0,1,0.00791406600227594,4.0,0.0,0.0,1.0,7.0,4.0,1.0,2.0,2.0,1.0,1.0,2.0,1.0,2.0
233,234,realme,1,0,18299,4.15,43.0,led,1,16.0,1,0.010205475709055141,4.0,0.0,0.0,1.0,7.0,4.0,1.0,2.0,2.0,1.0,1.0,1.0,0.0,2.0
234,235,sony,1,0,77990,4.6,55.0,led,1,16.0,1,0.003715861007821515,4.0,1.0,0.0,0.0,10.0,3.0,1.0,2.0,1.0,1.0,1.0,3.0,1.0,2.0
235,236,haier,1,0,50400,4.55,65.0,qled,1,32.0,1,0.005958333333333334,4.0,0.0,0.0,1.0,7.0,2.0,1.0,2.0,1.0,1.0,1.0,3.0,1.0,2.0
236,237,sony,1,0,149990,4.6,55.0,miniled,1,32.0,1,0.0024534968997933196,4.0,0.0,0.0,1.0,10.0,3.0,1.0,2.0,3.0,2.0,1.0,4.0,1.0,1.0
237,238,haier,1,0,33990,4.35,43.0,qled,1,32.0,1,0.007806707855251544,4.0,0.0,0.0,1.0,7.0,4.0,1.0,2.0,1.0,1.0,1.0,3.0,0.0,2.0
238,239,motorola,1,0,28999,4.55,50.0,miniled,1,16.0,1,0.008629607917514397,4.0,0.0,0.0,1.0,7.0,4.0,1.0,2.0,1.0,1.0,1.0,2.0,1.0,2.0
239,240,samsung,1,0,25999,4.3,43.0,led,1,22.4,1,0.008104157852225085,3.0,0.0,0.0,1.0,10.0,4.0,1.0,2.0,1.0,1.0,0.0,1.0,0.0,2.0
240,241,lg,1,0,94990,4.1,55.0,oled,1,25.6,1,0.0031076955468996737,5.0,0.0,0.0,1.0,10.0,3.0,1.0,2.0,3.0,1.0,1.0,4.0,1.0,1.0
241,242,hisense,1,0,21199,4.7,43.0,qled,1,16.0,1,0.012193971413745931,4.0,0.0,0.0,1.0,8.0,4.0,1.0,2.0,1.0,0.0,1.0,2.0,0.0,2.0
242,243,panasonic,1,0,26299,4.55,43.0,led,1,16.0,1,0.008823529411764706,4.0,0.0,1.0,0.0,8.0,4.0,1.0,2.0,1.0,1.0,1.0,2.0,0.0,2.0
243,244,foxsky,0,1,8299,4.4,32.0,led,1,19.2,1,0.01643571514640318,4.0,0.0,0.0,1.0,4.0,1.0,0.0,1.0,2.0,1.0,1.0,0.0,0.0,2.0
244,245,marq,0,1,8999,4.6,32.0,led,1,19.2,1,0.015846205133903765,4.0,0.0,0.0,1.0,5.0,1.0,0.0,1.0,1.0,0.0,1.0,0.0,0.0,2.0
245,246,lg,1,0,25999,4.55,43.0,led,1,28.8,1,0.008575329820377706,4.0,0.0,0.0,1.0,10.0,4.0,1.0,2.0,1.0,1.0,1.0,1.0,0.0,2.0
246,247,xiaomi,1,0,29999,4.4,50.0,led,1,16.0,1,0.007920264008800294,4.0,0.0,1.0,0.0,8.0,4.0,1.0,2.0,3.0,1.0,1.0,2.0,1.0,1.0
247,248,xiaomi,1,0,24999,4.15,43.0,led,1,16.0,1,0.008798351934077363,4.0,0.0,1.0,0.0,8.0,4.0,1.0,2.0,2.0,1.0,1.0,2.0,0.0,2.0
248,249,blaupunkt,1,0,17999,4.15,49.0,led,1,22.4,1,0.00968387132618479,4.0,0.0,0.0,1.0,6.0,4.0,1.0,2.0,3.0,0.0,1.0,1.0,0.0,1.0
249,250,samsung,1,0,93990,4.45,55.0,qled,1,32.0,1,0.003361527822108735,4.0,0.0,1.0,0.0,10.0,3.0,1.0,2.0,1.0,2.0,1.0,4.0,1.0,2.0
250,251,ifflacon,1,0,44999,4.45,65.0,led,1,19.2,1,0.005142336496366586,3.0,0.0,0.0,1.0,,2.0,1.0,2.0,1.0,1.0,0.0,2.0,1.0,2.0
251,252,akai,0,1,21490,4.05,43.0,led,0,19.2,1,0.007161470451372731,2.0,0.0,0.0,1.0,3.0,1.0,0.0,1.0,1.0,2.0,0.0,0.0,0.0,2.0
252,253,ifflacon,1,0,26999,4.25,43.0,led,1,22.4,1,0.00755583540131116,3.0,0.0,0.0,1.0,,4.0,1.0,2.0,1.0,1.0,0.0,1.0,0.0,2.0
253,254,kodak,0,1,17999,4.05,43.0,qled,1,19.2,1,0.009450525029168287,4.0,0.0,0.0,1.0,6.0,1.0,0.0,1.0,3.0,0.0,1.0,1.0,0.0,1.0
254,255,kodak,0,0,11999,4.35,32.0,qled,1,16.0,1,0.01377614801233436,4.0,0.0,0.0,1.0,6.0,0.0,0.0,0.0,3.0,0.0,1.0,0.0,0.0,1.0
255,256,lg,1,0,139999,4.1,75.0,miniled,1,44.8,1,0.0022843020307287904,3.0,0.0,0.0,1.0,10.0,1.0,1.0,2.0,1.0,2.0,0.0,4.0,1.0,2.0
256,257,lg,1,0,303390,4.0,86.0,miniled,1,51.2,1,0.0010679323642835954,4.0,0.0,1.0,0.0,10.0,1.0,1.0,2.0,1.0,2.0,1.0,4.0,0.0,2.0
257,258,sony,1,0,295690,4.25,85.0,led,1,38.4,1,0.001106733403226352,4.0,0.0,1.0,0.0,10.0,1.0,1.0,2.0,1.0,2.0,1.0,4.0,0.0,2.0
258,259,tcl,1,0,84990,4.5,75.0,qled,1,16.0,1,0.0035474761736674905,4.0,0.0,1.0,0.0,8.0,1.0,1.0,2.0,2.0,1.0,1.0,4.0,1.0,2.0
259,260,tcl,1,0,31990,4.15,43.0,led,1,22.4,1,0.006226945920600188,3.6,1.0,0.0,0.0,8.0,4.0,1.0,2.0,1.0,2.0,0.0,1.0,0.0,2.0
260,261,samsung,1,0,316990,4.25,75.0,micro,1,44.8,1,0.001099403766680337,4.0,0.0,1.0,0.0,10.0,1.0,1.0,2.0,2.0,2.0,1.0,4.0,1.0,2.0
261,262,tcl,1,0,39990,4.65,55.0,led,1,22.4,1,0.005930232558139535,3.6,1.0,0.0,0.0,8.0,3.0,1.0,2.0,1.0,1.0,0.0,2.0,1.0,2.0
262,263,tcl,1,0,58990,4.55,65.0,qled,1,16.0,1,0.004782166468893032,3.0,1.0,0.0,0.0,8.0,2.0,1.0,2.0,1.0,1.0,0.0,3.0,1.0,2.0
263,264,lg,1,0,181490,4.0,55.0,oled,1,44.8,1,0.0017852223262989696,5.0,0.0,1.0,0.0,10.0,3.0,1.0,2.0,3.0,2.0,1.0,4.0,1.0,1.0
264,265,lg,1,0,409990,4.75,77.0,oled,1,51.2,1,0.0009384375228664114,4.0,0.0,1.0,0.0,10.0,1.0,1.0,2.0,1.0,2.0,1.0,4.0,1.0,2.0
265,266,samsung,1,0,122490,4.75,48.0,oled,1,57.6,1,0.003063515389011348,4.0,0.0,1.0,0.0,10.0,4.0,1.0,2.0,1.0,2.0,1.0,4.0,0.0,2.0
266,267,samsung,1,0,100990,4.45,55.0,qled,1,25.6,1,0.0031725913456777904,4.0,0.0,1.0,0.0,10.0,3.0,1.0,2.0,2.0,1.0,1.0,4.0,1.0,2.0
267,268,samsung,1,0,54790,4.4,55.0,led,1,25.6,1,0.004657784267202044,3.0,0.0,1.0,0.0,10.0,3.0,1.0,2.0,2.0,1.0,0.0,3.0,1.0,2.0
268,269,samsung,1,0,60990,4.5,50.0,qled,1,22.4,1,0.004131824889326119,4.0,0.0,1.0,0.0,10.0,4.0,1.0,2.0,1.0,1.0,1.0,2.0,1.0,2.0
269,270,samsung,1,0,208990,4.25,85.0,led,1,38.4,1,0.001443848987989856,3.0,0.0,1.0,0.0,10.0,1.0,1.0,2.0,1.0,2.0,0.0,4.0,0.0,2.0
270,271,samsung,1,0,44990,4.4,55.0,led,1,25.6,1,0.005574572127139365,3.0,0.0,0.0,1.0,10.0,3.0,1.0,2.0,2.0,1.0,0.0,3.0,1.0,2.0
271,272,lg,1,0,201690,4.4,85.0,led,1,35.2,1,0.0015270960384748873,3.0,0.0,1.0,0.0,10.0,1.0,1.0,2.0,1.0,2.0,0.0,4.0,0.0,2.0
272,273,tcl,1,0,89999,4.6,75.0,qled,1,32.0,1,0.0037311525683618703,3.0,0.0,0.0,1.0,8.0,1.0,1.0,2.0,2.0,2.0,0.0,4.0,1.0,1.0
273,274,samsung,1,0,144999,4.3,65.0,oled,1,38.4,1,0.0022834640238898196,4.0,0.0,0.0,1.0,10.0,2.0,1.0,2.0,1.0,2.0,1.0,4.0,1.0,2.0
274,275,vw,1,0,39999,4.45,65.0,qled,1,32.0,1,0.00634140853521338,4.0,1.0,0.0,0.0,,2.0,1.0,2.0,3.0,1.0,1.0,3.0,1.0,1.0
275,276,hisense,0,1,21999,4.6,43.0,qled,1,19.2,1,0.009409518614482476,4.0,0.0,0.0,1.0,8.0,1.0,0.0,1.0,1.0,2.0,1.0,1.0,0.0,2.0
276,277,motorola,1,0,55999,4.55,65.0,miniled,1,64.0,1,0.005525098662476116,5.0,0.0,0.0,1.0,7.0,2.0,1.0,2.0,1.0,1.0,1.0,4.0,1.0,2.0
277,278,croma,0,0,11990,4.5,32.0,led,1,16.0,1,0.014261884904086738,4.0,0.0,1.0,0.0,6.0,0.0,0.0,0.0,1.0,0.0,1.0,0.0,0.0,2.0
278,279,samsung,1,0,144490,4.45,55.0,oled,1,57.6,1,0.002463838327911966,4.0,0.0,1.0,0.0,10.0,3.0,1.0,2.0,1.0,2.0,1.0,4.0,1.0,2.0
279,280,samsung,1,0,103790,4.4,65.0,miniled,1,32.0,1,0.003094710473070624,3.0,0.0,1.0,0.0,10.0,2.0,1.0,2.0,1.0,1.0,0.0,4.0,1.0,2.0
280,281,samsung,1,0,153790,4.65,75.0,miniled,1,28.8,1,0.002237466675336498,3.0,0.0,1.0,0.0,10.0,1.0,1.0,2.0,1.0,1.0,0.0,4.0,1.0,2.0
281,282,samsung,1,0,102990,4.35,75.0,miniled,1,35.2,1,0.002956597727934751,3.0,0.0,0.0,1.0,10.0,1.0,1.0,2.0,1.0,2.0,0.0,4.0,1.0,2.0
282,283,lg,1,0,39999,4.75,50.0,led,1,19.2,1,0.006175154378859471,3.0,1.0,0.0,0.0,10.0,4.0,1.0,2.0,1.0,1.0,0.0,2.0,1.0,2.0
283,284,samsung,1,0,70990,4.25,55.0,qled,1,16.0,1,0.0037716579799971827,4.0,1.0,0.0,0.0,10.0,3.0,1.0,2.0,1.0,1.0,1.0,3.0,1.0,2.0
284,285,lg,1,0,194990,4.0,65.0,oled,1,44.8,1,0.0016000820554900252,4.0,0.0,1.0,0.0,10.0,2.0,1.0,2.0,1.0,2.0,1.0,4.0,1.0,2.0
285,286,samsung,1,0,50490,4.15,50.0,miniled,1,25.6,1,0.004849475143592791,3.0,0.0,1.0,0.0,10.0,4.0,1.0,2.0,1.0,1.0,0.0,3.0,1.0,2.0
286,287,samsung,1,0,88990,4.0,65.0,miniled,1,22.4,1,0.0029666254635352285,3.0,1.0,0.0,0.0,10.0,2.0,1.0,2.0,1.0,2.0,0.0,3.0,1.0,2.0
287,288,samsung,1,0,233390,4.2,85.0,miniled,1,32.0,1,0.0013136809631946527,3.0,0.0,1.0,0.0,10.0,1.0,1.0,2.0,1.0,1.0,0.0,4.0,0.0,2.0
288,289,lg,1,0,102290,4.5,65.0,miniled,1,32.0,1,0.0032114576204907617,3.0,0.0,1.0,0.0,10.0,2.0,1.0,2.0,1.0,1.0,0.0,4.0,1.0,2.0
289,290,samsung,1,0,120990,4.75,75.0,miniled,1,35.2,1,0.002748161005041739,3.0,1.0,0.0,0.0,10.0,1.0,1.0,2.0,1.0,2.0,0.0,4.0,1.0,2.0
290,291,samsung,1,0,434990,4.65,77.0,oled,1,41.6,1,0.0009300213798018346,5.0,0.0,1.0,0.0,10.0,1.0,1.0,2.0,3.0,2.0,1.0,4.0,1.0,0.0
291,292,reliance,0,0,10490,4.0,32.0,led,1,16.0,1,0.011439466158245948,4.0,0.0,0.0,1.0,5.0,0.0,0.0,0.0,1.0,0.0,1.0,0.0,0.0,2.0
292,293,samsung,1,0,86990,4.75,55.0,qled,1,19.2,1,0.003221634670651799,4.0,0.0,1.0,0.0,10.0,3.0,1.0,2.0,1.0,1.0,1.0,3.0,1.0,2.0
293,294,samsung,1,0,189990,4.1,75.0,qled,1,35.2,1,0.0016832464866571922,4.0,0.0,1.0,0.0,10.0,1.0,1.0,2.0,2.0,2.0,1.0,4.0,1.0,2.0
294,295,samsung,1,0,133490,4.75,65.0,qled,1,28.8,1,0.0027043224211551428,4.0,0.0,1.0,0.0,10.0,2.0,1.0,2.0,2.0,2.0,1.0,4.0,1.0,2.0
295,296,lg,0,0,17499,4.75,32.0,led,1,16.0,1,0.009500542888165039,3.0,1.0,0.0,0.0,10.0,0.0,0.0,0.0,0.0,2.0,0.0,0.0,0.0,2.0
296,297,samsung,1,0,192990,4.7,65.0,oled,1,51.2,1,0.0019969946629359034,4.0,0.0,0.0,1.0,10.0,2.0,1.0,2.0,1.0,2.0,1.0,4.0,1.0,2.0
297,298,hisense,1,0,31990,4.5,50.0,led,1,22.4,1,0.007314785870584557,4.0,1.0,0.0,0.0,8.0,4.0,1.0,2.0,2.0,1.0,1.0,2.0,1.0,2.0
298,299,hisense,1,0,26990,4.4,43.0,led,1,22.4,1,0.008314190440904038,4.0,1.0,0.0,0.0,8.0,4.0,1.0,2.0,2.0,0.0,1.0,2.0,0.0,2.0
299,300,toshiba,0,0,15990,4.15,32.0,qled,1,16.0,1,0.010900562851782364,4.0,1.0,0.0,0.0,8.0,0.0,0.0,0.0,1.0,1.0,1.0,1.0,0.0,2.0
300,301,realme,1,0,22499,4.2,43.0,led,1,32.0,1,0.008587048313258367,4.0,0.0,0.0,1.0,7.0,4.0,1.0,2.0,2.0,1.0,1.0,1.0,0.0,2.0
301,302,haier,1,0,45990,4.6,55.0,led,1,19.2,1,0.0045009784735812125,4.0,0.0,0.0,1.0,7.0,3.0,1.0,2.0,1.0,1.0,1.0,1.0,1.0,2.0
302,303,realme,0,0,11199,4.3,32.0,qled,1,16.0,1,0.01612643986070185,4.0,0.0,0.0,1.0,7.0,0.0,0.0,0.0,1.0,0.0,1.0,1.0,0.0,2.0
303,304,xiaomi,1,0,99999,4.3,75.0,miniled,1,32.0,1,0.003053030530305303,3.0,0.0,0.0,1.0,8.0,1.0,1.0,2.0,2.0,1.0,0.0,4.0,1.0,1.0
304,305,realme,1,0,23499,4.15,43.0,qled,1,16.0,1,0.009536576024511682,4.0,0.0,0.0,1.0,7.0,4.0,1.0,2.0,3.0,1.0,1.0,2.0,0.0,1.0
305,306,philips,1,0,89999,4.2,75.0,miniled,1,32.0,1,0.0034067045189390996,4.0,1.0,0.0,0.0,8.0,1.0,1.0,2.0,3.0,1.0,1.0,4.0,1.0,1.0
306,307,foxsky,1,0,64999,4.65,75.0,miniled,0,19.2,1,0.003934675918091048,3.0,0.0,0.0,1.0,4.0,1.0,1.0,2.0,3.0,0.0,1.0,2.0,1.0,1.0
307,308,onida,1,0,30999,4.3,55.0,led,1,19.2,1,0.005964708538985129,4.0,1.0,0.0,0.0,6.0,3.0,1.0,2.0,1.0,1.0,1.0,1.0,1.0,2.0
308,309,onida,1,0,24499,4.25,43.0,qled,1,19.2,1,0.007459488142373158,4.0,1.0,0.0,0.0,6.0,4.0,1.0,2.0,1.0,1.0,1.0,1.0,0.0,2.0
309,310,bush,0,0,8499,4.0,32.0,qled,1,16.0,1,0.015531238969290505,4.0,0.0,0.0,1.0,3.0,0.0,0.0,0.0,1.0,1.0,1.0,0.0,0.0,2.0
310,311,bush,0,0,8299,4.2,32.0,led,1,16.0,1,0.01568863718520304,4.0,0.0,0.0,1.0,3.0,0.0,0.0,0.0,1.0,1.0,1.0,0.0,0.0,2.0
311,312,bush,1,0,19999,4.65,43.0,led,1,22.4,1,0.009300465023251162,4.0,0.0,0.0,1.0,3.0,4.0,1.0,2.0,1.0,2.0,1.0,1.0,0.0,2.0
312,313,vw,1,0,55199,4.15,75.0,qled,1,16.0,1,0.0042854037210819035,4.0,0.0,0.0,1.0,,1.0,1.0,2.0,3.0,1.0,1.0,3.0,1.0,1.0
313,314,lg,1,0,31990,4.15,43.0,led,1,19.2,1,0.00596748984057518,4.0,0.0,0.0,1.0,10.0,4.0,1.0,2.0,1.0,1.0,1.0,1.0,0.0,2.0
314,315,lg,1,0,189999,4.35,75.0,miniled,1,28.8,1,0.0016942194432602276,4.0,0.0,0.0,1.0,10.0,1.0,1.0,2.0,1.0,1.0,1.0,4.0,1.0,2.0
315,316,uniboom,0,0,6990,4.7,24.0,led,1,16.0,1,0.02017167381974249,3.0,1.0,0.0,0.0,4.0,0.0,0.0,0.0,2.0,0.0,0.0,0.0,0.0,2.0
316,317,rgl,0,1,17987,4.25,40.0,led,1,19.2,1,0.008506143325735254,4.0,0.0,0.0,1.0,2.0,1.0,0.0,1.0,2.0,1.0,1.0,0.0,0.0,2.0
317,318,onida,1,0,45999,4.45,65.0,led,1,19.2,1,0.005320767842779191,3.0,0.0,0.0,1.0,6.0,2.0,1.0,2.0,1.0,1.0,0.0,2.0,1.0,2.0
318,319,onida,1,0,29499,4.35,50.0,led,1,19.2,1,0.0073731312925861886,3.0,0.0,0.0,1.0,6.0,4.0,1.0,2.0,1.0,1.0,0.0,1.0,1.0,2.0
319,320,onida,1,0,32499,4.55,55.0,led,1,19.2,1,0.00728022400689252,3.0,0.0,0.0,1.0,6.0,3.0,1.0,2.0,1.0,1.0,0.0,2.0,1.0,2.0
320,321,croma,0,0,9990,4.15,32.0,led,1,16.0,1,0.01287787787787788,4.0,0.0,1.0,0.0,6.0,0.0,0.0,0.0,1.0,0.0,1.0,0.0,0.0,2.0
321,322,onida,1,0,36499,4.25,55.0,qled,1,19.2,1,0.006753609687936655,4.0,1.0,0.0,0.0,6.0,3.0,1.0,2.0,1.0,1.0,1.0,3.0,1.0,2.0
322,323,wobble,1,0,32999,4.45,55.0,led,1,16.0,1,0.007012333707082033,4.0,0.0,0.0,1.0,4.0,3.0,1.0,2.0,3.0,1.0,1.0,2.0,1.0,1.0
323,324,foxsky,1,0,25999,4.55,50.0,miniled,0,22.4,1,0.008225316358321473,3.0,0.0,0.0,1.0,4.0,4.0,1.0,2.0,3.0,0.0,1.0,1.0,1.0,1.0
324,325,foxsky,1,0,30999,4.3,55.0,miniled,0,22.4,1,0.006658279299332236,3.0,0.0,0.0,1.0,4.0,3.0,1.0,2.0,3.0,0.0,1.0,1.0,1.0,1.0
325,326,foxsky,1,0,43999,4.55,65.0,miniled,0,22.4,1,0.005273983499624991,3.0,0.0,0.0,1.0,4.0,2.0,1.0,2.0,3.0,0.0,1.0,2.0,1.0,1.0
326,327,realme,1,0,28999,4.0,50.0,led,1,32.0,1,0.006482982171799027,4.0,0.0,0.0,1.0,7.0,4.0,1.0,2.0,2.0,1.0,1.0,1.0,1.0,2.0
327,328,motorola,1,0,24599,4.3,43.0,qled,1,32.0,1,0.0082157811293142,4.0,0.0,0.0,1.0,7.0,4.0,1.0,2.0,2.0,1.0,1.0,1.0,0.0,2.0
328,329,elista,1,0,27021,4.05,50.0,led,1,16.0,1,0.006744754080159876,4.0,0.0,0.0,1.0,3.0,4.0,1.0,2.0,1.0,1.0,1.0,1.0,1.0,2.0
329,330,haier,0,0,15990,4.3,32.0,led,1,16.0,1,0.008874296435272046,4.0,1.0,0.0,0.0,7.0,0.0,0.0,0.0,0.0,0.0,1.0,0.0,0.0,2.0
330,331,haier,1,0,36490,4.6,50.0,led,1,32.0,1,0.006303096738832556,4.0,1.0,0.0,0.0,7.0,4.0,1.0,2.0,1.0,1.0,1.0,1.0,1.0,2.0
331,332,haier,1,0,29490,4.6,43.0,led,1,32.0,1,0.007487283825025432,4.0,1.0,0.0,0.0,7.0,4.0,1.0,2.0,1.0,1.0,1.0,1.0,0.0,2.0
332,333,coocaa,1,0,45999,4.2,65.0,miniled,1,32.0,1,0.0058436052957672995,4.0,1.0,0.0,0.0,5.0,2.0,1.0,2.0,3.0,1.0,1.0,3.0,1.0,1.0
333,334,panasonic,1,0,48990,4.45,55.0,led,1,16.0,1,0.005540926719738722,4.0,0.0,0.0,1.0,8.0,3.0,1.0,2.0,1.0,1.0,1.0,3.0,1.0,2.0
334,335,hisense,1,0,39190,4.35,55.0,qled,1,16.0,1,0.006659862209747384,4.0,0.0,0.0,1.0,8.0,3.0,1.0,2.0,2.0,1.0,1.0,3.0,1.0,2.0
335,336,hisense,1,0,53890,4.15,65.0,qled,1,16.0,1,0.004851549452588607,4.0,0.0,0.0,1.0,8.0,2.0,1.0,2.0,2.0,1.0,1.0,3.0,1.0,2.0
336,337,vzy,1,0,27500,4.55,43.0,qled,1,16.0,1,0.008934545454545454,4.0,1.0,0.0,0.0,2.0,4.0,1.0,2.0,1.0,1.0,1.0,2.0,0.0,2.0
337,338,kodak,1,0,57999,4.75,65.0,miniled,1,19.2,1,0.00548716357178572,4.0,1.0,0.0,0.0,6.0,2.0,1.0,2.0,0.0,1.0,1.0,4.0,1.0,2.0
338,339,haier,1,0,129990,4.25,75.0,miniled,1,64.0,1,0.0026809754596507423,4.0,1.0,0.0,0.0,7.0,1.0,1.0,2.0,3.0,2.0,1.0,4.0,1.0,1.0
339,340,vzy,0,0,15990,4.2,32.0,led,1,16.0,1,0.009455909943714823,4.0,1.0,0.0,0.0,2.0,0.0,0.0,0.0,1.0,0.0,1.0,0.0,0.0,2.0
340,341,panasonic,1,0,66980,4.65,65.0,led,1,16.0,1,0.0041654225141833385,4.0,0.0,0.0,1.0,8.0,2.0,1.0,2.0,1.0,1.0,1.0,3.0,1.0,2.0
341,342,vzy,1,0,29725,4.45,43.0,qled,0,16.0,1,0.00823380992430614,3.0,0.0,0.0,1.0,2.0,4.0,1.0,2.0,3.0,1.0,1.0,2.0,0.0,1.0
342,343,acerpure,1,0,209999,4.7,100.0,qled,1,32.0,1,0.0017904847165938886,4.0,0.0,0.0,1.0,5.0,1.0,1.0,2.0,3.0,2.0,1.0,4.0,0.0,1.0
343,344,vzy,1,0,38500,4.2,55.0,qled,0,16.0,1,0.006,3.0,1.0,0.0,0.0,2.0,3.0,1.0,2.0,3.0,1.0,1.0,2.0,1.0,1.0
344,345,onida,1,0,43999,4.45,50.0,miniled,1,25.6,1,0.00576490374781245,4.0,1.0,0.0,0.0,6.0,4.0,1.0,2.0,1.0,1.0,1.0,3.0,1.0,2.0
345,346,toshiba,1,0,32990,4.0,50.0,qled,1,16.0,1,0.0067899363443467715,4.0,1.0,0.0,0.0,8.0,4.0,1.0,2.0,1.0,1.0,1.0,2.0,1.0,2.0
346,347,toshiba,1,0,31990,4.7,43.0,qled,1,16.0,1,0.008080650203188497,4.0,1.0,0.0,0.0,8.0,4.0,1.0,2.0,1.0,0.0,1.0,2.0,0.0,2.0
347,348,acer,0,0,11999,4.5,32.0,led,1,16.0,1,0.012376031335944662,4.0,1.0,0.0,0.0,7.0,0.0,0.0,0.0,1.0,1.0,1.0,0.0,0.0,2.0
348,349,onida,1,0,29499,4.45,55.0,led,1,19.2,1,0.006939218278585716,4.0,0.0,0.0,1.0,6.0,3.0,1.0,2.0,1.0,1.0,1.0,1.0,1.0,2.0
349,350,blaupunkt,1,0,33999,4.5,55.0,qled,1,32.0,1,0.007279625871349157,4.0,0.0,0.0,1.0,6.0,3.0,1.0,2.0,3.0,1.0,1.0,2.0,1.0,0.0
350,351,thomson,1,0,44999,4.0,65.0,qled,1,32.0,1,0.005689015311451366,4.0,0.0,0.0,1.0,7.0,2.0,1.0,2.0,3.0,1.0,1.0,3.0,1.0,0.0
351,352,blaupunkt,1,0,45999,4.2,65.0,qled,1,32.0,1,0.005295767299289116,4.0,0.0,0.0,1.0,6.0,2.0,1.0,2.0,3.0,1.0,1.0,3.0,1.0,0.0
352,353,kodak,1,0,32999,4.45,55.0,qled,1,22.4,1,0.007686596563532228,4.0,0.0,0.0,1.0,6.0,3.0,1.0,2.0,3.0,1.0,1.0,3.0,1.0,0.0
353,354,thomson,1,0,64999,4.65,75.0,qled,1,32.0,1,0.004793150663856367,4.0,0.0,0.0,1.0,7.0,1.0,1.0,2.0,3.0,1.0,1.0,4.0,1.0,0.0
354,355,blaupunkt,1,0,65999,4.35,75.0,qled,1,32.0,1,0.004218245730995924,4.0,0.0,0.0,1.0,6.0,1.0,1.0,2.0,3.0,1.0,1.0,3.0,1.0,0.0
355,356,lg,1,0,48990,4.65,55.0,led,1,19.2,1,0.004935701163502756,3.0,0.0,0.0,1.0,10.0,3.0,1.0,2.0,1.0,1.0,0.0,2.0,1.0,2.0
356,357,acer,0,0,13499,4.2,32.0,qled,1,16.0,1,0.013378768797688718,4.0,1.0,0.0,0.0,7.0,0.0,0.0,0.0,2.0,0.0,1.0,1.0,0.0,2.0
357,358,acer,1,0,23999,4.75,43.0,qled,1,16.0,1,0.010885870244593525,4.0,0.0,0.0,1.0,7.0,4.0,1.0,2.0,2.0,1.0,1.0,2.0,0.0,2.0
358,359,acer,1,0,33999,4.05,55.0,qled,1,16.0,1,0.006670784434836318,4.0,1.0,0.0,0.0,7.0,3.0,1.0,2.0,3.0,1.0,1.0,2.0,1.0,1.0
359,360,philips,1,0,72999,4.4,75.0,qled,1,16.0,1,0.004038411485088837,4.0,0.0,0.0,1.0,8.0,1.0,1.0,2.0,3.0,2.0,1.0,4.0,1.0,1.0
360,361,wobble,0,1,15999,4.7,40.0,led,1,16.0,1,0.01116319769985624,4.0,0.0,0.0,1.0,4.0,1.0,0.0,1.0,2.0,2.0,1.0,0.0,0.0,2.0
361,362,wobble,0,0,11999,4.0,32.0,led,1,16.0,1,0.012001000083340279,4.0,0.0,0.0,1.0,4.0,0.0,0.0,0.0,2.0,2.0,1.0,0.0,0.0,2.0
362,363,croma,1,0,29990,4.0,55.0,led,1,16.0,1,0.006135378459486495,4.0,0.0,1.0,0.0,6.0,3.0,1.0,2.0,1.0,1.0,1.0,1.0,1.0,2.0
363,364,acer,0,1,15999,4.15,40.0,led,1,19.2,1,0.00933808363022689,4.0,0.0,0.0,1.0,7.0,1.0,0.0,1.0,1.0,1.0,1.0,0.0,0.0,2.0
364,365,acer,1,0,24999,4.65,50.0,led,1,16.0,1,0.009858394335773431,4.0,1.0,0.0,0.0,7.0,4.0,1.0,2.0,3.0,1.0,1.0,2.0,1.0,1.0
365,366,acerpure,1,0,35999,4.25,55.0,qled,1,16.0,1,0.00649323592322009,4.0,1.0,0.0,0.0,5.0,3.0,1.0,2.0,3.0,1.0,1.0,2.0,1.0,1.0
366,367,hisense,1,0,55898,4.1,65.0,qled,1,25.6,1,0.004180829367777022,4.0,0.0,0.0,1.0,8.0,2.0,1.0,2.0,3.0,1.0,1.0,3.0,1.0,1.0
367,368,hisense,1,0,38990,4.25,55.0,qled,1,19.2,1,0.005777122339061298,4.0,1.0,0.0,0.0,8.0,3.0,1.0,2.0,3.0,1.0,1.0,2.0,1.0,1.0
368,369,metz,1,0,49999,4.35,55.0,qled,1,32.0,1,0.005481109622192443,4.0,0.0,0.0,1.0,2.0,3.0,1.0,2.0,2.0,1.0,1.0,3.0,1.0,2.0
369,370,hisense,1,0,34990,4.2,50.0,qled,1,16.0,1,0.00612174907116319,4.0,1.0,0.0,0.0,8.0,4.0,1.0,2.0,3.0,1.0,1.0,2.0,1.0,1.0
370,371,realme,1,0,61499,4.75,75.0,qled,1,22.4,1,0.004325273581684255,4.0,0.0,0.0,1.0,7.0,1.0,1.0,2.0,2.0,1.0,1.0,2.0,1.0,2.0
371,372,vu,1,0,58499,4.15,75.0,qled,1,16.0,1,0.004753072702097472,4.0,0.0,0.0,1.0,7.0,1.0,1.0,2.0,1.0,1.0,1.0,4.0,1.0,2.0
372,373,blaupunkt,1,0,20999,4.6,43.0,qled,1,16.0,1,0.010733844468784226,4.0,0.0,0.0,1.0,6.0,4.0,1.0,2.0,3.0,1.0,1.0,1.0,0.0,1.0
373,374,kodal,1,0,30999,4.65,55.0,qled,1,16.0,1,0.007950256459885804,4.0,0.0,0.0,1.0,1.0,3.0,1.0,2.0,3.0,1.0,1.0,2.0,1.0,1.0
374,375,thomson,1,0,24999,4.6,50.0,qled,1,16.0,1,0.008280331213248528,4.0,0.0,0.0,1.0,7.0,4.0,1.0,2.0,3.0,1.0,1.0,1.0,1.0,1.0
375,376,bpl,1,0,24490,4.3,43.0,qled,1,22.4,1,0.007198856676194364,4.0,0.0,0.0,1.0,3.0,4.0,1.0,2.0,1.0,2.0,1.0,1.0,0.0,2.0
376,377,croma,0,0,15990,4.35,32.0,qled,1,16.0,1,0.010337711069418385,4.0,0.0,1.0,0.0,6.0,0.0,0.0,0.0,3.0,0.0,1.0,0.0,0.0,1.0
377,378,lg,1,0,243999,4.6,86.0,qned,1,22.4,1,0.0012631199308193886,3.0,0.0,0.0,1.0,10.0,1.0,1.0,2.0,1.0,1.0,0.0,4.0,0.0,2.0
378,379,sony,1,0,66490,4.2,50.0,led,1,16.0,1,0.003474206647616183,4.0,1.0,0.0,0.0,10.0,4.0,1.0,2.0,1.0,1.0,1.0,2.0,1.0,2.0
379,380,sansui,0,0,13490,4.25,32.0,led,1,16.0,1,0.01134173461823573,4.0,0.0,0.0,1.0,5.0,0.0,0.0,0.0,1.0,2.0,1.0,0.0,0.0,2.0
380,381,coocaa,1,0,24999,4.15,55.0,led,1,32.0,1,0.0078023120924837,4.0,0.0,0.0,1.0,5.0,3.0,1.0,2.0,1.0,1.0,1.0,1.0,1.0,2.0
381,382,sansui,1,0,40490,4.65,55.0,qled,1,32.0,1,0.007235119782662387,4.0,0.0,0.0,1.0,5.0,3.0,1.0,2.0,2.0,1.0,1.0,3.0,1.0,2.0
382,383,sansui,1,0,32490,4.45,43.0,qled,1,32.0,1,0.007533087103724223,4.0,1.0,0.0,0.0,5.0,4.0,1.0,2.0,2.0,1.0,1.0,2.0,0.0,2.0
383,384,tcl,0,1,14790,4.45,32.0,qled,1,16.0,1,0.011132521974306964,4.0,0.0,0.0,1.0,8.0,0.0,0.0,0.0,1.0,0.0,1.0,0.0,0.0,2.0
384,385,tcl,1,0,79999,4.7,65.0,qled,1,64.0,1,0.004288803610045126,4.0,0.0,0.0,1.0,8.0,2.0,1.0,2.0,1.0,2.0,1.0,4.0,1.0,2.0
385,386,tcl,1,0,229999,4.55,85.0,miniled,1,64.0,1,0.0015826155765894633,3.0,0.0,0.0,1.0,8.0,1.0,1.0,2.0,1.0,2.0,0.0,4.0,0.0,2.0
386,387,tcl,1,0,179999,4.0,75.0,miniled,1,64.0,1,0.001800010000055556,4.0,0.0,0.0,1.0,8.0,1.0,1.0,2.0,2.0,2.0,1.0,4.0,1.0,1.0
387,388,croma,1,0,21990,4.3,43.0,qled,1,32.0,1,0.00958162801273306,4.0,0.0,1.0,0.0,6.0,4.0,1.0,2.0,1.0,1.0,1.0,1.0,0.0,2.0
388,389,kodak,1,0,41999,4.0,65.0,qled,1,16.0,1,0.005333460320483821,4.0,0.0,0.0,1.0,6.0,2.0,1.0,2.0,3.0,1.0,1.0,2.0,1.0,1.0
389,390,panasonic,0,0,16979,4.05,32.0,led,1,16.0,1,0.008110018257847929,4.0,0.0,0.0,1.0,8.0,0.0,0.0,0.0,1.0,2.0,1.0,0.0,0.0,2.0
390,391,tcl,1,0,269999,4.75,85.0,miniled,1,64.0,1,0.0014777832510490779,4.0,0.0,0.0,1.0,8.0,1.0,1.0,2.0,3.0,2.0,1.0,4.0,0.0,1.0
391,392,motorola,1,0,30499,4.4,50.0,qled,1,32.0,1,0.007790419358011739,4.0,0.0,0.0,1.0,7.0,4.0,1.0,2.0,3.0,1.0,1.0,2.0,1.0,1.0
392,393,sansui,1,0,36990,4.6,50.0,qled,1,22.4,1,0.006715328467153284,4.0,1.0,0.0,0.0,5.0,4.0,1.0,2.0,2.0,1.0,1.0,2.0,1.0,2.0
393,394,croma,0,0,10994,4.0,32.0,qled,1,16.0,1,0.014553392759687101,4.0,0.0,1.0,0.0,6.0,0.0,0.0,0.0,1.0,0.0,1.0,1.0,0.0,2.0
394,395,blaupunkt,0,1,13999,4.05,40.0,led,1,19.2,1,0.009547110507893421,4.0,0.0,0.0,1.0,6.0,1.0,0.0,1.0,3.0,0.0,1.0,0.0,0.0,1.0
395,396,croma,1,0,19990,4.25,43.0,led,1,32.0,1,0.00956728364182091,4.0,0.0,1.0,0.0,6.0,4.0,1.0,2.0,1.0,1.0,1.0,1.0,0.0,2.0
396,397,infinix,0,0,10999,4.75,32.0,qled,1,16.0,1,0.015115010455495953,4.0,0.0,0.0,1.0,6.0,0.0,0.0,0.0,1.0,2.0,1.0,0.0,0.0,2.0
397,398,coocaa,0,0,8599,4.6,31.5,led,1,16.0,1,0.015513431794394695,4.0,0.0,0.0,1.0,5.0,0.0,0.0,0.0,1.0,0.0,1.0,0.0,0.0,2.0
398,399,reliance,0,1,11205,4.25,32.0,led,1,19.2,1,0.013275323516287373,5.0,0.0,0.0,1.0,5.0,1.0,0.0,1.0,1.0,1.0,1.0,0.0,0.0,2.0
399,400,innoq,0,0,5989,4.4,24.0,led,1,16.0,1,0.022040407413591586,4.0,0.0,0.0,1.0,3.0,0.0,0.0,0.0,2.0,0.0,1.0,0.0,0.0,2.0
400,401,uniboom,0,0,5490,4.1,24.0,led,0,16.0,1,0.014189435336976319,3.0,1.0,0.0,0.0,4.0,0.0,0.0,0.0,2.0,0.0,1.0,0.0,0.0,2.0
401,402,uniboom,0,1,11790,4.2,40.0,led,0,19.2,1,0.011043256997455472,3.0,1.0,0.0,0.0,4.0,1.0,0.0,1.0,2.0,1.0,1.0,0.0,0.0,2.0
402,403,blaupunkt,1,0,94999,4.35,75.0,led,1,16.0,1,0.0032052968978620827,4.0,0.0,0.0,1.0,6.0,1.0,1.0,2.0,0.0,1.0,1.0,4.0,1.0,2.0
403,404,realme,1,0,42499,4.6,65.0,led,1,28.8,1,0.0053036542036283205,4.0,0.0,0.0,1.0,7.0,2.0,1.0,2.0,2.0,1.0,1.0,1.0,1.0,2.0
404,405,uniboom,0,0,8995,4.6,32.0,led,1,16.0,0,0.0158532518065592,2.8,1.0,0.0,0.0,4.0,0.0,0.0,0.0,2.0,0.0,0.0,0.0,0.0,2.0
405,406,croma,0,0,10494,4.4,32.0,led,1,16.0,1,0.01509433962264151,4.0,0.0,1.0,0.0,6.0,0.0,0.0,0.0,1.0,0.0,1.0,0.0,0.0,2.0
406,407,toshiba,1,0,55990,4.0,65.0,qled,1,28.8,1,0.0042864797285229505,4.0,1.0,0.0,0.0,8.0,2.0,1.0,2.0,1.0,1.0,1.0,3.0,1.0,2.0
407,408,vu,1,0,47999,4.4,65.0,qled,1,16.0,1,0.00605012604429259,4.0,1.0,0.0,0.0,7.0,2.0,1.0,2.0,1.0,1.0,1.0,3.0,1.0,2.0
408,409,croma,1,0,31990,4.3,50.0,qled,1,32.0,1,0.007124101281650515,4.0,0.0,1.0,0.0,6.0,4.0,1.0,2.0,1.0,1.0,1.0,2.0,1.0,2.0
409,410,vu,1,0,23990,4.15,43.0,qled,1,16.0,1,0.010206335973322218,4.0,1.0,0.0,0.0,7.0,4.0,1.0,2.0,1.0,1.0,1.0,3.0,0.0,2.0
410,411,haier,1,0,26500,4.15,43.0,led,1,32.0,1,0.00689056603773585,4.0,0.0,0.0,1.0,7.0,4.0,1.0,2.0,1.0,1.0,1.0,1.0,0.0,2.0
411,412,realme,0,0,10999,4.05,32.0,qled,1,16.0,1,0.013255750522774796,4.0,0.0,0.0,1.0,7.0,0.0,0.0,0.0,1.0,0.0,1.0,0.0,0.0,2.0
412,413,sony,1,0,546690,4.0,98.0,miniled,1,51.2,1,0.0005999743913369551,4.0,0.0,1.0,0.0,10.0,1.0,1.0,2.0,1.0,2.0,1.0,4.0,0.0,2.0
413,414,kenstar,1,0,25299,4.3,55.0,led,1,25.6,1,0.007648523657061544,4.0,0.0,0.0,1.0,,3.0,1.0,2.0,1.0,2.0,1.0,1.0,1.0,2.0
414,415,kenstar,1,0,21799,4.0,50.0,led,1,19.2,1,0.007890270195880546,4.0,0.0,0.0,1.0,,4.0,1.0,2.0,1.0,2.0,1.0,1.0,1.0,2.0
415,416,haier,1,0,65990,4.7,65.0,qled,1,32.0,1,0.0045582664040006065,4.0,0.0,1.0,0.0,7.0,2.0,1.0,2.0,2.0,1.0,1.0,3.0,1.0,2.0
416,417,motorola,0,0,11699,4.35,32.0,qled,1,16.0,1,0.014129412770322248,4.0,0.0,0.0,1.0,7.0,0.0,0.0,0.0,3.0,0.0,1.0,0.0,0.0,1.0
417,418,iffalcon,1,0,69999,4.7,75.0,led,1,32.0,1,0.004095772796754239,3.0,0.0,0.0,1.0,7.0,1.0,1.0,2.0,2.0,2.0,0.0,3.0,1.0,2.0
418,419,thomson,1,0,94999,4.25,75.0,miniled,1,16.0,1,0.003131611911704334,4.0,0.0,0.0,1.0,7.0,1.0,1.0,2.0,0.0,1.0,1.0,4.0,1.0,2.0
419,420,iffalcon,1,0,49999,4.45,65.0,qled,1,32.0,1,0.005607112142242845,3.0,0.0,0.0,1.0,7.0,2.0,1.0,2.0,1.0,2.0,0.0,3.0,1.0,2.0
420,421,kodak,0,0,9149,4.75,32.0,qled,1,16.0,1,0.016613837577877363,4.0,1.0,0.0,0.0,6.0,0.0,0.0,0.0,3.0,0.0,1.0,0.0,0.0,1.0
421,422,kodak,0,1,13999,4.4,40.0,qled,1,19.2,1,0.011000785770412172,4.0,0.0,0.0,1.0,6.0,1.0,0.0,1.0,3.0,0.0,1.0,0.0,0.0,1.0
422,423,kodak,0,0,6899,4.6,24.0,qled,1,16.0,1,0.020669662269894185,4.0,0.0,0.0,1.0,6.0,0.0,0.0,0.0,1.0,1.0,1.0,0.0,0.0,2.0
423,424,toshiba,1,0,44999,4.3,65.0,led,1,16.0,1,0.0055423453854530095,4.0,1.0,0.0,0.0,8.0,2.0,1.0,2.0,1.0,1.0,1.0,3.0,1.0,2.0
424,425,hisense,1,0,26999,4.0,50.0,led,1,28.8,1,0.00711137449535168,4.0,1.0,0.0,0.0,8.0,4.0,1.0,2.0,2.0,1.0,1.0,1.0,1.0,2.0
425,426,xiaomi,1,0,23999,4.4,43.0,led,1,25.6,1,0.008250343764323514,4.0,0.0,0.0,1.0,8.0,4.0,1.0,2.0,1.0,1.0,1.0,1.0,0.0,2.0
426,427,toshiba,0,1,19999,4.25,40.0,led,1,19.2,1,0.00807540377018851,4.0,0.0,0.0,1.0,8.0,1.0,0.0,1.0,1.0,1.0,1.0,0.0,0.0,2.0
427,428,philips,1,0,55999,4.75,65.0,qled,1,32.0,1,0.005513491312344863,4.0,1.0,0.0,0.0,8.0,2.0,1.0,2.0,2.0,1.0,1.0,3.0,1.0,2.0
428,429,toshiba,0,0,13990,4.7,32.0,led,1,16.0,1,0.011758398856325947,4.0,1.0,0.0,0.0,8.0,0.0,0.0,0.0,1.0,2.0,1.0,0.0,0.0,2.0
429,430,nu,1,0,24999,4.55,43.0,led,1,19.2,1,0.008190327613104524,4.0,0.0,0.0,1.0,2.0,4.0,1.0,2.0,1.0,1.0,1.0,1.0,0.0,2.0
430,431,nu,1,0,34999,4.55,55.0,led,1,22.4,1,0.006240178290808308,4.0,0.0,0.0,1.0,2.0,3.0,1.0,2.0,1.0,1.0,1.0,1.0,1.0,2.0
431,432,nu,0,1,19999,4.0,43.0,led,1,19.2,1,0.008200410020501024,4.0,1.0,0.0,0.0,2.0,1.0,0.0,1.0,1.0,2.0,1.0,1.0,0.0,2.0
432,433,croma,1,0,52990,4.5,65.0,led,1,32.0,1,0.0047556142668428005,4.0,0.0,1.0,0.0,6.0,2.0,1.0,2.0,1.0,1.0,1.0,2.0,1.0,2.0
433,434,philips,0,1,13499,4.0,32.0,led,1,16.0,1,0.01155641158604341,4.0,1.0,0.0,0.0,8.0,0.0,0.0,0.0,1.0,2.0,1.0,0.0,0.0,2.0
434,435,coocaa,1,0,40999,4.25,65.0,qled,1,32.0,1,0.006323324959145345,4.0,1.0,0.0,0.0,5.0,2.0,1.0,2.0,3.0,1.0,1.0,3.0,1.0,1.0
435,436,coocaa,1,0,26999,4.6,43.0,qled,1,32.0,1,0.009541094114596835,4.0,1.0,0.0,0.0,5.0,4.0,1.0,2.0,3.0,1.0,1.0,2.0,0.0,1.0
436,437,sony,1,0,169390,4.2,65.0,miniled,1,38.4,1,0.0019092036129641657,4.0,0.0,1.0,0.0,10.0,2.0,1.0,2.0,1.0,2.0,1.0,4.0,1.0,2.0
437,438,lg,1,0,164999,4.1,55.0,oled,1,35.2,1,0.001963042200255759,5.0,0.0,0.0,1.0,10.0,3.0,1.0,2.0,3.0,2.0,1.0,4.0,1.0,1.0
438,439,philips,1,0,41999,4.3,55.0,qled,1,16.0,1,0.0059382366246815395,4.0,1.0,0.0,0.0,8.0,3.0,1.0,2.0,3.0,1.0,1.0,3.0,1.0,1.0
439,440,lg,1,0,74590,4.65,65.0,led,1,25.6,1,0.0035534253921437192,4.0,0.0,1.0,0.0,10.0,2.0,1.0,2.0,1.0,1.0,1.0,3.0,1.0,2.0
440,441,xiaomi,1,0,36999,4.45,55.0,qled,1,32.0,1,0.0066150436498283735,4.0,0.0,0.0,1.0,8.0,3.0,1.0,2.0,2.0,1.0,1.0,2.0,1.0,1.0
441,442,haier,1,0,104999,4.55,55.0,oled,1,32.0,1,0.003380032190782769,4.0,0.0,0.0,1.0,7.0,3.0,1.0,2.0,3.0,2.0,1.0,4.0,1.0,1.0
442,443,sony,1,0,367640,4.65,85.0,miniled,1,51.2,1,0.0010245076705472746,4.0,1.0,0.0,0.0,10.0,1.0,1.0,2.0,1.0,2.0,1.0,4.0,0.0,2.0
443,444,sony,1,0,139890,4.7,55.0,miniled,1,38.4,1,0.002519837014797341,4.0,0.0,1.0,0.0,10.0,3.0,1.0,2.0,1.0,1.0,1.0,4.0,1.0,2.0
444,445,kodak,1,0,18999,4.3,43.0,qled,1,22.4,1,0.009958418864150744,4.0,1.0,0.0,0.0,6.0,4.0,1.0,2.0,3.0,1.0,1.0,1.0,0.0,1.0
445,446,sony,1,0,156990,4.0,65.0,miniled,1,38.4,1,0.0019364290719154087,4.0,1.0,0.0,0.0,10.0,2.0,1.0,2.0,1.0,1.0,1.0,4.0,1.0,2.0
446,447,vu,1,0,63990,4.7,75.0,qled,1,16.0,1,0.004994530395374277,4.0,1.0,0.0,0.0,7.0,1.0,1.0,2.0,3.0,1.0,1.0,4.0,1.0,0.0
447,448,vu,1,0,37495,4.4,50.0,qled,1,16.0,1,0.007275636751566876,4.0,0.0,0.0,1.0,7.0,4.0,1.0,2.0,3.0,1.0,1.0,3.0,1.0,0.0
448,449,haier,0,0,14599,4.3,32.0,led,1,16.0,1,0.009130762380984998,4.0,0.0,0.0,1.0,7.0,0.0,0.0,0.0,0.0,0.0,1.0,0.0,0.0,2.0
449,450,vu,1,0,49990,4.55,65.0,qled,1,16.0,1,0.006007201440288058,4.0,1.0,0.0,0.0,7.0,2.0,1.0,2.0,3.0,1.0,1.0,3.0,1.0,0.0
450,451,sony,1,0,241790,4.0,55.0,oled,1,32.0,1,0.0013730923528681915,4.0,1.0,0.0,0.0,10.0,3.0,1.0,2.0,2.0,2.0,1.0,4.0,1.0,2.0
451,452,sony,1,0,129990,4.65,55.0,miniled,1,28.8,1,0.0026471267020540044,4.0,1.0,0.0,0.0,10.0,3.0,1.0,2.0,1.0,1.0,1.0,4.0,1.0,2.0
452,453,sony,1,0,332490,4.05,65.0,oled,1,32.0,1,0.0010353694847965353,4.0,1.0,0.0,0.0,10.0,2.0,1.0,2.0,2.0,2.0,1.0,4.0,1.0,2.0
453,454,coocaa,0,1,15499,4.4,43.0,led,1,19.2,1,0.00936834634492548,3.0,0.0,0.0,1.0,5.0,1.0,0.0,1.0,2.0,1.0,0.0,0.0,0.0,2.0
454,455,sony,1,0,64590,4.55,50.0,led,1,16.0,1,0.0038744387676110854,4.0,1.0,0.0,0.0,10.0,4.0,1.0,2.0,1.0,1.0,1.0,2.0,1.0,2.0
455,456,blaupunkt,1,0,30999,4.75,55.0,qled,1,16.0,1,0.00827446046646666,4.0,0.0,0.0,1.0,6.0,3.0,1.0,2.0,3.0,1.0,1.0,2.0,1.0,0.0
456,457,blaupunkt,1,0,27999,4.3,50.0,qled,1,16.0,1,0.008139576413443336,4.0,0.0,0.0,1.0,6.0,4.0,1.0,2.0,3.0,1.0,1.0,2.0,1.0,1.0
457,458,haier,0,1,18999,4.2,32.0,qled,0,19.2,1,0.008179377861992737,3.0,0.0,1.0,0.0,7.0,1.0,0.0,1.0,1.0,2.0,1.0,0.0,0.0,2.0
458,459,hisense,1,0,269999,4.05,100.0,miniled,1,44.8,1,0.0012600046666839506,4.0,0.0,0.0,1.0,8.0,1.0,1.0,2.0,2.0,2.0,1.0,4.0,0.0,2.0
459,460,hisense,1,0,149999,4.05,85.0,miniled,1,44.8,1,0.0022140147600984003,4.0,0.0,0.0,1.0,8.0,1.0,1.0,2.0,2.0,2.0,1.0,4.0,0.0,2.0
460,461,hisense,1,0,69999,4.1,75.0,qled,1,25.6,1,0.004158630837583393,4.0,1.0,0.0,0.0,8.0,1.0,1.0,2.0,2.0,1.0,1.0,4.0,1.0,2.0
461,462,lg,1,0,99990,4.05,75.0,led,1,19.2,1,0.002632763276327633,4.0,0.0,1.0,0.0,10.0,1.0,1.0,2.0,1.0,2.0,1.0,3.0,1.0,2.0
462,463,hisense,1,0,119999,4.1,85.0,qled,1,44.8,1,0.0026991891599096656,4.0,1.0,0.0,0.0,8.0,1.0,1.0,2.0,2.0,2.0,1.0,4.0,0.0,2.0
463,464,beston,1,0,36399,4.25,65.0,qled,1,22.4,1,0.006421879721970384,4.0,0.0,0.0,1.0,4.0,2.0,1.0,2.0,2.0,1.0,1.0,2.0,1.0,1.0
464,465,sony,1,0,60990,4.0,50.0,led,1,19.2,1,0.003607148712903755,4.0,1.0,0.0,0.0,10.0,4.0,1.0,2.0,1.0,1.0,1.0,2.0,1.0,2.0
465,466,tcl,1,0,106991,4.25,75.0,miniled,1,38.4,1,0.0030189455187819535,4.0,0.0,0.0,1.0,8.0,1.0,1.0,2.0,1.0,1.0,1.0,4.0,1.0,2.0
466,467,samsung,1,0,84990,4.75,75.0,led,1,22.4,1,0.003353335686551359,3.0,1.0,0.0,0.0,10.0,1.0,1.0,2.0,1.0,1.0,0.0,3.0,1.0,2.0
467,468,tcl,1,0,99990,4.5,75.0,miniled,1,32.0,1,0.0034203420342034203,3.0,1.0,0.0,0.0,8.0,1.0,1.0,2.0,1.0,2.0,0.0,4.0,1.0,2.0
468,469,lg,1,0,179990,4.25,65.0,oled,1,38.4,1,0.0018417689871659537,5.0,0.0,0.0,1.0,10.0,2.0,1.0,2.0,3.0,2.0,1.0,4.0,1.0,1.0
469,470,lg,1,0,412290,4.35,77.0,oled,1,32.0,1,0.0008546168958742632,5.0,0.0,1.0,0.0,10.0,1.0,1.0,2.0,3.0,2.0,1.0,4.0,1.0,1.0
470,471,sony,1,0,50190,4.35,43.0,led,1,16.0,1,0.004420203227734608,4.0,1.0,0.0,0.0,10.0,4.0,1.0,2.0,1.0,1.0,1.0,2.0,0.0,2.0
471,472,lg,0,0,13599,4.0,32.0,led,1,16.0,1,0.010000735348187366,3.0,0.0,1.0,0.0,10.0,0.0,0.0,0.0,1.0,1.0,0.0,0.0,0.0,2.0
472,473,reliance,1,0,34307,4.7,55.0,led,1,16.0,1,0.006164922610545953,4.0,0.0,0.0,1.0,5.0,3.0,1.0,2.0,1.0,1.0,1.0,1.0,1.0,2.0
473,474,tcl,1,0,129990,4.5,85.0,qled,1,32.0,1,0.0027694438033694898,4.0,1.0,0.0,0.0,8.0,1.0,1.0,2.0,1.0,2.0,1.0,4.0,0.0,2.0
474,475,toshiba,1,0,79999,4.15,75.0,qled,1,16.0,1,0.003735046688083601,4.0,0.0,0.0,1.0,8.0,1.0,1.0,2.0,2.0,1.0,1.0,4.0,1.0,2.0
475,476,toshiba,1,0,56999,4.05,65.0,qled,1,16.0,1,0.00483166371339848,4.0,1.0,0.0,0.0,8.0,2.0,1.0,2.0,1.0,1.0,1.0,4.0,1.0,2.0
476,477,toshiba,1,0,139999,4.3,85.0,qled,1,16.0,1,0.0024264459031850226,4.0,0.0,0.0,1.0,8.0,1.0,1.0,2.0,3.0,1.0,1.0,4.0,0.0,1.0
477,478,toshiba,1,0,41990,4.5,55.0,qled,1,16.0,1,0.00696594427244582,4.0,1.0,0.0,0.0,8.0,3.0,1.0,2.0,1.0,1.0,1.0,3.0,1.0,2.0
478,479,lg,1,0,384190,4.45,77.0,oled,1,44.8,1,0.0009497904682578933,5.0,0.0,1.0,0.0,10.0,1.0,1.0,2.0,3.0,2.0,1.0,4.0,1.0,1.0
479,480,sony,1,0,125790,4.0,75.0,led,1,16.0,1,0.002035137928293187,4.0,0.0,1.0,0.0,10.0,1.0,1.0,2.0,1.0,1.0,1.0,3.0,1.0,2.0
480,481,sony,1,0,86480,4.0,65.0,led,1,16.0,1,0.00272895467160037,4.0,1.0,0.0,0.0,10.0,2.0,1.0,2.0,1.0,1.0,1.0,3.0,1.0,2.0
481,482,tcl,1,0,49990,4.15,65.0,led,1,19.2,1,0.004316863372674535,3.0,0.0,1.0,0.0,8.0,2.0,1.0,2.0,1.0,1.0,0.0,2.0,1.0,2.0
482,483,reliance,0,0,11930,4.5,32.0,led,1,16.0,1,0.012824811399832355,4.0,0.0,0.0,1.0,5.0,0.0,0.0,0.0,1.0,2.0,1.0,0.0,0.0,2.0
483,484,tcl,1,0,34990,4.35,50.0,led,1,16.0,1,0.006340382966561874,3.0,0.0,1.0,0.0,8.0,4.0,1.0,2.0,0.0,1.0,0.0,2.0,1.0,2.0
484,485,tcl,1,0,59999,4.35,65.0,qled,1,32.0,1,0.004785079751329188,3.0,0.0,0.0,1.0,8.0,2.0,1.0,2.0,3.0,2.0,0.0,3.0,1.0,1.0
485,486,tcl,1,0,74990,4.75,75.0,qled,1,16.0,1,0.004243899186558208,3.0,1.0,0.0,0.0,8.0,1.0,1.0,2.0,2.0,1.0,0.0,4.0,1.0,2.0
486,487,samsung,0,1,23750,4.75,43.0,led,1,19.2,1,0.0082,3.0,1.0,0.0,0.0,10.0,1.0,0.0,1.0,1.0,0.0,0.0,1.0,0.0,2.0
487,488,sony,1,0,50990,4.15,43.0,led,1,16.0,1,0.0042322023926260055,4.0,1.0,0.0,0.0,10.0,4.0,1.0,2.0,1.0,1.0,1.0,2.0,0.0,2.0
488,489,lg,1,0,132990,4.7,75.0,miniled,1,44.8,1,0.002756598240469208,4.0,0.0,1.0,0.0,10.0,1.0,1.0,2.0,1.0,2.0,1.0,4.0,1.0,2.0
489,490,haier,1,0,49090,4.45,55.0,qled,1,32.0,1,0.005438989610918721,4.0,0.0,1.0,0.0,7.0,3.0,1.0,2.0,2.0,1.0,1.0,3.0,1.0,2.0
490,491,realme,1,0,23999,4.55,43.0,qled,1,32.0,1,0.009669152881370057,4.0,0.0,0.0,1.0,7.0,4.0,1.0,2.0,3.0,1.0,1.0,2.0,0.0,1.0
491,492,iffalcon,1,0,29999,4.7,50.0,led,1,16.0,1,0.0075202506750225015,3.0,0.0,0.0,1.0,7.0,4.0,1.0,2.0,1.0,1.0,0.0,1.0,1.0,2.0
492,493,haier,1,0,63490,4.5,65.0,qled,1,32.0,1,0.004181760907229485,4.0,1.0,0.0,0.0,7.0,2.0,1.0,2.0,2.0,1.0,1.0,3.0,1.0,2.0
493,494,samsung,1,0,41490,4.1,55.0,led,1,22.4,1,0.005336225596529283,3.0,0.0,0.0,1.0,10.0,3.0,1.0,2.0,1.0,1.0,0.0,2.0,1.0,2.0
494,495,croma,1,0,23990,4.25,43.0,led,1,32.0,1,0.00814922884535223,4.0,0.0,1.0,0.0,6.0,4.0,1.0,2.0,1.0,1.0,1.0,1.0,0.0,2.0
495,496,samsung,0,0,17498,4.6,32.0,led,0,16.0,1,0.008675277174534231,2.0,0.0,0.0,1.0,10.0,0.0,0.0,0.0,1.0,1.0,0.0,0.0,0.0,2.0
496,497,haier,1,0,89999,4.5,55.0,miniled,1,32.0,1,0.003650040556006178,4.0,0.0,0.0,1.0,7.0,3.0,1.0,2.0,2.0,2.0,1.0,4.0,1.0,1.0
497,498,haier,1,0,34590,4.0,43.0,qled,1,32.0,1,0.006128938999710899,4.0,1.0,0.0,0.0,7.0,4.0,1.0,2.0,1.0,1.0,1.0,2.0,0.0,2.0
498,499,samsung,1,0,39999,4.65,50.0,led,1,19.2,1,0.006161404035100878,3.0,0.0,0.0,1.0,10.0,4.0,1.0,2.0,1.0,1.0,0.0,2.0,1.0,2.0
499,500,samsung,1,0,91990,4.7,75.0,led,1,19.2,1,0.0031677356234373305,3.0,0.0,1.0,0.0,10.0,1.0,1.0,2.0,1.0,1.0,0.0,3.0,1.0,2.0
500,501,samsung,1,0,94999,4.0,55.0,miniled,1,25.6,1,0.002947399446309961,4.0,0.0,0.0,1.0,10.0,3.0,1.0,2.0,3.0,1.0,1.0,4.0,1.0,1.0
501,502,samsung,1,0,315694,4.55,77.0,oled,1,44.8,1,0.0012250787154649756,4.0,0.0,1.0,0.0,10.0,1.0,1.0,2.0,3.0,2.0,1.0,4.0,1.0,1.0
502,503,samsung,0,1,25990,4.75,43.0,led,0,19.2,1,0.007127741439015006,2.0,1.0,0.0,0.0,10.0,1.0,0.0,1.0,1.0,0.0,0.0,0.0,0.0,2.0
503,504,samsung,1,0,46475,4.25,43.0,qled,1,19.2,1,0.005029585798816568,4.0,0.0,0.0,1.0,10.0,4.0,1.0,2.0,1.0,1.0,1.0,2.0,0.0,2.0
504,505,samsung,1,0,534490,4.1,75.0,miniled,1,19.2,1,0.0006366816965705625,4.0,0.0,0.0,1.0,10.0,4.0,1.0,2.0,3.0,0.0,1.0,4.0,1.0,0.0
505,506,samsung,1,0,137590,4.65,55.0,miniled,1,32.0,1,0.002534704557017225,4.0,0.0,0.0,1.0,10.0,3.0,1.0,2.0,3.0,1.0,1.0,4.0,1.0,1.0
506,507,samsung,1,0,405594,4.5,83.0,oled,1,44.8,1,0.0009652509652509653,4.0,0.0,1.0,0.0,10.0,1.0,1.0,2.0,3.0,2.0,1.0,4.0,0.0,1.0
507,508,samsung,1,0,94555,4.65,75.0,led,1,22.4,1,0.0030981968166675484,3.0,0.0,0.0,1.0,10.0,1.0,1.0,2.0,1.0,1.0,0.0,3.0,1.0,2.0
508,509,samsung,1,0,88990,4.15,75.0,led,1,22.4,1,0.0029379705584897183,3.0,0.0,0.0,1.0,10.0,1.0,1.0,2.0,1.0,1.0,0.0,3.0,1.0,2.0
509,510,samsung,1,0,61990,4.05,55.0,qled,1,19.2,1,0.0037893208582029355,4.0,0.0,1.0,0.0,10.0,3.0,1.0,2.0,1.0,1.0,1.0,3.0,1.0,2.0
510,511,samsung,1,0,146999,4.45,75.0,qled,1,28.8,1,0.002028245090102654,4.0,0.0,0.0,1.0,10.0,1.0,1.0,2.0,1.0,1.0,1.0,4.0,1.0,2.0
511,512,lg,0,0,16540,4.25,32.0,led,1,16.0,1,0.00873639661426844,3.0,0.0,1.0,0.0,10.0,0.0,0.0,0.0,1.0,1.0,0.0,0.0,0.0,2.0
512,513,samsung,1,0,87703,4.5,65.0,qled,1,16.0,1,0.003181191065299933,4.0,0.0,0.0,1.0,10.0,2.0,1.0,2.0,1.0,1.0,1.0,3.0,1.0,2.0
513,514,tcl,1,0,57990,4.65,65.0,qled,1,32.0,1,0.00529229177444387,4.0,1.0,0.0,0.0,8.0,2.0,1.0,2.0,1.0,2.0,1.0,3.0,1.0,2.0
514,515,samsung,1,0,59990,4.05,65.0,led,1,22.4,1,0.004050675112518753,3.0,0.0,0.0,1.0,10.0,2.0,1.0,2.0,1.0,1.0,0.0,3.0,1.0,2.0
515,516,tcl,1,0,34900,4.3,55.0,led,1,22.4,1,0.006037249283667621,3.0,0.0,0.0,1.0,8.0,3.0,1.0,2.0,1.0,1.0,0.0,1.0,1.0,2.0
516,517,tcl,1,0,56990,4.25,65.0,qled,1,16.0,1,0.004847341638884015,3.0,1.0,0.0,0.0,8.0,2.0,1.0,2.0,1.0,1.0,0.0,3.0,1.0,2.0
517,518,samsung,1,0,242390,4.75,65.0,miniled,1,19.2,1,0.0015677214406534922,4.0,0.0,0.0,1.0,10.0,4.0,1.0,2.0,3.0,0.0,1.0,4.0,1.0,0.0
518,519,iffalcon,1,0,24999,4.1,43.0,led,1,16.0,1,0.007380295211808471,3.0,0.0,0.0,1.0,7.0,4.0,1.0,2.0,1.0,1.0,0.0,1.0,0.0,2.0
519,520,iffalcon,1,0,32999,4.3,55.0,led,1,16.0,1,0.006254734991969453,3.0,0.0,0.0,1.0,7.0,3.0,1.0,2.0,1.0,1.0,0.0,1.0,1.0,2.0
520,521,samsung,1,0,64190,4.55,65.0,led,1,22.4,1,0.00411123227917121,3.0,0.0,0.0,1.0,10.0,2.0,1.0,2.0,1.0,1.0,0.0,3.0,1.0,2.0
521,522,samsung,1,0,46290,4.45,55.0,led,1,22.4,1,0.005191186001296176,3.0,0.0,1.0,0.0,10.0,3.0,1.0,2.0,1.0,1.0,0.0,2.0,1.0,2.0
522,523,samsung,1,0,32549,4.15,43.0,led,1,22.4,1,0.006502503917171034,3.0,0.0,0.0,1.0,10.0,4.0,1.0,2.0,1.0,1.0,0.0,2.0,0.0,2.0
523,524,samsung,1,0,45199,4.2,55.0,led,1,19.2,1,0.005110732538330494,3.0,0.0,0.0,1.0,10.0,3.0,1.0,2.0,1.0,1.0,0.0,2.0,1.0,2.0
524,525,samsung,1,0,48590,4.65,55.0,led,1,19.2,1,0.0052634286890306655,3.0,0.0,0.0,1.0,10.0,3.0,1.0,2.0,1.0,1.0,0.0,2.0,1.0,2.0
525,526,samsung,1,0,79490,4.5,55.0,qled,1,19.2,1,0.00362309724493647,4.0,0.0,0.0,1.0,10.0,3.0,1.0,2.0,1.0,2.0,1.0,3.0,1.0,2.0
526,527,samsung,1,0,77839,4.75,65.0,led,1,22.4,1,0.0035393568776577295,3.0,0.0,0.0,1.0,10.0,2.0,1.0,2.0,1.0,1.0,0.0,3.0,1.0,2.0
527,528,samsung,1,0,66233,4.35,50.0,qled,1,19.2,1,0.004006311053402382,4.0,0.0,0.0,1.0,10.0,4.0,1.0,2.0,1.0,1.0,1.0,3.0,1.0,2.0
528,529,samsung,1,0,51000,4.6,50.0,led,1,22.4,1,0.004870588235294117,3.0,0.0,0.0,1.0,10.0,4.0,1.0,2.0,1.0,1.0,0.0,2.0,1.0,2.0
529,530,samsung,1,0,36570,4.1,43.0,led,1,22.4,1,0.005717801476620181,3.0,0.0,0.0,1.0,10.0,4.0,1.0,2.0,1.0,1.0,0.0,2.0,0.0,2.0
530,531,lumio,1,0,54999,4.7,55.0,miniled,1,32.0,1,0.005640102547319042,4.0,1.0,0.0,0.0,,3.0,1.0,2.0,1.0,2.0,1.0,3.0,1.0,2.0
531,532,vw,1,0,55199,4.6,75.0,qled,1,32.0,1,0.005500099639486222,4.0,1.0,0.0,0.0,,1.0,1.0,2.0,3.0,1.0,1.0,3.0,1.0,1.0
532,533,lumio,1,0,37999,4.25,55.0,qled,1,16.0,1,0.006710702913234559,5.0,1.0,0.0,0.0,,3.0,1.0,2.0,2.0,2.0,1.0,3.0,1.0,2.0
533,534,samsung,1,0,31490,4.05,43.0,led,1,19.2,1,0.006687837408701175,3.0,1.0,0.0,0.0,10.0,4.0,1.0,2.0,1.0,1.0,0.0,2.0,0.0,2.0
534,535,samsung,1,0,74990,4.25,65.0,qled,1,22.4,1,0.00357047606347513,3.0,1.0,0.0,0.0,10.0,2.0,1.0,2.0,1.0,1.0,0.0,3.0,1.0,2.0
535,536,samsung,1,0,40990,4.5,55.0,led,1,19.2,1,0.006147840936813857,3.0,1.0,0.0,0.0,10.0,3.0,1.0,2.0,1.0,1.0,0.0,2.0,1.0,2.0
536,537,samsung,1,0,38990,4.35,50.0,led,1,19.2,1,0.006136188766350346,3.0,1.0,0.0,0.0,10.0,4.0,1.0,2.0,1.0,1.0,0.0,2.0,1.0,2.0
537,538,samsung,1,0,35990,4.65,43.0,qled,1,19.2,1,0.0071061405946096145,3.0,0.0,1.0,0.0,10.0,4.0,1.0,2.0,1.0,1.0,0.0,2.0,0.0,2.0
538,539,acer,1,0,51999,4.6,43.0,qled,1,16.0,1,0.0048654781822727354,4.0,0.0,0.0,1.0,7.0,4.0,1.0,2.0,2.0,1.0,1.0,2.0,0.0,2.0
539,540,tcl,0,0,14990,4.0,32.0,qled,1,16.0,1,0.010140093395597065,3.0,1.0,0.0,0.0,8.0,0.0,0.0,0.0,0.0,0.0,0.0,0.0,0.0,2.0
540,541,iffalcon,0,0,13999,4.4,32.0,led,1,16.0,1,0.011000785770412172,3.0,0.0,0.0,1.0,7.0,0.0,0.0,0.0,0.0,0.0,0.0,0.0,0.0,2.0
541,542,thomson,0,1,13999,4.3,40.0,led,1,19.2,1,0.010750767911993715,4.0,0.0,0.0,1.0,7.0,1.0,0.0,1.0,3.0,0.0,1.0,0.0,0.0,1.0
542,543,thomson,0,0,9149,4.0,32.0,led,1,16.0,1,0.013553393813531534,4.0,0.0,0.0,1.0,7.0,0.0,0.0,0.0,3.0,0.0,1.0,0.0,0.0,1.0
543,544,uniboom,0,1,13990,4.05,43.0,led,1,19.2,1,0.010132237312365976,4.0,0.0,0.0,1.0,4.0,1.0,0.0,1.0,2.0,1.0,1.0,0.0,0.0,2.0
544,545,uniboom,0,0,7090,4.7,32.0,led,0,16.0,1,0.013921015514809591,3.0,0.0,0.0,1.0,4.0,0.0,0.0,0.0,2.0,0.0,1.0,0.0,0.0,2.0
545,546,infinix,0,1,13499,4.25,40.0,qled,1,19.2,1,0.011334172901696422,4.0,0.0,0.0,1.0,6.0,1.0,0.0,1.0,0.0,1.0,1.0,0.0,0.0,2.0
546,547,croma,1,0,35990,4.05,55.0,led,1,25.6,1,0.005288969158099472,4.0,0.0,1.0,0.0,6.0,3.0,1.0,2.0,1.0,1.0,1.0,1.0,1.0,2.0
547,548,onida,1,0,22872,4.0,43.0,led,1,19.2,1,0.007520111927247289,3.0,0.0,0.0,1.0,6.0,4.0,1.0,2.0,1.0,2.0,0.0,1.0,0.0,2.0
548,549,lg,0,0,20035,4.6,32.0,led,1,16.0,1,0.00872473171949089,3.0,0.0,0.0,1.0,10.0,0.0,0.0,0.0,1.0,2.0,0.0,0.0,0.0,2.0
549,550,onida,0,0,12999,4.55,32.0,qled,1,16.0,1,0.014001077005923533,4.0,0.0,0.0,1.0,6.0,0.0,0.0,0.0,1.0,2.0,1.0,1.0,0.0,2.0
550,551,toshiba,1,0,49999,4.75,65.0,qled,1,16.0,1,0.00627012540250805,4.0,0.0,0.0,1.0,8.0,2.0,1.0,2.0,3.0,1.0,1.0,3.0,1.0,1.0
551,552,toshiba,1,0,37999,4.55,55.0,qled,1,16.0,1,0.007543619568936024,4.0,0.0,0.0,1.0,8.0,3.0,1.0,2.0,3.0,1.0,1.0,3.0,1.0,1.0
552,553,tcl,1,0,2699999,4.65,115.0,miniled,1,64.0,1,0.00015844450312759375,5.0,0.0,0.0,1.0,8.0,1.0,1.0,2.0,1.0,2.0,1.0,4.0,0.0,2.0
553,554,blackdecker,1,0,29999,4.05,50.0,led,1,16.0,1,0.00729024300810027,4.0,1.0,0.0,0.0,3.0,4.0,1.0,2.0,2.0,1.0,1.0,2.0,1.0,2.0
554,555,lloyd,0,1,22849,4.2,43.0,led,1,19.2,1,0.006801172917851985,4.0,0.0,0.0,1.0,5.0,1.0,0.0,1.0,1.0,1.0,1.0,0.0,0.0,2.0
555,556,croma,0,0,8994,4.55,32.0,led,1,16.0,1,0.017706248610184567,4.0,0.0,1.0,0.0,6.0,0.0,0.0,0.0,1.0,2.0,1.0,0.0,0.0,2.0
556,557,reliance,1,0,22990,4.0,43.0,led,1,19.2,1,0.007481513701609395,4.0,0.0,0.0,1.0,5.0,4.0,1.0,2.0,1.0,1.0,1.0,1.0,0.0,2.0
557,558,infinix,1,0,26999,4.1,55.0,qled,1,16.0,1,0.008352161191155227,4.0,0.0,0.0,1.0,6.0,3.0,1.0,2.0,3.0,1.0,1.0,2.0,1.0,1.0
558,559,acer,1,0,71039,4.75,65.0,qled,1,16.0,1,0.00461366291755233,4.0,0.0,0.0,1.0,7.0,2.0,1.0,2.0,3.0,1.0,1.0,4.0,1.0,1.0
559,560,acer,1,0,99999,4.35,75.0,qled,1,32.0,1,0.003306033060330603,4.0,1.0,0.0,0.0,7.0,1.0,1.0,2.0,3.0,2.0,1.0,4.0,1.0,1.0
560,561,foxsky,1,0,41999,4.35,65.0,qled,1,16.0,1,0.006835877044691539,4.0,1.0,0.0,0.0,4.0,2.0,1.0,2.0,2.0,1.0,1.0,3.0,1.0,2.0
561,562,foxsky,1,0,69999,4.5,75.0,qled,1,16.0,1,0.004500064286632666,4.0,1.0,0.0,0.0,4.0,1.0,1.0,2.0,2.0,1.0,1.0,4.0,1.0,2.0
562,563,reliance,1,0,29910,4.7,55.0,qled,1,22.4,1,0.008014042126379139,4.0,0.0,0.0,1.0,5.0,3.0,1.0,2.0,1.0,2.0,1.0,2.0,1.0,2.0
563,564,vu,1,0,65490,4.65,65.0,qled,1,16.0,1,0.005254237288135594,4.0,1.0,0.0,0.0,7.0,2.0,1.0,2.0,1.0,2.0,1.0,4.0,1.0,2.0
564,565,foxsky,1,0,24999,4.55,50.0,qled,1,25.6,1,0.01001040041601664,4.0,0.0,0.0,1.0,4.0,4.0,1.0,2.0,2.0,1.0,1.0,2.0,1.0,2.0
565,566,foxsky,1,0,27999,4.45,55.0,qled,1,25.6,1,0.008741383620843602,4.0,0.0,0.0,1.0,4.0,3.0,1.0,2.0,2.0,1.0,1.0,2.0,1.0,2.0
566,567,samsung,1,0,74990,4.6,55.0,qled,1,28.8,1,0.004109881317509001,4.0,1.0,0.0,0.0,10.0,3.0,1.0,2.0,1.0,1.0,1.0,4.0,1.0,2.0
567,568,hisense,0,1,24990,4.5,43.0,led,1,19.2,1,0.007382953181272509,4.0,0.0,0.0,1.0,8.0,1.0,0.0,1.0,2.0,1.0,1.0,1.0,0.0,2.0
568,569,acer,0,0,15399,4.3,32.0,qled,1,16.0,1,0.011448795376323137,4.0,0.0,0.0,1.0,7.0,0.0,0.0,0.0,2.0,2.0,1.0,1.0,0.0,2.0
569,570,acer,1,0,37999,4.1,55.0,qled,1,16.0,1,0.006797547303876416,4.0,1.0,0.0,0.0,7.0,3.0,1.0,2.0,3.0,1.0,1.0,3.0,1.0,1.0
570,571,acer,1,0,32499,4.1,50.0,qled,1,16.0,1,0.007821779131665589,4.0,1.0,0.0,0.0,7.0,4.0,1.0,2.0,3.0,1.0,1.0,3.0,1.0,1.0
571,572,vu,1,0,27699,4.6,50.0,led,1,16.0,1,0.009133903751037942,4.0,0.0,0.0,1.0,7.0,4.0,1.0,2.0,1.0,1.0,1.0,2.0,1.0,2.0
572,573,vu,1,0,28990,4.35,43.0,led,1,16.0,1,0.007952742324939633,4.0,0.0,0.0,1.0,7.0,4.0,1.0,2.0,1.0,1.0,1.0,2.0,0.0,2.0
573,574,hisense,0,0,11999,4.2,32.0,led,1,16.0,1,0.012601050087507294,4.0,1.0,0.0,0.0,8.0,0.0,0.0,0.0,2.0,2.0,1.0,0.0,0.0,2.0
574,575,xiaomi,1,0,70999,4.6,65.0,qled,1,32.0,1,0.004405695854871195,4.0,1.0,0.0,0.0,8.0,2.0,1.0,2.0,2.0,1.0,1.0,4.0,1.0,2.0
575,576,realme,1,0,24999,4.3,55.0,led,1,16.0,1,0.008256330253210127,4.0,0.0,0.0,1.0,7.0,3.0,1.0,2.0,3.0,1.0,1.0,1.0,1.0,1.0
576,577,realme,1,0,24399,4.75,43.0,led,1,16.0,1,0.008955285052666092,4.0,0.0,0.0,1.0,7.0,4.0,1.0,2.0,2.0,1.0,1.0,1.0,0.0,2.0
577,578,realme,1,0,37799,4.25,65.0,qled,1,16.0,1,0.006408899706341438,4.0,0.0,0.0,1.0,7.0,2.0,1.0,2.0,3.0,1.0,1.0,3.0,1.0,1.0
578,579,xiaomi,1,0,34099,4.4,55.0,led,1,19.2,1,0.00670987418985894,4.0,0.0,0.0,1.0,8.0,3.0,1.0,2.0,2.0,1.0,1.0,2.0,1.0,2.0
579,580,infinix,0,0,8399,4.05,31.89,led,1,16.0,1,0.014948208120014288,3.0,0.0,0.0,1.0,6.0,0.0,0.0,0.0,0.0,0.0,0.0,0.0,0.0,2.0
580,581,samsung,1,0,45990,4.2,55.0,led,1,22.4,1,0.004931506849315068,4.0,1.0,0.0,0.0,10.0,3.0,1.0,2.0,1.0,1.0,1.0,2.0,1.0,2.0
581,582,sony,1,0,280990,4.4,65.0,oled,1,32.0,1,0.0013310082209331295,4.0,0.0,1.0,0.0,10.0,2.0,1.0,2.0,3.0,2.0,1.0,4.0,1.0,1.0
582,583,sony,1,0,356990,4.3,75.0,qled,1,32.0,1,0.0010117930474242975,4.0,1.0,0.0,0.0,10.0,1.0,1.0,2.0,3.0,2.0,1.0,4.0,1.0,1.0
583,584,sony,1,0,469990,4.35,85.0,qled,1,32.0,1,0.0007959743824336687,4.0,1.0,0.0,0.0,10.0,1.0,1.0,2.0,3.0,2.0,1.0,4.0,0.0,1.0
584,585,wobble,0,0,13999,4.25,32.0,led,1,16.0,1,0.011232945210372169,4.0,1.0,0.0,0.0,4.0,0.0,0.0,0.0,1.0,0.0,1.0,0.0,0.0,2.0
585,586,sony,1,0,72699,4.65,50.0,led,1,16.0,1,0.003965666652911319,4.0,0.0,0.0,1.0,10.0,4.0,1.0,2.0,1.0,1.0,1.0,3.0,1.0,2.0
586,587,sony,1,0,140990,4.75,75.0,led,1,16.0,1,0.0023583232853393856,4.0,1.0,0.0,0.0,10.0,1.0,1.0,2.0,1.0,1.0,1.0,4.0,1.0,2.0
587,588,hisense,1,0,59999,4.65,65.0,qled,1,22.4,1,0.005115085251420857,4.0,0.0,0.0,1.0,8.0,2.0,1.0,2.0,1.0,1.0,1.0,3.0,1.0,2.0
588,589,kodak,0,0,10499,4.55,32.0,qled,1,16.0,1,0.01820173349842842,4.0,0.0,0.0,1.0,6.0,0.0,0.0,0.0,3.0,0.0,1.0,1.0,0.0,1.0
589,590,haier,0,1,47378,4.65,43.0,led,1,19.2,1,0.004220313225547723,4.0,0.0,0.0,1.0,7.0,1.0,0.0,1.0,1.0,2.0,1.0,1.0,0.0,2.0
590,591,thomson,0,0,10499,4.3,32.0,qled,1,16.0,1,0.016382512620249548,4.0,0.0,0.0,1.0,7.0,0.0,0.0,0.0,3.0,0.0,1.0,1.0,0.0,1.0
591,592,sony,1,0,75990,4.1,55.0,led,1,16.0,1,0.003291222529280168,4.0,1.0,0.0,0.0,10.0,3.0,1.0,2.0,1.0,1.0,1.0,3.0,1.0,2.0
592,593,sony,0,0,28990,4.25,32.0,led,1,16.0,1,0.006157295619179028,4.0,1.0,0.0,0.0,10.0,0.0,0.0,0.0,1.0,0.0,1.0,1.0,0.0,2.0
593,594,hisense,1,0,43999,4.6,65.0,led,1,16.0,1,0.006063774176685833,4.0,0.0,0.0,1.0,8.0,2.0,1.0,2.0,1.0,1.0,1.0,3.0,1.0,2.0
594,595,sony,0,0,28490,4.6,32.0,led,1,16.0,1,0.0064584064584064585,4.0,1.0,0.0,0.0,10.0,0.0,0.0,0.0,1.0,0.0,1.0,1.0,0.0,2.0
595,596,sony,1,0,48999,4.5,50.0,led,1,16.0,1,0.0048674462744137635,4.0,0.0,0.0,1.0,10.0,4.0,1.0,2.0,1.0,1.0,1.0,2.0,1.0,2.0
596,597,sony,1,0,206990,4.7,65.0,miniled,1,32.0,1,0.0018392192859558432,4.0,0.0,0.0,1.0,10.0,2.0,1.0,2.0,3.0,2.0,1.0,4.0,1.0,1.0
597,598,samsung,1,0,271890,4.2,98.0,led,1,28.8,1,0.0011431093456912723,4.0,0.0,1.0,0.0,10.0,1.0,1.0,2.0,1.0,1.0,1.0,4.0,0.0,2.0
598,599,hisense,1,0,32265,4.65,55.0,qled,1,19.2,1,0.008503021850302186,4.0,1.0,0.0,0.0,8.0,3.0,1.0,2.0,1.0,1.0,1.0,3.0,1.0,2.0
599,600,toshiba,1,0,128999,4.5,85.0,qled,1,32.0,1,0.002651183342506531,4.0,1.0,0.0,0.0,8.0,1.0,1.0,2.0,3.0,2.0,1.0,4.0,0.0,1.0
600,601,hisense,1,0,22999,4.35,43.0,led,1,16.0,1,0.010024348884734118,4.0,0.0,0.0,1.0,8.0,4.0,1.0,2.0,1.0,1.0,1.0,2.0,0.0,2.0
601,602,croma,0,0,5990,4.0,24.0,led,0,16.0,1,0.012020033388981636,3.0,0.0,1.0,0.0,6.0,0.0,0.0,0.0,0.0,0.0,1.0,0.0,0.0,2.0
602,603,croma,1,0,64994,4.5,75.0,qled,1,16.0,1,0.0040849924608425394,4.0,0.0,1.0,0.0,6.0,1.0,1.0,2.0,1.0,1.0,1.0,3.0,1.0,2.0
603,604,hisense,1,0,52910,4.4,65.0,qled,1,28.8,1,0.005571725571725572,4.0,0.0,0.0,1.0,8.0,2.0,1.0,2.0,1.0,1.0,1.0,4.0,1.0,2.0
604,605,redmi,0,0,13999,4.3,32.0,led,1,16.0,1,0.009829273519537109,4.0,0.0,1.0,0.0,7.0,0.0,0.0,0.0,1.0,0.0,1.0,0.0,0.0,2.0
605,606,hisense,1,0,85250,4.0,75.0,qled,1,25.6,1,0.003472140762463343,4.0,0.0,0.0,1.0,8.0,1.0,1.0,2.0,2.0,1.0,1.0,4.0,1.0,2.0
606,607,iffalcon,0,0,19990,4.5,32.0,led,1,16.0,1,0.008329164582291146,3.0,0.0,0.0,1.0,7.0,0.0,0.0,0.0,0.0,0.0,0.0,0.0,0.0,2.0
607,608,samsung,1,0,56990,4.35,55.0,qled,1,25.6,1,0.004350763291805579,4.0,0.0,1.0,0.0,10.0,3.0,1.0,2.0,1.0,1.0,1.0,3.0,1.0,2.0
608,609,toshiba,1,0,39599,4.75,55.0,qled,1,28.8,1,0.0074370564913255385,4.0,0.0,1.0,0.0,8.0,3.0,1.0,2.0,1.0,1.0,1.0,3.0,1.0,2.0
609,610,sony,1,0,69999,4.25,65.0,led,1,16.0,1,0.0037643394905641507,4.0,0.0,0.0,1.0,10.0,2.0,1.0,2.0,1.0,1.0,1.0,3.0,1.0,2.0
610,611,tcl,1,0,166990,4.65,65.0,qled,1,32.0,1,0.0018099886220731781,3.0,0.0,0.0,1.0,8.0,2.0,1.0,2.0,1.0,1.0,0.0,3.0,1.0,2.0
611,612,lg,1,0,64494,4.35,65.0,led,1,19.2,1,0.0037096474090613078,4.0,0.0,1.0,0.0,10.0,2.0,1.0,2.0,1.0,1.0,1.0,2.0,1.0,2.0
612,613,lg,1,0,42994,4.25,55.0,led,1,22.4,1,0.005140252128203936,4.0,0.0,1.0,0.0,10.0,3.0,1.0,2.0,1.0,1.0,1.0,2.0,1.0,2.0
613,614,tcl,1,0,121990,4.6,55.0,qled,1,32.0,1,0.0021870645134847116,3.0,0.0,0.0,1.0,8.0,3.0,1.0,2.0,1.0,1.0,0.0,3.0,1.0,2.0
614,615,lg,1,0,169999,4.15,65.0,oled,1,44.8,1,0.001977364572732781,5.0,0.0,0.0,1.0,10.0,2.0,1.0,2.0,3.0,2.0,1.0,4.0,1.0,1.0
615,616,tcl,1,0,119999,4.55,75.0,qled,1,16.0,1,0.002502520854340453,4.0,0.0,0.0,1.0,8.0,1.0,1.0,2.0,2.0,1.0,1.0,3.0,1.0,1.0
616,617,motorola,1,0,55998,4.75,65.0,qled,1,16.0,1,0.0051742919389978215,4.0,0.0,0.0,1.0,7.0,2.0,1.0,2.0,1.0,1.0,1.0,3.0,1.0,2.0
617,618,tcl,0,1,11990,4.55,32.0,led,1,19.2,1,0.013281901584653878,3.0,0.0,1.0,0.0,8.0,1.0,0.0,1.0,1.0,0.0,0.0,0.0,0.0,2.0
618,619,motorola,1,0,35499,4.35,55.0,miniled,1,16.0,1,0.007107242457534015,4.0,0.0,0.0,1.0,7.0,3.0,1.0,2.0,1.0,1.0,1.0,3.0,1.0,2.0
619,620,tcl,1,0,26199,4.3,50.0,led,1,16.0,1,0.008534676896064734,3.0,0.0,1.0,0.0,8.0,4.0,1.0,2.0,1.0,1.0,0.0,2.0,1.0,2.0
620,621,tcl,1,0,34999,4.75,55.0,qled,1,32.0,1,0.008143089802565787,3.0,0.0,0.0,1.0,8.0,3.0,1.0,2.0,1.0,1.0,0.0,3.0,1.0,2.0
621,622,samsung,1,0,719990,4.65,75.0,qled,1,19.2,1,0.0005425075348268726,5.0,1.0,0.0,0.0,10.0,4.0,1.0,2.0,3.0,0.0,1.0,4.0,1.0,0.0
622,623,samsung,1,0,75499,4.4,50.0,qled,1,28.8,1,0.0038464085617028044,4.0,0.0,1.0,0.0,10.0,4.0,1.0,2.0,3.0,1.0,1.0,3.0,1.0,1.0
623,624,samsung,1,0,69990,4.0,65.0,led,1,25.6,1,0.0032576082297471067,3.0,0.0,0.0,1.0,10.0,2.0,1.0,2.0,1.0,1.0,0.0,3.0,1.0,2.0
624,625,samsung,1,0,499990,4.3,77.0,oled,1,41.6,1,0.0007310146202924059,5.0,1.0,0.0,0.0,10.0,1.0,1.0,2.0,3.0,2.0,1.0,4.0,1.0,0.0
625,626,samsung,1,0,57990,4.05,65.0,led,1,19.2,1,0.00384117951370926,3.0,0.0,1.0,0.0,10.0,2.0,1.0,2.0,1.0,1.0,0.0,2.0,1.0,2.0
626,627,samsung,1,0,37999,4.55,50.0,led,1,19.2,1,0.006585699623674307,3.0,0.0,0.0,1.0,10.0,4.0,1.0,2.0,1.0,1.0,0.0,2.0,1.0,2.0
627,628,samsung,1,0,38499,4.15,55.0,led,1,22.4,1,0.005820930413776982,3.0,0.0,0.0,1.0,10.0,3.0,1.0,2.0,1.0,1.0,0.0,2.0,1.0,2.0
628,629,samsung,1,0,35018,4.05,43.0,led,1,19.2,1,0.0057827403049860076,3.0,0.0,0.0,1.0,10.0,4.0,1.0,2.0,1.0,1.0,0.0,1.0,0.0,2.0
629,630,samsung,1,0,99990,4.75,65.0,qled,1,19.2,1,0.0031353135313531354,4.0,0.0,0.0,1.0,10.0,2.0,1.0,2.0,1.0,1.0,1.0,3.0,1.0,2.0
630,631,samsung,1,0,99990,4.1,75.0,led,1,16.0,1,0.002583258325832583,4.0,0.0,0.0,1.0,10.0,1.0,1.0,2.0,1.0,1.0,1.0,3.0,1.0,2.0
631,632,samsung,1,0,50421,4.7,50.0,qled,1,22.4,1,0.005220047202554491,4.0,0.0,0.0,1.0,10.0,4.0,1.0,2.0,1.0,1.0,1.0,2.0,1.0,2.0
632,633,lloyd,1,0,28255,4.3,43.0,led,1,19.2,1,0.006543974517784463,4.0,0.0,0.0,1.0,5.0,4.0,1.0,2.0,1.0,1.0,1.0,1.0,0.0,2.0
633,634,samsung,1,0,36990,4.7,43.0,led,1,19.2,1,0.006734252500675859,3.0,0.0,0.0,1.0,10.0,4.0,1.0,2.0,1.0,1.0,0.0,2.0,0.0,2.0
634,635,samsung,1,0,61990,4.25,55.0,qled,1,19.2,1,0.00404500725923536,4.0,0.0,0.0,1.0,10.0,3.0,1.0,2.0,1.0,1.0,1.0,3.0,1.0,2.0
635,636,kodak,0,1,14499,4.75,43.0,led,1,19.2,1,0.010811090420028967,4.0,0.0,0.0,1.0,6.0,1.0,0.0,1.0,2.0,1.0,1.0,0.0,0.0,2.0
636,637,bpl,1,0,24999,4.15,43.0,led,1,22.4,1,0.0078023120924837,4.0,0.0,0.0,1.0,3.0,4.0,1.0,2.0,1.0,1.0,1.0,1.0,0.0,2.0
637,638,lg,1,0,57394,4.65,55.0,qned,1,19.2,1,0.004942154232149703,4.0,0.0,1.0,0.0,10.0,3.0,1.0,2.0,1.0,1.0,1.0,3.0,1.0,2.0
638,639,bpl,0,0,12774,4.05,32.0,led,1,16.0,1,0.009828558008454674,4.0,0.0,0.0,1.0,3.0,0.0,0.0,0.0,1.0,1.0,1.0,0.0,0.0,2.0
639,640,samsung,0,1,22499,4.75,43.0,led,1,19.2,1,0.007600337792790791,3.0,0.0,0.0,1.0,10.0,1.0,0.0,1.0,1.0,1.0,0.0,0.0,0.0,2.0
640,641,foxsky,1,0,36999,4.45,65.0,led,1,25.6,1,0.005051487878050758,4.0,0.0,0.0,1.0,4.0,2.0,1.0,2.0,2.0,0.0,1.0,1.0,1.0,2.0
641,642,panasonic,0,1,27815,4.75,43.0,led,1,19.2,1,0.005976990832284738,3.0,0.0,0.0,1.0,8.0,1.0,0.0,1.0,1.0,0.0,0.0,0.0,0.0,2.0
642,643,blaupunkt,1,0,27599,4.1,55.0,led,1,22.4,1,0.006685024819739845,4.0,0.0,1.0,0.0,6.0,3.0,1.0,2.0,3.0,1.0,1.0,1.0,1.0,1.0
643,644,tcl,0,1,32192,4.75,43.0,led,0,19.2,1,0.006197191848906561,2.0,0.0,0.0,1.0,8.0,4.0,1.0,2.0,1.0,2.0,0.0,1.0,0.0,2.0
644,645,motorola,1,0,25499,4.45,55.0,led,1,16.0,1,0.00802776579473705,4.0,0.0,0.0,1.0,7.0,3.0,1.0,2.0,1.0,1.0,1.0,1.0,1.0,2.0
645,646,croma,0,1,15990,4.75,43.0,led,1,19.2,1,0.01010006253908693,4.0,0.0,1.0,0.0,6.0,1.0,0.0,1.0,1.0,0.0,1.0,0.0,0.0,2.0
646,647,haier,1,0,42890,4.4,55.0,led,1,32.0,1,0.0053345768244346,4.0,0.0,0.0,1.0,7.0,3.0,1.0,2.0,1.0,1.0,1.0,2.0,1.0,2.0
647,648,iffalcon,1,0,34099,4.45,55.0,qled,1,19.2,1,0.007177629842517376,3.0,0.0,1.0,0.0,7.0,3.0,1.0,2.0,3.0,1.0,0.0,2.0,1.0,1.0
648,649,hisense,1,0,499999,4.2,120.0,laser,1,28.8,1,0.0005628011256022513,4.0,1.0,0.0,0.0,8.0,1.0,1.0,2.0,3.0,1.0,1.0,4.0,0.0,1.0
649,650,xiaomi,1,0,36899,4.7,55.0,led,1,19.2,1,0.006750860456922953,4.0,0.0,0.0,1.0,8.0,3.0,1.0,2.0,2.0,1.0,1.0,2.0,1.0,2.0
650,651,xiaomi,1,0,26990,4.4,43.0,led,1,25.6,1,0.008151167098925528,4.0,0.0,0.0,1.0,8.0,4.0,1.0,2.0,2.0,1.0,1.0,1.0,0.0,2.0
651,652,xiaomi,1,0,30399,4.65,50.0,led,1,22.4,1,0.007801243461955986,4.0,0.0,0.0,1.0,8.0,4.0,1.0,2.0,2.0,1.0,1.0,2.0,1.0,2.0
652,653,lg,1,0,94990,4.3,48.0,oled,1,19.2,1,0.002625539530476892,4.0,0.0,0.0,1.0,10.0,4.0,1.0,2.0,1.0,1.0,1.0,3.0,0.0,2.0
653,654,lg,1,0,99990,4.45,55.0,oled,1,19.2,1,0.0027147714771477145,4.0,0.0,0.0,1.0,10.0,3.0,1.0,2.0,1.0,1.0,1.0,3.0,1.0,2.0
654,655,panasonic,0,0,13490,4.05,32.0,led,1,16.0,1,0.010207561156412156,4.0,0.0,1.0,0.0,8.0,0.0,0.0,0.0,1.0,1.0,1.0,0.0,0.0,2.0
655,656,panasonic,0,0,23999,4.75,32.0,led,1,16.0,1,0.007125296887370307,4.0,0.0,0.0,1.0,8.0,0.0,0.0,0.0,1.0,2.0,1.0,0.0,0.0,2.0
656,657,onida,0,0,14294,4.3,32.0,led,1,16.0,1,0.01082971876311739,4.0,0.0,0.0,1.0,6.0,0.0,0.0,0.0,1.0,2.0,1.0,0.0,0.0,2.0
657,658,westinghouse,0,0,8999,4.05,32.0,led,1,16.0,1,0.014851650183353706,4.0,0.0,1.0,0.0,1.0,0.0,0.0,0.0,3.0,0.0,1.0,0.0,0.0,1.0
658,659,lg,1,0,64990,4.65,65.0,led,1,22.4,1,0.003720572395753193,4.0,0.0,0.0,1.0,10.0,2.0,1.0,2.0,1.0,1.0,1.0,2.0,1.0,2.0
659,660,lg,1,0,45080,4.7,55.0,led,1,19.2,1,0.005525732031943212,4.0,0.0,0.0,1.0,10.0,3.0,1.0,2.0,1.0,1.0,1.0,2.0,1.0,2.0
660,661,lg,1,0,44999,4.35,50.0,led,1,19.2,1,0.004446765483677415,4.0,0.0,0.0,1.0,10.0,4.0,1.0,2.0,1.0,1.0,1.0,1.0,1.0,2.0
661,662,haier,1,0,39990,4.3,50.0,led,1,32.0,1,0.005483870967741935,4.0,0.0,1.0,0.0,7.0,4.0,1.0,2.0,1.0,1.0,1.0,2.0,1.0,2.0
662,663,haier,1,0,32990,4.45,43.0,led,1,32.0,1,0.006609578660200061,4.0,0.0,1.0,0.0,7.0,4.0,1.0,2.0,1.0,1.0,1.0,1.0,0.0,2.0
663,664,kodak,0,0,9149,4.4,32.0,led,1,16.0,1,0.015389660072139032,4.0,0.0,0.0,1.0,6.0,0.0,0.0,0.0,2.0,0.0,1.0,0.0,0.0,2.0
664,665,lg,1,0,31255,4.55,43.0,led,1,22.4,1,0.006987681970884657,4.0,0.0,0.0,1.0,10.0,4.0,1.0,2.0,1.0,1.0,1.0,1.0,0.0,2.0
665,666,sony,1,0,653899,4.75,77.0,oled,1,32.0,1,0.0005520730265683232,4.0,0.0,0.0,1.0,10.0,1.0,1.0,2.0,3.0,2.0,1.0,4.0,1.0,1.0
666,667,blaupunkt,0,1,13999,4.1,40.0,led,1,19.2,1,0.011129366383313093,4.0,0.0,0.0,1.0,6.0,1.0,0.0,1.0,3.0,0.0,1.0,0.0,0.0,1.0
667,668,sony,1,0,74990,4.05,55.0,led,1,32.0,1,0.003348446459527937,4.0,0.0,0.0,1.0,10.0,3.0,1.0,2.0,0.0,1.0,1.0,3.0,1.0,2.0
668,669,sony,1,0,57990,4.35,55.0,led,1,25.6,1,0.004275737196068287,4.0,0.0,0.0,1.0,10.0,3.0,1.0,2.0,1.0,1.0,1.0,3.0,1.0,2.0
669,670,thomson,0,0,9149,4.75,32.0,led,1,16.0,1,0.01713302000218603,4.0,0.0,0.0,1.0,7.0,0.0,0.0,0.0,2.0,1.0,1.0,0.0,0.0,2.0
670,671,marq,0,0,7499,4.2,32.0,led,0,16.0,1,0.011761568209094546,3.0,0.0,0.0,1.0,5.0,0.0,0.0,0.0,1.0,0.0,1.0,0.0,0.0,2.0
671,672,panasonic,1,0,41499,4.35,55.0,led,0,19.2,0,0.0057861635220125785,2.0,0.0,0.0,1.0,8.0,1.0,1.0,1.0,1.0,2.0,1.0,2.0,1.0,2.0
672,673,blaupunkt,0,1,13999,4.65,39.37,led,1,19.2,1,0.010961497249803559,4.0,0.0,0.0,1.0,6.0,1.0,0.0,1.0,3.0,0.0,1.0,0.0,0.0,1.0
673,674,samsung,1,0,40352,4.7,43.0,led,1,19.2,1,0.005008425852498017,4.0,0.0,0.0,1.0,10.0,4.0,1.0,2.0,1.0,1.0,1.0,1.0,0.0,2.0
674,675,xelectron,0,0,6999,4.45,32.0,led,0,16.0,1,0.01335190741534505,3.0,0.0,0.0,1.0,1.0,0.0,0.0,0.0,1.0,0.0,1.0,0.0,0.0,2.0
675,676,samsung,1,0,54990,4.65,55.0,qled,1,25.6,1,0.004228041462084016,4.0,0.0,0.0,1.0,10.0,3.0,1.0,2.0,1.0,1.0,1.0,1.0,1.0,2.0
676,677,haier,0,0,20595,4.2,32.0,led,1,16.0,1,0.0063219227967953396,3.0,0.0,0.0,1.0,7.0,0.0,0.0,0.0,0.0,0.0,0.0,0.0,0.0,2.0
677,678,samsung,1,0,94990,4.2,75.0,led,1,22.4,1,0.0028739867354458364,3.0,0.0,0.0,1.0,10.0,1.0,1.0,2.0,1.0,2.0,0.0,3.0,1.0,2.0
678,679,beethosol,0,1,17990,4.55,43.0,led,1,19.2,1,0.008852140077821011,4.0,1.0,0.0,0.0,1.0,1.0,0.0,1.0,1.0,0.0,1.0,0.0,0.0,2.0
679,680,lloyd,1,0,29812,4.65,43.0,qled,1,22.4,1,0.0071749631021065345,4.0,0.0,0.0,1.0,5.0,4.0,1.0,2.0,1.0,1.0,1.0,1.0,0.0,2.0
680,681,thomson,0,0,6999,4.1,24.0,led,1,16.0,1,0.018159737105300756,4.0,0.0,0.0,1.0,7.0,0.0,0.0,0.0,1.0,1.0,1.0,0.0,0.0,2.0
681,682,samsung,0,0,18728,4.75,32.0,led,1,16.0,1,0.007862558735583084,3.0,0.0,0.0,1.0,10.0,0.0,0.0,0.0,1.0,0.0,0.0,0.0,0.0,2.0
682,683,samsung,0,1,22490,4.45,43.0,led,1,19.2,1,0.006925300133392619,3.0,0.0,1.0,0.0,10.0,1.0,0.0,1.0,1.0,0.0,0.0,0.0,0.0,2.0
683,684,hisense,1,0,76999,4.15,65.0,qled,1,19.2,1,0.002802633800438967,4.0,0.0,0.0,1.0,8.0,2.0,1.0,2.0,1.0,2.0,1.0,2.0,1.0,2.0
684,685,lloyd,0,0,17590,4.55,32.0,led,1,16.0,1,0.008277430358158044,4.0,0.0,0.0,1.0,5.0,0.0,0.0,0.0,1.0,0.0,1.0,0.0,0.0,2.0
685,686,samsung,1,0,44990,4.55,55.0,led,1,22.4,1,0.004449877750611246,3.0,0.0,0.0,1.0,10.0,3.0,1.0,2.0,1.0,1.0,0.0,1.0,1.0,2.0
686,687,infinix,1,0,32999,4.15,55.0,qled,1,22.4,1,0.005910785175308343,4.0,0.0,0.0,1.0,6.0,3.0,1.0,2.0,3.0,1.0,1.0,1.0,1.0,1.0
687,688,lg,1,0,54990,4.0,55.0,led,1,22.4,1,0.0037825059101654845,4.0,0.0,0.0,1.0,10.0,3.0,1.0,2.0,1.0,1.0,1.0,2.0,1.0,2.0
688,689,thomson,1,0,51999,4.25,65.0,qled,1,22.4,1,0.004086617050327891,4.0,0.0,0.0,1.0,7.0,2.0,1.0,2.0,3.0,1.0,1.0,1.0,1.0,1.0
689,690,lg,1,0,66990,4.75,65.0,led,1,22.4,1,0.0038289296909986563,4.0,0.0,0.0,1.0,10.0,2.0,1.0,2.0,1.0,1.0,1.0,2.0,1.0,2.0
690,691,vu,1,0,39490,4.45,55.0,led,1,16.0,1,0.007211952393010889,4.0,1.0,0.0,0.0,7.0,3.0,1.0,2.0,0.0,1.0,1.0,3.0,1.0,2.0
691,692,lg,1,0,44990,4.0,55.0,led,1,19.2,1,0.004000889086463659,4.0,0.0,0.0,1.0,10.0,3.0,1.0,2.0,1.0,1.0,1.0,1.0,1.0,2.0
692,693,lg,1,0,32990,4.05,43.0,led,1,22.4,1,0.005156107911488329,4.0,0.0,1.0,0.0,10.0,4.0,1.0,2.0,1.0,2.0,1.0,1.0,0.0,2.0
693,694,lg,1,0,33999,4.0,43.0,led,1,19.2,1,0.005058972322715374,4.0,0.0,1.0,0.0,10.0,4.0,1.0,2.0,1.0,2.0,1.0,1.0,0.0,2.0
694,695,lg,1,0,43990,4.65,55.0,led,1,19.2,1,0.004545351216185497,3.0,0.0,1.0,0.0,10.0,3.0,1.0,2.0,1.0,2.0,0.0,1.0,1.0,2.0
695,696,lg,0,1,21518,4.15,32.0,led,1,16.0,1,0.006750162654521796,3.0,0.0,0.0,1.0,10.0,0.0,0.0,0.0,1.0,2.0,0.0,0.0,0.0,2.0
696,697,infinix,0,0,7999,4.4,32.0,led,1,16.0,1,0.017052131516439556,4.0,0.0,0.0,1.0,6.0,0.0,0.0,0.0,1.0,1.0,1.0,0.0,0.0,2.0
697,698,lg,1,0,28999,4.25,43.0,led,1,19.2,1,0.006155384668436843,3.0,0.0,0.0,1.0,10.0,4.0,1.0,2.0,1.0,2.0,0.0,1.0,0.0,2.0
698,699,tcl,1,0,49990,4.05,65.0,led,1,25.6,1,0.0037267453490698135,3.0,0.0,0.0,1.0,8.0,2.0,1.0,2.0,2.0,1.0,0.0,1.0,1.0,2.0
699,700,samsung,1,0,179980,4.2,65.0,qled,1,19.2,1,0.0015635070563395936,5.0,0.0,0.0,1.0,10.0,4.0,1.0,2.0,3.0,0.0,1.0,4.0,1.0,1.0
700,701,sony,1,0,59990,4.7,43.0,led,1,19.2,1,0.0036039339889981665,4.0,0.0,0.0,1.0,10.0,4.0,1.0,2.0,1.0,1.0,1.0,1.0,0.0,2.0
701,702,samsung,1,0,31999,4.35,43.0,led,1,19.2,1,0.005845495171724116,3.0,0.0,0.0,1.0,10.0,4.0,1.0,2.0,1.0,2.0,0.0,1.0,0.0,2.0
702,703,lg,0,1,31490,4.05,32.0,led,1,19.2,1,0.004758653540806605,3.0,0.0,0.0,1.0,10.0,1.0,0.0,1.0,1.0,1.0,0.0,0.0,0.0,2.0
703,704,sony,1,0,74990,4.6,65.0,led,1,22.4,1,0.0033124416588878516,4.0,0.0,0.0,1.0,10.0,2.0,1.0,2.0,1.0,1.0,1.0,2.0,1.0,2.0
704,705,lg,0,0,13790,4.15,32.0,led,1,16.0,1,0.011134880348078318,3.0,0.0,1.0,0.0,10.0,0.0,0.0,0.0,1.0,0.0,0.0,0.0,0.0,2.0
705,706,xiaomi,0,0,11999,4.15,32.0,led,1,16.0,1,0.011759313276106345,4.0,0.0,0.0,1.0,8.0,0.0,0.0,0.0,1.0,0.0,1.0,0.0,0.0,2.0
706,707,samsung,1,0,35000,4.05,43.0,led,1,22.4,1,0.00486,4.0,1.0,0.0,0.0,10.0,4.0,1.0,2.0,1.0,2.0,1.0,1.0,0.0,2.0
707,708,samsung,1,0,114990,4.3,65.0,qled,1,19.2,1,0.0023184624749978257,4.0,0.0,0.0,1.0,10.0,2.0,1.0,2.0,3.0,1.0,1.0,3.0,1.0,1.0
708,709,samsung,1,0,54990,4.0,55.0,qled,1,19.2,1,0.004000727404982724,4.0,0.0,0.0,1.0,10.0,3.0,1.0,2.0,1.0,1.0,1.0,2.0,1.0,2.0
709,710,samsung,1,0,129990,4.1,65.0,qled,1,19.2,1,0.001860912377875221,4.0,0.0,0.0,1.0,10.0,2.0,1.0,2.0,3.0,1.0,1.0,3.0,1.0,1.0
710,711,samsung,1,0,45990,4.25,55.0,led,1,22.4,1,0.004066101326375299,4.0,1.0,0.0,0.0,10.0,3.0,1.0,2.0,1.0,1.0,1.0,1.0,1.0,2.0
711,712,samsung,1,0,94990,4.25,75.0,led,1,25.6,1,0.002550268449310454,3.0,0.0,0.0,1.0,10.0,1.0,1.0,2.0,1.0,1.0,0.0,3.0,1.0,2.0
712,713,foxsky,1,0,24999,4.25,50.0,led,1,25.6,1,0.006630265210608425,4.0,1.0,0.0,0.0,4.0,4.0,1.0,2.0,2.0,0.0,1.0,0.0,1.0,2.0
713,714,thomson,1,0,30999,4.25,54.72,led,1,22.4,1,0.005895351462950418,4.0,0.0,0.0,1.0,7.0,3.0,1.0,2.0,3.0,1.0,1.0,1.0,1.0,1.0
714,715,tseries,0,0,7389,4.75,23.62,led,0,16.0,1,0.012856949519556097,3.0,0.0,0.0,1.0,3.0,0.0,0.0,0.0,1.0,0.0,1.0,0.0,0.0,2.0
715,716,lg,1,0,69990,4.65,65.0,led,1,19.2,1,0.0035212173167595375,4.0,0.0,0.0,1.0,10.0,2.0,1.0,2.0,1.0,1.0,1.0,2.0,1.0,2.0
716,717,lg,1,0,89990,4.6,55.0,oled,1,32.0,1,0.00327147460828981,4.0,0.0,0.0,1.0,10.0,3.0,1.0,2.0,3.0,1.0,1.0,3.0,1.0,1.0
717,718,foxsky,0,1,12999,4.7,43.0,led,1,19.2,1,0.013016385875836605,4.0,0.0,0.0,1.0,4.0,1.0,0.0,1.0,2.0,0.0,1.0,0.0,0.0,2.0
718,719,samsung,1,0,59990,4.4,55.0,qled,1,25.6,1,0.004180696782797133,4.0,0.0,0.0,1.0,10.0,3.0,1.0,2.0,1.0,1.0,1.0,3.0,1.0,2.0
719,720,samsung,1,0,54990,4.0,50.0,qled,1,19.2,1,0.0038552464084378978,4.0,0.0,0.0,1.0,10.0,4.0,1.0,2.0,1.0,1.0,1.0,2.0,1.0,2.0
720,721,samsung,1,0,79990,4.05,65.0,led,1,19.2,1,0.0030885110638829852,4.0,0.0,0.0,1.0,10.0,2.0,1.0,2.0,1.0,1.0,1.0,3.0,1.0,2.0
721,722,samsung,1,0,114990,4.75,65.0,qled,1,19.2,1,0.002561092268892947,4.0,0.0,0.0,1.0,10.0,2.0,1.0,2.0,3.0,1.0,1.0,3.0,1.0,1.0
722,723,samsung,1,0,74990,4.65,55.0,qled,1,22.4,1,0.003472462995066009,4.0,0.0,0.0,1.0,10.0,3.0,1.0,2.0,3.0,1.0,1.0,2.0,1.0,1.0
723,724,samsung,1,0,33990,4.45,43.0,led,1,19.2,1,0.005629596940276552,3.0,0.0,0.0,1.0,10.0,4.0,1.0,2.0,1.0,2.0,0.0,1.0,0.0,2.0
724,725,samsung,1,0,89990,4.1,75.0,led,1,22.4,1,0.002551394599399933,4.0,0.0,0.0,1.0,10.0,1.0,1.0,2.0,1.0,1.0,1.0,2.0,1.0,2.0
725,726,samsung,1,0,43990,4.3,55.0,led,1,19.2,1,0.004496476471925437,3.0,0.0,0.0,1.0,10.0,3.0,1.0,2.0,1.0,1.0,0.0,1.0,1.0,2.0
726,727,samsung,1,0,32990,4.25,43.0,led,1,19.2,1,0.005539557441648984,3.0,0.0,0.0,1.0,10.0,4.0,1.0,2.0,1.0,2.0,0.0,1.0,0.0,2.0
727,728,compaq,0,0,9999,4.35,32.0,led,1,16.0,1,0.015226522652265227,4.0,0.0,0.0,1.0,3.0,0.0,0.0,0.0,1.0,2.0,1.0,0.0,0.0,2.0
728,729,lg,1,0,59999,4.75,65.0,led,1,22.4,1,0.004116735278921316,4.0,0.0,0.0,1.0,10.0,2.0,1.0,2.0,1.0,1.0,1.0,2.0,1.0,2.0
729,730,samsung,1,0,33990,4.35,43.0,led,1,19.2,1,0.005503089143865842,4.0,0.0,0.0,1.0,10.0,4.0,1.0,2.0,1.0,1.0,1.0,1.0,0.0,2.0
730,731,samsung,0,0,15212,4.15,32.0,led,0,16.0,1,0.006001840652116751,2.0,0.0,0.0,1.0,10.0,0.0,0.0,0.0,1.0,0.0,0.0,0.0,0.0,2.0
731,732,xiaomi,1,0,38626,4.35,55.0,led,1,25.6,1,0.0052930668461657945,4.0,0.0,0.0,1.0,8.0,3.0,1.0,2.0,1.0,1.0,1.0,1.0,1.0,2.0
732,733,samsung,0,0,22499,4.4,32.0,led,1,16.0,1,0.00606249166629628,3.0,0.0,0.0,1.0,10.0,0.0,0.0,0.0,0.0,0.0,0.0,0.0,0.0,2.0
733,734,lg,0,1,34420,4.05,43.0,led,1,19.2,1,0.004588901801278326,3.0,0.0,0.0,1.0,10.0,1.0,0.0,1.0,1.0,0.0,0.0,0.0,0.0,2.0
734,735,lg,1,0,124999,4.25,75.0,led,1,16.0,1,0.002006016048128385,5.0,0.0,0.0,1.0,10.0,1.0,1.0,2.0,1.0,1.0,1.0,3.0,1.0,2.0
735,736,samsung,1,0,128999,4.05,55.0,qled,1,28.8,1,0.0017895487561919083,4.0,0.0,0.0,1.0,10.0,3.0,1.0,2.0,3.0,1.0,1.0,3.0,1.0,1.0
736,737,rgl,0,1,9006,4.6,32.0,led,1,19.2,1,0.015323117921385743,4.0,0.0,0.0,1.0,2.0,1.0,0.0,1.0,1.0,0.0,1.0,0.0,0.0,2.0
737,738,xiaomi,0,0,12999,4.35,32.0,led,1,16.0,1,0.01137779829217632,4.0,0.0,0.0,1.0,8.0,0.0,0.0,0.0,1.0,0.0,1.0,0.0,0.0,2.0
738,739,lg,1,0,89999,4.6,65.0,led,1,19.2,1,0.0028111423460260667,4.0,0.0,0.0,1.0,10.0,2.0,1.0,2.0,1.0,1.0,1.0,2.0,1.0,2.0
739,740,lloyd,1,0,28599,4.45,43.0,qled,1,19.2,1,0.00715759292282947,4.0,0.0,0.0,1.0,5.0,4.0,1.0,2.0,1.0,1.0,1.0,1.0,0.0,2.0
740,741,ifflacon,1,0,34999,4.45,55.0,led,1,22.4,1,0.006357324494985571,3.0,0.0,0.0,1.0,,3.0,1.0,2.0,1.0,1.0,0.0,1.0,1.0,2.0
741,742,lg,1,0,97990,4.25,75.0,led,1,22.4,1,0.0028625369935707727,3.0,0.0,1.0,0.0,10.0,1.0,1.0,2.0,1.0,2.0,0.0,3.0,1.0,2.0
742,743,tcl,1,0,79990,4.75,75.0,qled,1,16.0,1,0.003919239904988123,3.0,1.0,0.0,0.0,8.0,1.0,1.0,2.0,1.0,1.0,0.0,3.0,1.0,2.0
743,744,sansui,0,1,23990,4.2,43.0,led,1,19.2,1,0.006827844935389746,4.0,1.0,0.0,0.0,5.0,1.0,0.0,1.0,1.0,2.0,1.0,0.0,0.0,2.0
744,745,samsung,1,0,44290,4.1,50.0,led,1,25.6,1,0.005184014450214495,3.0,0.0,1.0,0.0,10.0,4.0,1.0,2.0,2.0,1.0,0.0,2.0,1.0,2.0
745,746,samsung,1,0,240990,4.1,65.0,micro,1,41.6,1,0.0013610523258226483,4.0,0.0,1.0,0.0,10.0,2.0,1.0,2.0,3.0,2.0,1.0,4.0,1.0,0.0
746,747,samsung,1,0,77590,4.55,65.0,led,1,28.8,1,0.003694419383941229,3.0,0.0,1.0,0.0,10.0,2.0,1.0,2.0,2.0,1.0,0.0,3.0,1.0,2.0
747,748,samsung,1,0,54490,4.4,43.0,qled,1,19.2,1,0.004441181868232703,4.0,0.0,1.0,0.0,10.0,4.0,1.0,2.0,1.0,1.0,1.0,2.0,0.0,2.0
748,749,samsung,1,0,62999,4.4,65.0,led,1,28.8,1,0.004190542707027096,3.0,0.0,0.0,1.0,10.0,2.0,1.0,2.0,2.0,1.0,0.0,3.0,1.0,2.0
749,750,samsung,1,0,37990,4.25,43.0,led,1,22.4,1,0.005817320347459858,3.0,0.0,1.0,0.0,10.0,4.0,1.0,2.0,2.0,1.0,0.0,2.0,0.0,2.0
750,751,tcl,1,0,67999,4.6,65.0,qled,1,32.0,1,0.004735363755349343,3.0,0.0,0.0,1.0,8.0,2.0,1.0,2.0,2.0,2.0,0.0,4.0,1.0,1.0
751,752,tseries,0,1,20099,4.75,43.0,led,1,19.2,1,0.008980546295835614,4.0,0.0,0.0,1.0,3.0,1.0,0.0,1.0,1.0,1.0,1.0,0.0,0.0,2.0
752,753,hisense,0,0,13999,4.7,32.0,qled,1,16.0,1,0.013429530680762912,4.0,0.0,0.0,1.0,8.0,0.0,0.0,0.0,1.0,2.0,1.0,1.0,0.0,2.0
753,754,lg,1,0,72790,4.45,65.0,led,1,19.2,1,0.0037903558181068835,3.0,0.0,1.0,0.0,10.0,2.0,1.0,2.0,1.0,1.0,0.0,3.0,1.0,2.0
754,755,lg,1,0,67999,4.15,65.0,led,1,25.6,1,0.003600788246885984,3.0,1.0,0.0,0.0,10.0,2.0,1.0,2.0,1.0,1.0,0.0,3.0,1.0,2.0
755,756,croma,0,0,13490,4.0,32.0,led,1,16.0,1,0.01156412157153447,4.0,0.0,1.0,0.0,6.0,0.0,0.0,0.0,1.0,0.0,1.0,0.0,0.0,2.0
756,757,realme,0,1,21899,4.55,43.0,led,1,19.2,1,0.008726425864194712,4.0,0.0,0.0,1.0,7.0,1.0,0.0,1.0,2.0,0.0,1.0,1.0,0.0,2.0
757,758,toshiba,1,0,27990,4.25,43.0,led,1,25.6,1,0.0074401571989996425,4.0,1.0,0.0,0.0,8.0,4.0,1.0,2.0,2.0,0.0,1.0,1.0,0.0,2.0
758,759,hisense,1,0,49990,4.2,65.0,led,1,22.4,1,0.0047049409881976395,4.0,1.0,0.0,0.0,8.0,2.0,1.0,2.0,2.0,1.0,1.0,2.0,1.0,2.0
759,760,samsung,1,0,96889,4.65,65.0,qled,1,19.2,1,0.0032635283675133404,4.0,1.0,0.0,0.0,10.0,2.0,1.0,2.0,1.0,1.0,1.0,4.0,1.0,2.0
760,761,toshiba,1,0,31990,4.55,50.0,led,1,22.4,1,0.007253829321663019,5.0,1.0,0.0,0.0,8.0,4.0,1.0,2.0,2.0,0.0,1.0,2.0,1.0,2.0
761,762,samsung,1,0,86990,4.5,75.0,led,1,22.4,1,0.003465915622485343,3.0,1.0,0.0,0.0,10.0,1.0,1.0,2.0,1.0,1.0,0.0,4.0,1.0,2.0
762,763,samsung,1,0,180990,4.5,55.0,oled,1,41.6,1,0.0020387866732968674,5.0,0.0,1.0,0.0,10.0,3.0,1.0,2.0,3.0,2.0,1.0,4.0,1.0,0.0
763,764,samsung,1,0,102490,4.25,75.0,led,1,22.4,1,0.002778319836081569,3.0,0.0,1.0,0.0,10.0,1.0,1.0,2.0,1.0,1.0,0.0,4.0,1.0,2.0
764,765,samsung,1,0,107999,4.55,55.0,oled,1,38.4,1,0.0031597514791803626,4.0,0.0,0.0,1.0,10.0,3.0,1.0,2.0,1.0,1.0,1.0,4.0,1.0,2.0
765,766,samsung,1,0,219990,4.55,65.0,oled,1,41.6,1,0.0017373516978044456,5.0,1.0,0.0,0.0,10.0,2.0,1.0,2.0,3.0,2.0,1.0,4.0,1.0,0.0
766,767,samsung,1,0,570990,4.4,100.0,qled,1,44.8,1,0.0006318849717157919,4.0,0.0,1.0,0.0,10.0,1.0,1.0,2.0,2.0,2.0,1.0,4.0,0.0,2.0
767,768,samsung,1,0,124990,4.2,65.0,qled,1,19.2,1,0.0022177774221937754,4.0,0.0,1.0,0.0,10.0,2.0,1.0,2.0,1.0,1.0,1.0,3.0,1.0,2.0
768,769,toshiba,0,1,24990,4.35,43.0,qled,1,19.2,1,0.00783313325330132,4.0,1.0,0.0,0.0,8.0,1.0,0.0,1.0,1.0,2.0,1.0,1.0,0.0,2.0
769,770,hisense,1,0,35990,4.15,55.0,led,1,22.4,1,0.006226729647124202,4.0,1.0,0.0,0.0,8.0,3.0,1.0,2.0,2.0,1.0,1.0,2.0,1.0,2.0
770,771,motorola,0,1,22499,4.3,43.0,qled,1,19.2,1,0.008791501844526423,4.0,0.0,0.0,1.0,7.0,1.0,0.0,1.0,3.0,0.0,1.0,1.0,0.0,1.0
771,772,croma,1,0,41990,4.65,55.0,qled,1,32.0,1,0.006312217194570136,4.0,0.0,1.0,0.0,6.0,3.0,1.0,2.0,1.0,1.0,1.0,3.0,1.0,2.0
772,773,coocaa,1,0,63999,4.35,75.0,miniled,1,32.0,1,0.004689917029953593,4.0,1.0,0.0,0.0,5.0,1.0,1.0,2.0,3.0,1.0,1.0,4.0,1.0,1.0
773,774,akai,0,0,12980,4.4,32.0,led,1,16.0,1,0.011864406779661017,4.0,0.0,0.0,1.0,3.0,0.0,0.0,0.0,1.0,0.0,1.0,0.0,0.0,2.0
774,775,onida,1,0,32999,4.55,55.0,qled,1,22.4,1,0.006342616442922513,4.0,1.0,0.0,0.0,6.0,3.0,1.0,2.0,1.0,1.0,1.0,1.0,1.0,2.0
775,776,samsung,1,0,291490,4.0,98.0,qled,1,38.4,1,0.0009743044358297026,3.0,0.0,1.0,0.0,10.0,1.0,1.0,2.0,1.0,2.0,0.0,4.0,0.0,2.0
776,777,bush,1,0,25499,4.0,55.0,led,1,19.2,1,0.006745362563237774,4.0,0.0,0.0,1.0,3.0,3.0,1.0,2.0,1.0,1.0,1.0,1.0,1.0,2.0
777,778,bush,0,1,14999,4.2,43.0,led,1,19.2,1,0.010080672044802988,4.0,0.0,0.0,1.0,3.0,1.0,0.0,1.0,1.0,1.0,1.0,0.0,0.0,2.0
778,779,haier,0,1,26980,4.5,43.0,led,1,19.2,1,0.00650481838398814,4.0,0.0,0.0,1.0,7.0,1.0,0.0,1.0,1.0,1.0,1.0,0.0,0.0,2.0
779,780,realme,1,0,97499,4.3,85.0,qled,1,32.0,1,0.003175417183765987,4.0,0.0,0.0,1.0,7.0,1.0,1.0,2.0,2.0,1.0,1.0,4.0,0.0,2.0
780,781,realme,1,0,44499,4.45,65.0,qled,1,32.0,1,0.005900132587249152,4.0,0.0,0.0,1.0,7.0,2.0,1.0,2.0,3.0,1.0,1.0,3.0,1.0,1.0
781,782,onida,1,0,27799,4.6,43.0,qled,1,25.6,1,0.008273678909313284,4.0,0.0,0.0,1.0,6.0,4.0,1.0,2.0,1.0,1.0,1.0,1.0,0.0,2.0
782,783,onida,1,0,26499,4.75,43.0,led,1,22.4,1,0.00878335031510623,3.0,0.0,0.0,1.0,6.0,4.0,1.0,2.0,1.0,1.0,0.0,1.0,0.0,2.0
783,784,onida,1,0,32499,4.35,50.0,qled,1,22.4,1,0.006960214160435706,4.0,0.0,0.0,1.0,6.0,4.0,1.0,2.0,1.0,1.0,1.0,2.0,1.0,2.0
784,785,realme,0,0,11199,4.6,32.0,qled,1,16.0,1,0.015197785516563977,4.0,0.0,0.0,1.0,7.0,0.0,0.0,0.0,1.0,0.0,1.0,0.0,0.0,2.0
785,786,rgl,1,0,21986,4.45,43.0,led,1,25.6,1,0.007893659601564632,4.0,0.0,0.0,1.0,2.0,4.0,1.0,2.0,2.0,0.0,1.0,0.0,0.0,2.0
786,787,rgl,0,1,18987,4.55,43.0,led,0,19.2,1,0.007189129404329278,3.0,0.0,0.0,1.0,2.0,1.0,0.0,1.0,2.0,1.0,1.0,0.0,0.0,2.0
787,788,rgl,1,0,37006,4.75,55.0,led,0,25.6,1,0.0053910176728098145,3.0,0.0,0.0,1.0,2.0,3.0,1.0,2.0,2.0,0.0,1.0,1.0,1.0,2.0
788,789,wobble,0,1,18999,4.5,43.0,led,1,19.2,1,0.008526764566556135,4.0,0.0,0.0,1.0,4.0,1.0,0.0,1.0,2.0,1.0,1.0,0.0,0.0,2.0
789,790,wobble,1,0,43999,4.35,65.0,led,1,16.0,1,0.005437623582354144,4.0,0.0,0.0,1.0,4.0,2.0,1.0,2.0,3.0,1.0,1.0,2.0,1.0,1.0
790,791,wobble,1,0,33999,4.4,50.0,qled,1,22.4,1,0.006470778552310363,4.0,0.0,0.0,1.0,4.0,4.0,1.0,2.0,3.0,1.0,1.0,1.0,1.0,0.0
791,792,wobble,1,0,37999,4.5,55.0,qled,1,22.4,1,0.006039632621911103,4.0,0.0,0.0,1.0,4.0,3.0,1.0,2.0,3.0,1.0,1.0,2.0,1.0,0.0
792,793,wobble,1,0,25999,4.25,43.0,qled,1,22.4,1,0.007846455632908958,4.0,1.0,0.0,0.0,4.0,4.0,1.0,2.0,3.0,1.0,1.0,1.0,0.0,0.0
793,794,blaupunkt,0,0,9749,4.0,32.0,qled,1,16.0,1,0.013950148733203405,4.0,0.0,0.0,1.0,6.0,0.0,0.0,0.0,3.0,0.0,1.0,0.0,0.0,1.0
794,795,thomson,0,0,9749,4.05,32.0,qled,0,16.0,1,0.012878243922453585,3.0,0.0,0.0,1.0,7.0,0.0,0.0,0.0,3.0,0.0,1.0,0.0,0.0,1.0
795,796,motorola,1,0,43999,4.55,65.0,qled,1,32.0,1,0.006308097911316166,4.0,0.0,0.0,1.0,7.0,2.0,1.0,2.0,3.0,1.0,1.0,3.0,1.0,1.0
796,797,realme,1,0,31999,4.35,55.0,led,1,32.0,1,0.006525203912622269,4.0,0.0,0.0,1.0,7.0,3.0,1.0,2.0,2.0,1.0,1.0,1.0,1.0,2.0
797,798,motorola,1,0,32999,4.15,55.0,qled,1,32.0,1,0.007419921815812601,4.0,0.0,0.0,1.0,7.0,3.0,1.0,2.0,3.0,1.0,1.0,3.0,1.0,1.0
798,799,realme,1,0,42499,4.5,65.0,led,1,32.0,1,0.005400127061813219,4.0,0.0,0.0,1.0,7.0,2.0,1.0,2.0,2.0,1.0,1.0,2.0,1.0,2.0
799,800,haier,1,0,60490,4.3,65.0,led,1,32.0,1,0.003909737146635808,4.0,1.0,0.0,0.0,7.0,2.0,1.0,2.0,1.0,1.0,1.0,2.0,1.0,2.0
800,801,haier,1,0,41490,4.3,55.0,led,1,32.0,1,0.005285610990600144,4.0,1.0,0.0,0.0,7.0,3.0,1.0,2.0,1.0,1.0,1.0,2.0,1.0,2.0
801,802,croma,1,0,27990,4.55,50.0,led,1,16.0,1,0.00780278670953912,4.0,0.0,1.0,0.0,6.0,4.0,1.0,2.0,1.0,1.0,1.0,1.0,1.0,2.0
802,803,vw,1,0,29999,4.75,55.0,qled,1,16.0,1,0.008233607786926231,4.0,0.0,0.0,1.0,,3.0,1.0,2.0,3.0,1.0,1.0,2.0,1.0,1.0
803,804,motorola,0,1,22499,4.05,43.0,qled,1,19.2,1,0.007200320014222854,4.0,0.0,0.0,1.0,7.0,1.0,0.0,1.0,3.0,0.0,1.0,1.0,0.0,1.0
804,805,croma,0,1,8490,4.75,32.0,led,0,16.0,1,0.01174911660777385,3.0,0.0,1.0,0.0,6.0,0.0,0.0,0.0,1.0,0.0,1.0,0.0,0.0,2.0
805,806,croma,1,0,23990,4.15,43.0,led,0,16.0,1,0.007438516048353481,3.0,0.0,1.0,0.0,6.0,4.0,1.0,2.0,1.0,1.0,1.0,1.0,0.0,2.0
806,807,realme,1,0,30499,4.2,55.0,qled,1,25.6,1,0.006885471654808354,4.0,0.0,0.0,1.0,7.0,3.0,1.0,2.0,2.0,0.0,1.0,1.0,1.0,2.0
807,808,croma,1,0,36990,4.15,55.0,qled,1,25.6,1,0.005609624222762909,4.0,0.0,1.0,0.0,6.0,3.0,1.0,2.0,1.0,1.0,1.0,1.0,1.0,2.0
808,809,hisense,1,0,41990,4.4,55.0,led,1,16.0,1,0.005763276970707312,4.0,0.0,0.0,1.0,8.0,3.0,1.0,2.0,3.0,1.0,1.0,2.0,1.0,1.0
809,810,haier,1,0,105990,4.55,65.0,miniled,1,64.0,1,0.0034342862534201338,4.0,1.0,0.0,0.0,7.0,2.0,1.0,2.0,3.0,2.0,1.0,4.0,1.0,1.0
810,811,lg,1,0,78740,4.6,55.0,miniled,1,38.4,1,0.004089408178816358,4.0,1.0,0.0,0.0,10.0,3.0,1.0,2.0,1.0,1.0,1.0,4.0,1.0,2.0
811,812,onida,1,0,24493,4.45,43.0,led,1,22.4,1,0.0078124362062630135,4.0,0.0,0.0,1.0,6.0,4.0,1.0,2.0,1.0,1.0,1.0,1.0,0.0,2.0
812,813,vzy,1,0,27990,4.45,43.0,qled,0,32.0,1,0.00779028224365845,3.0,0.0,0.0,1.0,2.0,4.0,1.0,2.0,3.0,1.0,1.0,1.0,0.0,1.0
813,814,sansui,1,0,37490,4.0,55.0,led,1,16.0,1,0.005334755934915978,4.0,0.0,0.0,1.0,5.0,3.0,1.0,2.0,1.0,1.0,1.0,1.0,1.0,2.0
814,815,onida,1,0,47999,4.75,55.0,miniled,1,19.2,1,0.005739702910477301,4.0,1.0,0.0,0.0,6.0,3.0,1.0,2.0,1.0,1.0,1.0,3.0,1.0,2.0
815,816,kodak,1,0,44999,4.45,65.0,qled,1,22.4,1,0.005537900842240939,4.0,0.0,0.0,1.0,6.0,2.0,1.0,2.0,3.0,1.0,1.0,2.0,1.0,0.0
816,817,haier,1,0,60490,4.15,65.0,led,1,22.4,1,0.0032244999173417096,4.0,0.0,0.0,1.0,7.0,2.0,1.0,2.0,1.0,1.0,1.0,1.0,1.0,2.0
817,818,kodak,1,0,64999,4.35,75.0,qled,1,25.6,1,0.004015446391482946,4.0,0.0,0.0,1.0,6.0,1.0,1.0,2.0,3.0,1.0,1.0,3.0,1.0,0.0
818,819,vu,1,0,93999,4.5,75.0,qled,1,16.0,1,0.00368620942775987,4.0,0.0,0.0,1.0,7.0,1.0,1.0,2.0,1.0,2.0,1.0,4.0,1.0,2.0
819,820,sansui,0,1,26990,4.5,43.0,led,1,19.2,1,0.006669136717302705,4.0,1.0,0.0,0.0,5.0,1.0,0.0,1.0,1.0,0.0,1.0,1.0,0.0,2.0
820,821,sansui,1,0,279990,4.3,100.0,qled,1,32.0,1,0.0012593306903817992,4.0,1.0,0.0,0.0,5.0,1.0,1.0,2.0,3.0,2.0,1.0,4.0,0.0,1.0
821,822,lg,0,0,15800,4.05,32.0,led,1,16.0,1,0.00871518987341772,3.0,0.0,0.0,1.0,10.0,0.0,0.0,0.0,0.0,0.0,0.0,0.0,0.0,2.0
822,823,acer,1,0,27999,4.75,50.0,qled,1,16.0,1,0.00933069038179935,4.0,1.0,0.0,0.0,7.0,4.0,1.0,2.0,3.0,1.0,1.0,2.0,1.0,1.0
823,824,elista,1,0,25960,4.7,43.0,led,1,16.0,1,0.007785053929121726,4.0,0.0,0.0,1.0,3.0,4.0,1.0,2.0,1.0,1.0,1.0,1.0,0.0,2.0
824,825,croma,0,0,58990,4.65,65.0,qled,1,32.0,1,0.004650788269198169,4.0,0.0,1.0,0.0,6.0,2.0,1.0,2.0,3.0,1.0,1.0,3.0,1.0,1.0
825,826,acer,1,0,43999,4.3,65.0,led,1,16.0,1,0.005472851655719447,4.0,0.0,0.0,1.0,7.0,2.0,1.0,2.0,3.0,1.0,1.0,2.0,1.0,1.0
826,827,acer,1,0,30999,4.4,55.0,led,1,16.0,1,0.007664763379463854,4.0,1.0,0.0,0.0,7.0,3.0,1.0,2.0,3.0,1.0,1.0,2.0,1.0,1.0
827,828,wobble,1,0,20499,4.15,43.0,led,1,16.0,1,0.009919996097370605,4.0,1.0,0.0,0.0,4.0,4.0,1.0,2.0,2.0,1.0,1.0,1.0,0.0,2.0
828,829,toshiba,1,0,249999,4.15,98.0,qled,1,16.0,1,0.0013280053120212482,4.0,1.0,0.0,0.0,8.0,1.0,1.0,2.0,3.0,1.0,1.0,4.0,0.0,1.0
829,830,metz,0,0,13999,4.1,32.0,qled,1,16.0,1,0.010250732195156797,4.0,0.0,0.0,1.0,2.0,0.0,0.0,0.0,1.0,2.0,1.0,0.0,0.0,2.0
830,831,tcl,1,0,399990,4.4,98.0,miniled,1,64.0,1,0.0009020225505637641,3.0,0.0,1.0,0.0,8.0,1.0,1.0,2.0,1.0,2.0,0.0,4.0,0.0,2.0
831,832,metz,0,1,35999,4.25,43.0,qled,1,19.2,1,0.0050765299036084335,4.0,0.0,0.0,1.0,2.0,1.0,0.0,1.0,1.0,0.0,1.0,1.0,0.0,2.0
832,833,toshiba,1,0,77499,4.2,75.0,qled,1,28.8,1,0.0035768203460689813,4.0,1.0,0.0,0.0,8.0,1.0,1.0,2.0,3.0,1.0,1.0,3.0,1.0,1.0
833,834,motorola,1,0,62999,4.35,75.0,qled,1,32.0,1,0.00421197161859712,4.0,0.0,0.0,1.0,7.0,1.0,1.0,2.0,2.0,1.0,1.0,3.0,1.0,2.0
834,835,metz,1,0,24999,4.25,43.0,qled,1,32.0,1,0.009350374014960599,4.0,0.0,0.0,1.0,2.0,4.0,1.0,2.0,2.0,1.0,1.0,2.0,0.0,2.0
835,836,metz,1,0,55999,4.15,65.0,led,1,32.0,1,0.003927748709798389,4.0,0.0,0.0,1.0,2.0,2.0,1.0,2.0,2.0,1.0,1.0,2.0,1.0,2.0
836,837,metz,1,0,59999,4.35,65.0,qled,1,32.0,1,0.004712578542975716,4.0,0.0,0.0,1.0,2.0,2.0,1.0,2.0,2.0,1.0,1.0,3.0,1.0,2.0
837,838,metz,1,0,35999,4.3,55.0,led,1,32.0,1,0.005852940359454429,4.0,0.0,0.0,1.0,2.0,3.0,1.0,2.0,2.0,0.0,1.0,1.0,1.0,2.0
838,839,sansui,1,0,58490,4.05,65.0,qled,1,32.0,1,0.004500769362284151,4.0,1.0,0.0,0.0,5.0,2.0,1.0,2.0,2.0,1.0,1.0,3.0,1.0,2.0
839,840,blaupunkt,1,0,24999,4.05,50.0,qled,1,16.0,1,0.007290291611664466,4.0,0.0,0.0,1.0,6.0,4.0,1.0,2.0,3.0,1.0,1.0,1.0,1.0,1.0
840,841,blaupunkt,1,0,28999,4.05,55.0,qled,1,16.0,1,0.006424359460671057,4.0,0.0,0.0,1.0,6.0,3.0,1.0,2.0,3.0,1.0,1.0,1.0,1.0,1.0
841,842,tcl,1,0,64999,4.65,65.0,qled,1,16.0,1,0.004650071539562147,4.0,0.0,0.0,1.0,8.0,2.0,1.0,2.0,1.0,1.0,1.0,3.0,1.0,2.0
842,843,tcl,1,0,99999,4.3,75.0,qled,1,16.0,1,0.0028810288102881026,4.0,0.0,0.0,1.0,8.0,1.0,1.0,2.0,1.0,1.0,1.0,4.0,1.0,2.0
843,844,thomson,1,0,27999,4.75,55.0,qled,1,16.0,1,0.007803850137504911,4.0,0.0,0.0,1.0,7.0,3.0,1.0,2.0,3.0,1.0,1.0,1.0,1.0,1.0
844,845,nacson,0,1,19999,4.45,43.0,led,1,19.2,1,0.00823291164558228,4.0,0.0,0.0,1.0,2.0,1.0,0.0,1.0,2.0,2.0,1.0,0.0,0.0,2.0
845,846,bpl,0,0,12490,4.6,32.0,led,1,16.0,1,0.011417133706965572,4.0,0.0,0.0,1.0,3.0,0.0,0.0,0.0,1.0,1.0,1.0,0.0,0.0,2.0
846,847,panasonic,1,0,46636,4.6,55.0,led,1,16.0,1,0.005227721073848528,4.0,0.0,0.0,1.0,8.0,3.0,1.0,2.0,1.0,1.0,1.0,2.0,1.0,2.0
847,848,skylive,0,0,8244,4.1,32.0,led,1,16.0,1,0.015417273168364871,4.0,0.0,0.0,1.0,2.0,0.0,0.0,0.0,1.0,1.0,1.0,0.0,0.0,2.0
848,849,croma,1,0,29990,4.55,50.0,led,1,32.0,1,0.007282427475825274,4.0,0.0,1.0,0.0,6.0,4.0,1.0,2.0,1.0,1.0,1.0,1.0,1.0,2.0
849,850,sansui,0,0,12799,4.6,32.0,qled,1,16.0,1,0.013657316977888896,4.0,0.0,0.0,1.0,5.0,0.0,0.0,0.0,1.0,0.0,1.0,0.0,0.0,2.0
850,851,coocaa,0,1,22999,4.65,50.0,led,1,19.2,1,0.007076394625853298,4.0,0.0,0.0,1.0,5.0,0.0,0.0,1.0,1.0,1.0,1.0,0.0,1.0,2.0
851,852,nacson,0,0,11999,4.2,32.0,qled,1,16.0,1,0.013301108425702141,4.0,0.0,0.0,1.0,2.0,0.0,0.0,0.0,2.0,2.0,1.0,0.0,0.0,2.0
852,853,sansui,1,0,82990,4.1,75.0,qled,1,32.0,1,0.0033100373538980598,4.0,1.0,0.0,0.0,5.0,1.0,1.0,2.0,2.0,1.0,1.0,4.0,1.0,2.0
853,854,sansui,0,1,22490,4.35,43.0,led,1,19.2,1,0.00793019119608715,4.0,0.0,0.0,1.0,5.0,1.0,0.0,1.0,1.0,0.0,1.0,1.0,0.0,2.0
854,855,sansui,0,1,21990,4.25,43.0,led,1,19.2,1,0.006957708049113233,4.0,1.0,0.0,0.0,5.0,1.0,0.0,1.0,1.0,1.0,1.0,0.0,0.0,2.0
855,856,sansui,0,1,28990,4.55,43.0,led,1,32.0,1,0.006905829596412555,4.0,1.0,0.0,0.0,5.0,1.0,0.0,1.0,2.0,1.0,1.0,1.0,0.0,2.0
856,857,tcl,1,0,129999,4.75,75.0,qled,1,64.0,1,0.0028500219232455632,4.0,0.0,0.0,1.0,8.0,1.0,1.0,2.0,1.0,2.0,1.0,4.0,1.0,2.0
857,858,nacson,0,0,12490,4.45,32.0,led,1,16.0,1,0.011044835868694957,4.0,0.0,0.0,1.0,2.0,0.0,0.0,0.0,1.0,1.0,1.0,0.0,0.0,2.0
858,859,panasonic,1,0,28599,4.5,43.0,led,1,16.0,1,0.007395363474247351,4.0,0.0,0.0,1.0,8.0,4.0,1.0,2.0,1.0,1.0,1.0,1.0,0.0,2.0
859,860,blaupunkt,0,0,9149,4.35,32.0,qled,1,16.0,1,0.015690239370422996,4.0,0.0,0.0,1.0,6.0,0.0,0.0,0.0,3.0,0.0,1.0,0.0,0.0,1.0
860,861,lg,1,0,524990,4.0,100.0,miniled,1,44.8,1,0.0006095354197222804,4.0,0.0,1.0,0.0,10.0,1.0,1.0,2.0,3.0,2.0,1.0,4.0,0.0,1.0
861,862,sansui,0,0,12390,4.6,32.0,led,1,16.0,1,0.011509281678773204,4.0,1.0,0.0,0.0,5.0,0.0,0.0,0.0,1.0,1.0,1.0,0.0,0.0,2.0
862,863,hisense,1,0,37990,4.45,58.0,led,1,25.6,1,0.005856804422216373,4.0,0.0,0.0,1.0,8.0,2.0,1.0,2.0,1.0,1.0,1.0,1.0,1.0,2.0
863,864,sansui,0,0,12790,4.45,32.0,qled,1,16.0,1,0.011481626270523846,4.0,1.0,0.0,0.0,5.0,0.0,0.0,0.0,1.0,1.0,1.0,0.0,0.0,2.0
864,865,uniboom,0,0,7790,4.05,32.0,led,0,16.0,1,0.010917843388960204,3.0,1.0,0.0,0.0,4.0,0.0,0.0,0.0,2.0,0.0,1.0,0.0,0.0,2.0
865,866,innoq,0,0,7489,4.0,32.0,led,1,16.0,1,0.01655761783949793,4.0,0.0,0.0,1.0,3.0,0.0,0.0,0.0,2.0,0.0,1.0,0.0,0.0,2.0
866,867,hisense,0,1,17818,4.3,40.0,led,1,19.2,1,0.007722527780895723,3.0,0.0,0.0,1.0,8.0,1.0,0.0,1.0,1.0,0.0,0.0,0.0,0.0,2.0
867,868,blaupunkt,1,0,58999,4.5,65.0,led,1,16.0,1,0.004881438668452007,4.0,0.0,0.0,1.0,6.0,2.0,1.0,2.0,0.0,1.0,1.0,3.0,1.0,2.0
868,869,realme,1,0,43999,4.15,65.0,qled,1,22.4,1,0.004810336598559058,4.0,0.0,0.0,1.0,7.0,2.0,1.0,2.0,3.0,0.0,1.0,2.0,1.0,1.0
869,870,uniboom,0,1,13990,4.5,43.0,led,0,19.2,0,0.010293066476054324,1.8,1.0,0.0,0.0,4.0,1.0,0.0,1.0,2.0,1.0,0.0,0.0,0.0,2.0
870,871,realme,1,0,27999,4.25,50.0,qled,1,22.4,1,0.007285974499089253,4.0,0.0,0.0,1.0,7.0,4.0,1.0,2.0,3.0,0.0,1.0,1.0,1.0,1.0
871,872,innoq,0,0,21629,4.15,32.0,led,0,16.0,1,0.004796800591798049,3.0,0.0,0.0,1.0,3.0,0.0,0.0,0.0,2.0,0.0,1.0,0.0,0.0,2.0
872,873,croma,0,1,20990,4.2,43.0,led,1,19.2,1,0.008604097189137684,4.0,0.0,1.0,0.0,6.0,1.0,0.0,1.0,1.0,0.0,1.0,1.0,0.0,2.0
873,874,panasonic,0,0,18490,4.4,32.0,led,1,16.0,1,0.008328826392644673,4.0,0.0,1.0,0.0,8.0,0.0,0.0,0.0,1.0,2.0,1.0,0.0,0.0,2.0
874,875,croma,0,0,9990,4.3,32.0,led,1,16.0,1,0.013343343343343342,4.0,0.0,1.0,0.0,6.0,0.0,0.0,0.0,1.0,0.0,1.0,0.0,0.0,2.0
875,876,realme,1,0,30999,4.25,55.0,led,1,25.6,1,0.006169553856576019,4.0,0.0,0.0,1.0,7.0,3.0,1.0,2.0,2.0,1.0,1.0,1.0,1.0,2.0
876,877,croma,1,0,54990,4.2,65.0,qled,1,32.0,1,0.004353518821603928,4.0,0.0,1.0,0.0,6.0,2.0,1.0,2.0,1.0,1.0,1.0,3.0,1.0,2.0
877,878,realme,1,0,28999,4.3,50.0,led,1,25.6,1,0.006524362909065829,4.0,0.0,0.0,1.0,7.0,4.0,1.0,2.0,2.0,1.0,1.0,1.0,1.0,2.0
878,879,vu,1,0,33999,4.3,55.0,qled,1,16.0,1,0.007841407100208829,4.0,1.0,0.0,0.0,7.0,3.0,1.0,2.0,1.0,1.0,1.0,3.0,1.0,2.0
879,880,toshiba,1,0,39990,4.6,55.0,qled,1,16.0,1,0.006441610402600649,4.0,1.0,0.0,0.0,8.0,3.0,1.0,2.0,1.0,1.0,1.0,2.0,1.0,2.0
880,881,lg,1,0,142999,4.2,75.0,qned,1,19.2,1,0.0018209917551870994,3.0,0.0,0.0,1.0,10.0,1.0,1.0,2.0,1.0,1.0,0.0,3.0,1.0,2.0
881,882,kodak,0,0,7599,4.25,32.0,led,0,16.0,1,0.015659955257270694,3.0,0.0,0.0,1.0,6.0,0.0,0.0,0.0,2.0,0.0,1.0,0.0,0.0,2.0
882,883,coocaa,1,0,35999,4.3,65.0,led,1,32.0,1,0.0065696269340815025,4.0,0.0,0.0,1.0,5.0,2.0,1.0,2.0,2.0,1.0,1.0,2.0,1.0,2.0
883,884,tcl,1,0,149999,4.1,75.0,miniled,1,64.0,1,0.0021593477289848597,3.0,0.0,0.0,1.0,8.0,1.0,1.0,2.0,1.0,2.0,0.0,4.0,1.0,2.0
884,885,philips,1,0,37999,4.5,55.0,qled,1,32.0,1,0.007342298481538988,4.0,1.0,0.0,0.0,8.0,3.0,1.0,2.0,2.0,1.0,1.0,3.0,1.0,2.0
885,886,iffalcon,1,0,39999,4.25,55.0,qled,1,32.0,1,0.006375159378984475,3.0,0.0,0.0,1.0,7.0,3.0,1.0,2.0,1.0,2.0,0.0,3.0,1.0,2.0
886,887,nu,1,0,27499,4.1,43.0,qled,1,16.0,1,0.007156623877231899,4.0,1.0,0.0,0.0,2.0,4.0,1.0,2.0,1.0,1.0,1.0,1.0,0.0,2.0
887,888,nu,0,0,11999,4.2,32.0,qled,1,16.0,1,0.013301108425702141,4.0,1.0,0.0,0.0,2.0,0.0,0.0,0.0,1.0,2.0,1.0,0.0,0.0,2.0
888,889,philips,0,1,22999,4.65,43.0,led,1,19.2,1,0.008491673551023957,4.0,1.0,0.0,0.0,8.0,1.0,0.0,1.0,1.0,2.0,1.0,1.0,0.0,2.0
889,890,coocaa,1,0,32999,4.3,55.0,qled,1,32.0,1,0.007557804781963089,4.0,1.0,0.0,0.0,5.0,3.0,1.0,2.0,3.0,1.0,1.0,3.0,1.0,1.0
890,891,coocaa,0,0,8599,4.2,32.0,led,1,16.0,1,0.01465286661239679,3.0,0.0,0.0,1.0,5.0,0.0,0.0,0.0,2.0,0.0,0.0,0.0,0.0,2.0
891,892,lg,1,0,179990,4.2,86.0,led,1,19.2,1,0.0015867548197122064,4.0,1.0,0.0,0.0,10.0,1.0,1.0,2.0,1.0,1.0,1.0,4.0,0.0,2.0
892,893,sony,1,0,275490,4.35,75.0,miniled,1,57.6,1,0.0012474136992268322,4.0,1.0,0.0,0.0,10.0,1.0,1.0,2.0,1.0,2.0,1.0,4.0,1.0,2.0
893,894,lg,1,0,94990,4.7,65.0,qned,1,19.2,1,0.0027708179808400885,3.0,0.0,0.0,1.0,10.0,2.0,1.0,2.0,1.0,1.0,0.0,2.0,1.0,2.0
894,895,thomson,1,0,20999,4.35,43.0,qled,1,16.0,1,0.010150483356350302,4.0,0.0,0.0,1.0,7.0,4.0,1.0,2.0,3.0,1.0,1.0,1.0,0.0,1.0
895,896,tcl,1,0,129999,4.45,85.0,qled,1,32.0,1,0.002635789506073124,3.0,0.0,0.0,1.0,8.0,1.0,1.0,2.0,1.0,2.0,0.0,4.0,0.0,2.0
896,897,haier,1,0,27999,4.15,43.0,led,1,16.0,1,0.006818100646451659,4.0,0.0,0.0,1.0,7.0,4.0,1.0,2.0,0.0,1.0,1.0,1.0,0.0,2.0
897,898,acerpure,0,0,54999,4.5,65.0,qled,1,22.4,1,0.005236458844706267,4.0,1.0,0.0,0.0,5.0,2.0,1.0,2.0,3.0,1.0,1.0,3.0,1.0,1.0
898,899,lg,1,0,155999,4.4,65.0,oled,1,57.6,1,0.002228219411662895,4.0,0.0,0.0,1.0,10.0,2.0,1.0,2.0,1.0,2.0,1.0,4.0,1.0,2.0
899,900,tcl,1,0,229990,4.65,98.0,qled,1,64.0,1,0.001617461628766468,3.0,1.0,0.0,0.0,8.0,1.0,1.0,2.0,1.0,2.0,0.0,4.0,0.0,2.0
900,901,blaupunkt,0,0,10999,4.05,32.0,qled,1,16.0,1,0.013623965815074097,4.0,0.0,0.0,1.0,6.0,0.0,0.0,0.0,3.0,0.0,1.0,0.0,0.0,1.0
901,902,blaupunkt,1,0,41999,4.3,65.0,qled,1,16.0,1,0.005835853234600823,4.0,0.0,0.0,1.0,6.0,2.0,1.0,2.0,3.0,1.0,1.0,3.0,1.0,0.0
902,903,lg,1,0,44990,4.15,43.0,qned,1,22.4,1,0.004243165147810625,4.0,0.0,0.0,1.0,10.0,4.0,1.0,2.0,1.0,1.0,1.0,1.0,0.0,2.0
903,904,beston,0,0,8999,4.2,32.0,led,1,16.0,1,0.01493499277697522,4.0,0.0,0.0,1.0,4.0,0.0,0.0,0.0,1.0,0.0,1.0,0.0,0.0,2.0
904,905,beston,1,0,26599,4.45,55.0,qled,1,28.8,1,0.008030377081845183,4.0,0.0,0.0,1.0,4.0,3.0,1.0,2.0,2.0,1.0,1.0,1.0,1.0,2.0
905,906,beston,0,0,9199,4.0,32.0,qled,1,16.0,1,0.016958365039678226,4.0,0.0,0.0,1.0,4.0,0.0,0.0,0.0,2.0,2.0,1.0,0.0,0.0,2.0
906,907,beston,0,1,14199,4.4,43.0,led,1,19.2,1,0.01084583421367702,4.0,0.0,0.0,1.0,4.0,1.0,0.0,1.0,1.0,1.0,1.0,0.0,0.0,2.0
907,908,hisense,1,0,239999,4.1,65.0,qled,1,44.8,1,0.001400839170163209,4.0,1.0,0.0,0.0,8.0,2.0,1.0,2.0,3.0,2.0,1.0,4.0,1.0,1.0
908,909,beston,0,1,13099,4.05,40.0,led,1,19.2,1,0.011439804565233988,4.0,0.0,0.0,1.0,4.0,1.0,0.0,1.0,1.0,1.0,1.0,0.0,0.0,2.0
909,910,beston,1,0,51499,4.05,75.0,qled,1,22.4,1,0.004482611312841026,4.0,0.0,0.0,1.0,4.0,1.0,1.0,2.0,2.0,1.0,1.0,3.0,1.0,1.0
910,911,tcl,1,0,84999,4.2,75.0,qled,1,32.0,1,0.0034588642219320225,3.0,0.0,0.0,1.0,8.0,1.0,1.0,2.0,1.0,2.0,0.0,4.0,1.0,2.0
911,912,philips,0,1,22999,4.5,43.0,led,1,19.2,1,0.0074351058741684425,4.0,0.0,0.0,1.0,8.0,1.0,0.0,1.0,1.0,1.0,1.0,0.0,0.0,2.0
912,913,philips,0,0,13999,4.0,32.0,led,1,16.0,1,0.008857775555396814,4.0,0.0,0.0,1.0,8.0,0.0,0.0,0.0,1.0,1.0,1.0,0.0,0.0,2.0
913,914,tcl,1,0,74990,4.55,75.0,qled,1,16.0,1,0.0038831844245899453,4.0,0.0,0.0,1.0,8.0,1.0,1.0,2.0,1.0,1.0,1.0,3.0,1.0,2.0
914,915,croma,1,0,27990,4.25,43.0,qled,1,32.0,1,0.008503036798856735,4.0,0.0,1.0,0.0,6.0,4.0,1.0,2.0,3.0,1.0,1.0,2.0,0.0,1.0
915,916,lg,1,0,219890,4.05,65.0,oled,1,32.0,1,0.0014734640047296375,5.0,0.0,1.0,0.0,10.0,2.0,1.0,2.0,3.0,2.0,1.0,4.0,1.0,1.0
916,917,samsung,1,0,64500,4.15,65.0,led,1,19.2,1,0.003603100775193799,3.0,0.0,0.0,1.0,10.0,2.0,1.0,2.0,1.0,1.0,0.0,2.0,1.0,2.0
917,918,lg,1,0,65599,4.55,55.0,miniled,1,19.2,1,0.004716535313038308,4.0,0.0,0.0,1.0,10.0,3.0,1.0,2.0,1.0,1.0,1.0,4.0,1.0,2.0
918,919,hisense,0,0,12999,4.15,32.0,qled,1,16.0,1,0.012450957765982,4.0,0.0,0.0,1.0,8.0,0.0,0.0,0.0,2.0,2.0,1.0,0.0,0.0,2.0
919,920,haier,1,0,179799,4.0,75.0,miniled,1,32.0,1,0.0017575181174533784,4.0,0.0,0.0,1.0,7.0,1.0,1.0,2.0,3.0,2.0,1.0,4.0,1.0,1.0
920,921,haier,1,0,142899,4.3,65.0,miniled,1,32.0,1,0.0023471122960972432,4.0,0.0,0.0,1.0,7.0,2.0,1.0,2.0,3.0,2.0,1.0,4.0,1.0,1.0
921,922,tcl,1,0,74990,4.25,75.0,qled,1,32.0,1,0.004080544072543006,3.0,1.0,0.0,0.0,8.0,1.0,1.0,2.0,1.0,2.0,0.0,4.0,1.0,2.0
922,923,tcl,1,0,79990,4.75,75.0,qled,1,32.0,1,0.004216152019002375,3.0,1.0,0.0,0.0,8.0,1.0,1.0,2.0,1.0,2.0,0.0,4.0,1.0,2.0
923,924,tcl,1,0,62980,4.7,65.0,qled,1,19.2,1,0.004925373134328358,3.4,0.0,0.0,1.0,8.0,2.0,1.0,2.0,1.0,2.0,0.0,3.0,1.0,2.0
924,925,tcl,1,0,94999,4.75,75.0,miniled,1,16.0,1,0.0037000389477783975,3.0,0.0,0.0,1.0,8.0,1.0,1.0,2.0,1.0,1.0,0.0,4.0,1.0,2.0
925,926,tcl,1,0,34990,4.35,55.0,led,1,16.0,1,0.006216061731923406,3.0,1.0,0.0,0.0,8.0,3.0,1.0,2.0,1.0,1.0,0.0,1.0,1.0,2.0
926,927,thomson,0,0,7599,4.4,32.0,led,0,16.0,1,0.012159494670351363,3.0,0.0,0.0,1.0,7.0,0.0,0.0,0.0,1.0,0.0,1.0,0.0,0.0,2.0
927,928,thomson,0,0,5599,4.6,24.0,led,0,16.0,1,0.01560993034470441,3.0,0.0,0.0,1.0,7.0,0.0,0.0,0.0,1.0,0.0,1.0,0.0,0.0,2.0
928,929,haier,1,0,46990,4.6,55.0,qled,1,32.0,1,0.005482017450521387,4.0,1.0,0.0,0.0,7.0,3.0,1.0,2.0,2.0,1.0,1.0,2.0,1.0,2.0
929,930,infinix,0,0,8999,4.6,32.0,qled,1,16.0,1,0.0178908767640849,4.0,0.0,0.0,1.0,6.0,0.0,0.0,0.0,0.0,0.0,1.0,0.0,0.0,2.0
930,931,haier,1,0,169999,4.65,65.0,oled,1,32.0,1,0.0022156012682427546,4.0,0.0,0.0,1.0,7.0,2.0,1.0,2.0,3.0,2.0,1.0,4.0,1.0,1.0
931,932,onida,1,0,46990,4.45,55.0,led,0,16.0,1,0.004450947010002128,2.0,0.0,0.0,1.0,6.0,3.0,1.0,2.0,1.0,1.0,0.0,1.0,1.0,2.0
932,933,samsung,1,0,59990,4.55,65.0,led,1,22.4,1,0.00439906651108518,3.0,0.0,0.0,1.0,10.0,2.0,1.0,2.0,1.0,1.0,0.0,3.0,1.0,2.0
933,934,samsung,1,0,161890,4.1,65.0,miniled,1,38.4,1,0.0019500895669899315,4.0,0.0,0.0,1.0,10.0,2.0,1.0,2.0,3.0,2.0,1.0,4.0,1.0,1.0
934,935,xiaomi,1,0,32999,4.45,55.0,led,1,32.0,1,0.006877481135791994,4.0,1.0,0.0,0.0,8.0,3.0,1.0,2.0,2.0,1.0,1.0,2.0,1.0,2.0
935,936,samsung,1,0,151999,4.6,65.0,oled,1,44.8,1,0.002451331916657346,4.0,1.0,0.0,0.0,10.0,2.0,1.0,2.0,3.0,2.0,1.0,4.0,1.0,1.0
936,937,xiaomi,1,0,26499,4.15,43.0,led,1,19.2,1,0.00814370353598249,4.0,1.0,0.0,0.0,8.0,4.0,1.0,2.0,2.0,1.0,1.0,2.0,0.0,2.0
937,938,xiaomi,0,1,21999,4.65,43.0,led,1,19.2,1,0.007820810036819855,4.0,1.0,0.0,0.0,8.0,1.0,0.0,1.0,1.0,0.0,1.0,0.0,0.0,2.0
938,939,samsung,1,0,303390,4.65,75.0,miniled,1,32.0,1,0.0012261445663996836,4.0,0.0,1.0,0.0,10.0,1.0,1.0,2.0,3.0,2.0,1.0,4.0,1.0,1.0
939,940,samsung,1,0,629900,4.75,85.0,miniled,1,32.0,1,0.0006183521193840292,4.0,0.0,0.0,1.0,10.0,1.0,1.0,2.0,3.0,2.0,1.0,4.0,0.0,1.0
940,941,samsung,1,0,61000,4.7,50.0,qled,1,22.4,1,0.004314754098360655,4.0,0.0,0.0,1.0,10.0,4.0,1.0,2.0,1.0,1.0,1.0,2.0,1.0,2.0
941,942,tcl,1,0,66990,4.0,75.0,led,1,16.0,1,0.0034034930586654723,4.0,1.0,0.0,0.0,8.0,1.0,1.0,2.0,2.0,1.0,1.0,3.0,1.0,2.0
942,943,samsung,1,0,132490,4.75,75.0,qled,1,22.4,1,0.002402068080609857,3.0,0.0,0.0,1.0,10.0,1.0,1.0,2.0,1.0,1.0,0.0,4.0,1.0,2.0
943,944,samsung,1,0,233490,4.7,75.0,qled,1,32.0,1,0.0015097006295772839,5.0,0.0,1.0,0.0,10.0,1.0,1.0,2.0,3.0,1.0,1.0,4.0,1.0,1.0
944,945,samsung,1,0,283390,4.05,85.0,qled,1,32.0,1,0.001014679417057765,4.0,0.0,1.0,0.0,10.0,1.0,1.0,2.0,1.0,2.0,1.0,4.0,0.0,2.0
945,946,tcl,1,0,49990,4.0,65.0,led,1,16.0,1,0.004320864172834567,3.0,1.0,0.0,0.0,8.0,2.0,1.0,2.0,0.0,1.0,0.0,2.0,1.0,2.0
946,947,samsung,1,0,41990,4.1,55.0,led,1,22.4,1,0.005272683972374374,3.0,1.0,0.0,0.0,10.0,3.0,1.0,2.0,1.0,1.0,0.0,2.0,1.0,2.0
947,948,toshiba,0,0,12990,4.5,32.0,qled,1,16.0,1,0.012817551963048499,4.0,1.0,0.0,0.0,8.0,0.0,0.0,0.0,2.0,2.0,1.0,0.0,0.0,2.0
948,949,samsung,0,0,15190,4.75,31.5,led,1,16.0,1,0.011570111915734035,3.0,0.0,0.0,1.0,10.0,0.0,0.0,0.0,1.0,0.0,0.0,0.0,0.0,2.0
949,950,realme,1,0,22899,4.75,43.0,led,1,32.0,1,0.0097493340320538,4.0,0.0,0.0,1.0,7.0,4.0,1.0,2.0,3.0,1.0,1.0,1.0,0.0,1.0
950,951,thomson,1,0,41999,4.0,65.0,qled,1,16.0,1,0.005238219957618038,4.0,0.0,0.0,1.0,7.0,2.0,1.0,2.0,3.0,1.0,1.0,2.0,1.0,1.0
951,952,thomson,1,0,27999,4.65,50.0,qled,1,16.0,1,0.008636022715096968,4.0,0.0,0.0,1.0,7.0,4.0,1.0,2.0,3.0,1.0,1.0,2.0,1.0,1.0
952,953,samsung,1,0,166990,4.05,65.0,miniled,1,32.0,1,0.0018189711958799927,4.0,1.0,0.0,0.0,10.0,2.0,1.0,2.0,3.0,1.0,1.0,4.0,1.0,1.0
953,954,thomson,1,0,30999,4.4,55.0,qled,1,16.0,1,0.007664763379463854,4.0,0.0,0.0,1.0,7.0,3.0,1.0,2.0,3.0,1.0,1.0,2.0,1.0,1.0
954,955,tcl,1,0,54090,4.55,65.0,qled,1,16.0,1,0.005047143649473101,4.0,0.0,0.0,1.0,8.0,2.0,1.0,2.0,1.0,1.0,1.0,3.0,1.0,2.0
955,956,samsung,1,0,41989,4.3,50.0,led,1,19.2,1,0.005427611993617376,3.0,0.0,0.0,1.0,10.0,4.0,1.0,2.0,1.0,1.0,0.0,2.0,1.0,2.0
956,957,samsung,1,0,42990,4.55,50.0,led,1,22.4,1,0.005715282623866015,3.0,0.0,0.0,1.0,10.0,4.0,1.0,2.0,1.0,1.0,0.0,2.0,1.0,2.0
957,958,samsung,1,0,59855,4.35,43.0,qled,1,19.2,1,0.004215186701194553,4.0,0.0,0.0,1.0,10.0,4.0,1.0,2.0,1.0,1.0,1.0,3.0,0.0,2.0
958,959,samsung,1,0,83690,4.75,65.0,qled,1,22.4,1,0.0034621818616322143,3.0,0.0,1.0,0.0,10.0,2.0,1.0,2.0,1.0,1.0,0.0,3.0,1.0,2.0
959,960,samsung,1,0,130232,4.25,65.0,qled,1,28.8,1,0.002251750721788808,4.0,0.0,0.0,1.0,10.0,2.0,1.0,2.0,1.0,1.0,1.0,4.0,1.0,2.0
960,961,samsung,1,0,44955,4.4,50.0,qled,1,19.2,1,0.005383160938716495,3.0,0.0,0.0,1.0,10.0,4.0,1.0,2.0,1.0,1.0,0.0,2.0,1.0,2.0
961,962,lumio,1,0,32999,4.4,50.0,qled,1,16.0,1,0.007733567683869209,5.0,1.0,0.0,0.0,,4.0,1.0,2.0,2.0,2.0,1.0,3.0,1.0,2.0
962,963,haier,0,0,17490,4.3,32.0,led,1,16.0,1,0.009096626643796455,4.0,0.0,1.0,0.0,7.0,0.0,0.0,0.0,1.0,0.0,1.0,0.0,0.0,2.0
963,964,uniboom,0,0,5190,4.45,24.0,led,0,16.0,1,0.017148362235067438,3.0,0.0,0.0,1.0,4.0,0.0,0.0,0.0,2.0,0.0,1.0,0.0,0.0,2.0
964,965,uniboom,0,0,6490,4.0,24.0,led,1,16.0,1,0.019106317411402157,4.0,0.0,0.0,1.0,4.0,0.0,0.0,0.0,2.0,0.0,1.0,0.0,0.0,2.0
965,966,vu,1,0,86990,4.45,75.0,qled,1,16.0,1,0.0038878031957696284,4.0,1.0,0.0,0.0,7.0,1.0,1.0,2.0,1.0,2.0,1.0,4.0,1.0,2.0
966,967,foxsky,0,0,6399,4.6,24.0,led,1,16.0,1,0.020847007344897635,4.0,0.0,0.0,1.0,4.0,0.0,0.0,0.0,2.0,0.0,1.0,0.0,0.0,2.0
967,968,reliance,0,1,17490,4.55,43.0,led,1,19.2,1,0.009105202973127502,4.0,0.0,0.0,1.0,5.0,1.0,0.0,1.0,1.0,0.0,1.0,0.0,0.0,2.0
968,969,toshiba,1,0,243999,4.5,100.0,qled,1,16.0,1,0.0014938585813876286,4.0,0.0,0.0,1.0,8.0,1.0,1.0,2.0,3.0,1.0,1.0,4.0,0.0,1.0
969,970,lg,1,0,99990,4.0,55.0,oled,1,28.8,1,0.00296029602960296,4.0,0.0,0.0,1.0,10.0,3.0,1.0,2.0,1.0,1.0,1.0,4.0,1.0,2.0
970,971,hyundai,1,0,30402,4.0,50.0,led,1,16.0,1,0.005789092822840603,4.0,0.0,0.0,1.0,3.0,4.0,1.0,2.0,1.0,1.0,1.0,1.0,1.0,2.0
971,972,toshiba,1,0,119999,4.2,85.0,led,1,16.0,1,0.002450020416836807,4.0,0.0,0.0,1.0,8.0,1.0,1.0,2.0,3.0,1.0,1.0,4.0,0.0,1.0
972,973,onida,1,0,27002,4.35,43.0,qled,1,16.0,1,0.008538256425449966,4.0,0.0,0.0,1.0,6.0,4.0,1.0,2.0,1.0,1.0,1.0,2.0,0.0,2.0
973,974,blackdecker,1,0,34999,4.2,55.0,led,1,16.0,1,0.006600188576816481,4.0,1.0,0.0,0.0,3.0,3.0,1.0,2.0,2.0,1.0,1.0,2.0,1.0,2.0
974,975,blackdecker,1,0,24999,4.25,43.0,led,1,16.0,1,0.008840353614144566,4.0,1.0,0.0,0.0,3.0,4.0,1.0,2.0,2.0,1.0,1.0,2.0,0.0,2.0
975,976,reliance,0,1,19990,4.1,43.0,led,1,19.2,1,0.008614307153576788,4.0,0.0,0.0,1.0,5.0,1.0,0.0,1.0,1.0,2.0,1.0,1.0,0.0,2.0
976,977,reliance,0,0,13715,4.1,32.0,qled,1,16.0,1,0.01076193948231863,4.0,0.0,0.0,1.0,5.0,0.0,0.0,0.0,1.0,2.0,1.0,0.0,0.0,2.0
977,978,reliance,0,0,13410,4.45,32.0,led,1,16.0,1,0.011946308724832216,4.0,0.0,0.0,1.0,5.0,0.0,0.0,0.0,1.0,2.0,1.0,0.0,0.0,2.0
978,979,innoq,0,1,13990,4.05,43.0,led,1,19.2,1,0.009842744817726947,4.0,0.0,0.0,1.0,3.0,1.0,0.0,1.0,2.0,1.0,1.0,0.0,0.0,2.0
979,980,innoq,0,0,5090,4.55,24.0,led,0,16.0,1,0.01787819253438114,3.0,0.0,0.0,1.0,3.0,0.0,0.0,0.0,2.0,0.0,1.0,0.0,0.0,2.0
980,981,acer,1,0,145999,4.5,85.0,qled,1,16.0,1,0.002373303926739224,4.0,1.0,0.0,0.0,7.0,1.0,1.0,2.0,3.0,1.0,1.0,4.0,0.0,1.0
981,982,acer,1,0,100999,4.35,75.0,qled,1,16.0,1,0.0031440905355498566,4.0,1.0,0.0,0.0,7.0,1.0,1.0,2.0,3.0,1.0,1.0,4.0,1.0,1.0
982,983,aiwa,1,0,39548,4.75,55.0,qled,1,16.0,1,0.006605896631940933,4.0,0.0,0.0,1.0,3.0,3.0,1.0,2.0,1.0,1.0,1.0,2.0,1.0,2.0
983,984,tseries,0,0,11710,4.7,32.0,qled,0,16.0,1,0.014850555081127242,3.0,0.0,0.0,1.0,3.0,0.0,0.0,0.0,1.0,2.0,1.0,0.0,0.0,2.0
984,985,onida,0,0,12900,4.5,32.0,led,1,16.0,1,0.012558139534883722,4.0,0.0,0.0,1.0,6.0,0.0,0.0,0.0,1.0,2.0,1.0,0.0,0.0,2.0
985,986,haier,1,0,56299,4.1,55.0,qled,1,32.0,1,0.004515177889482939,4.0,0.0,0.0,1.0,7.0,3.0,1.0,2.0,2.0,2.0,1.0,3.0,1.0,2.0
986,987,acer,1,0,72999,4.1,55.0,led,1,16.0,1,0.003089083412101535,4.0,0.0,0.0,1.0,7.0,3.0,1.0,2.0,3.0,1.0,1.0,2.0,1.0,1.0
987,988,coocaa,0,1,29999,4.05,43.0,led,1,19.2,1,0.004725157505250175,3.0,0.0,0.0,1.0,5.0,1.0,0.0,1.0,1.0,0.0,0.0,0.0,0.0,2.0
988,989,sansui,0,0,12390,4.35,32.0,led,1,16.0,1,0.010883777239709442,4.0,0.0,0.0,1.0,5.0,0.0,0.0,0.0,1.0,1.0,1.0,0.0,0.0,2.0
989,990,acerpure,1,0,45999,4.7,65.0,qled,1,16.0,1,0.005619687384508359,4.0,0.0,0.0,1.0,5.0,2.0,1.0,2.0,1.0,0.0,1.0,2.0,1.0,2.0
990,991,wobble,1,0,32999,4.0,55.0,led,1,22.4,1,0.005818358132064608,4.0,1.0,0.0,0.0,4.0,3.0,1.0,2.0,1.0,1.0,1.0,1.0,1.0,2.0
991,992,wobble,1,0,28999,4.3,50.0,led,1,22.4,1,0.006969205834683955,4.0,1.0,0.0,0.0,4.0,4.0,1.0,2.0,1.0,1.0,1.0,1.0,1.0,2.0
992,993,sony,1,0,246999,4.5,85.0,led,1,16.0,1,0.0013299648986433144,4.0,0.0,0.0,1.0,10.0,1.0,1.0,2.0,1.0,1.0,1.0,4.0,0.0,2.0
993,994,bpl,1,0,41074,4.0,50.0,led,1,25.6,1,0.004284949116229245,4.0,0.0,0.0,1.0,3.0,4.0,1.0,2.0,2.0,1.0,1.0,1.0,1.0,1.0
994,995,samsung,1,0,29990,4.3,43.0,led,1,25.6,1,0.007169056352117373,4.0,1.0,0.0,0.0,10.0,4.0,1.0,2.0,1.0,1.0,1.0,1.0,0.0,2.0
995,996,marq,0,0,5299,4.0,24.0,led,0,16.0,1,0.013587469333836573,3.0,0.0,0.0,1.0,5.0,0.0,0.0,0.0,1.0,0.0,1.0,0.0,0.0,2.0
996,997,bazeegar,1,0,20999,4.25,43.0,qled,1,22.4,0,0.00890518596123625,3.0,1.0,0.0,0.0,1.0,4.0,1.0,2.0,1.0,2.0,1.0,1.0,0.0,2.0
997,998,sony,1,0,143990,4.35,75.0,led,1,16.0,1,0.0021449406208764493,4.0,1.0,0.0,0.0,10.0,1.0,1.0,2.0,1.0,1.0,1.0,4.0,1.0,2.0
998,999,wobble,1,0,31999,4.0,50.0,qled,1,16.0,1,0.006500203131347855,4.0,1.0,0.0,0.0,4.0,4.0,1.0,2.0,1.0,1.0,1.0,2.0,1.0,2.0
999,1000,skylive,0,0,15681,4.2,40.0,led,1,16.0,1,0.009106562081499904,5.0,0.0,0.0,1.0,2.0,0.0,0.0,0.0,1.0,1.0,1.0,0.0,0.0,2.0
