,Model,url
0,TCL P7K 55 inch Ultra HD 4K Smart QLED TV (55P7K),https://cdn1.smartprix.com/rx-igjcIcyXT-w280-h280/tcl-p7k-55-inch-ultr.webp
1,LG UA8200 55 inch Ultra HD 4K Smart LED TV (55UA82006LA),https://cdn1.smartprix.com/rx-iAV6QAzcH-w280-h280/lg-ua8200-55-inch-ul.webp
2,Xiaomi FX Pro Series 55 inch Ultra HD 4K  Smart QLED TV (L55MB-FPIN),https://cdn1.smartprix.com/rx-iUmLQrhUR-w280-h280/xiaomi-fx-pro-series.webp
3,LG UA8200 43 inch Ultra HD 4K Smart LED TV (43UA82006LA),https://cdn1.smartprix.com/rx-iD6UNJXDf-w280-h280/lg-ua8200-43-inch-ul.webp
4,Philips Lumina Series 75 inch Ultra HD 4K Smart QLED TV (75PQT8100/94),https://cdn1.smartprix.com/rx-iwmYKVnuL-w280-h280/philips-lumina-serie.webp
5,Hisense U7Q 55 inch Ultra HD 4K Smart Mini LED TV (55U7Q),https://cdn1.smartprix.com/rx-iJ6xPg5tD-w280-h280/hisense-u7q-55-inch.webp
6,Sony Bravia II S25BM2 65 inch Ultra HD 4K Smart LED TV (K-65S25BM2),https://cdn1.smartprix.com/rx-i2HpsHCVm-w280-h280/sony-bravia-ii-s25bm.webp
7,Croma CREL032HOF024601 32 Inch HD Ready Smart LED TV,https://cdn1.smartprix.com/rx-ifWarfBzF-w280-h280/croma-crel032hof0246.webp
8,Realme TechLife CineSonic Q 55 inch Ultra HD 4K Smart QLED TV (55UHDGQRWSGQ),https://cdn1.smartprix.com/rx-iiB2dFxwk-w280-h280/realme-techlife-cine.webp
9,Xiaomi TV FX Series 2026 55 inch Ultra HD 4K Smart QD-Mini LED TV (L55MC-FSMIN),https://cdn1.smartprix.com/rx-iEZL67XoU-w280-h280/xiaomi-tv-fx-series.webp
10,Samsung Vision AI M2EH 43 inch Ultra HD 4K Smart Mini LED TV (UA43M2EHAULXL),https://cdn1.smartprix.com/rx-iYfzisbwz-w280-h280/samsung-vision-ai-m2.webp
11,Xiaomi A Series 2024 32 inch HD Ready Smart LED TV (L32MA-AIN),https://cdn1.smartprix.com/rx-iCd5mpUKK-w280-h280/xiaomi-a-series-2024.webp
12,TCL C7L 55 inch Ultra HD 4K Smart SQD-Mini LED TV (55C7L),https://cdn1.smartprix.com/rx-iO7ePwt5B-w280-h280/tcl-c7l-55-inch-ultr.webp
13,Samsung Vision AI M2EH 55 inch Ultra HD 4K Smart Mini LED TV (UA55M2EHAULXL),https://cdn1.smartprix.com/rx-ioyhOuKc8-w280-h280/samsung-vision-ai-m2.webp
14,Xiaomi X Pro 2025 43 inch Ultra HD 4K Smart QLED TV (L43MB-APIN),https://cdn1.smartprix.com/rx-igp261GGk-w280-h280/xiaomi-x-pro-2025-43.webp
15,Realme TechLife CineSonic Q 43 inch Ultra HD 4K Smart QLED TV (43UHDGQRVS3Q),https://cdn1.smartprix.com/rx-iNJvnDnIv-w280-h280/realme-techlife-cine.webp
16,TCL Q7D 65 inch Ultra HD 4K Smart RGB-Mini LED TV (65Q7D),https://cdn1.smartprix.com/rx-i09go34CS-w280-h280/tcl-q7d-65-inch-ultr.webp
17,Hisense Q6N 43 inch Ultra HD 4K Smart QLED TV (43Q6N),https://cdn1.smartprix.com/rx-iKtHO7ESt-w280-h280/hisense-q6n-43-inch.webp
18,TCL S5500 32 inch Full HD Smart LED TV (32S5500),https://cdn1.smartprix.com/rx-ieSgAzuaX-w280-h280/tcl-s5500-32-inch-fu.webp
19,Samsung DUE76 43 inch Ultra HD 4K Smart LED TV (UA43DUE76AKLXL),https://cdn1.smartprix.com/rx-iAfptAru5-w280-h280/samsung-due76-43-inc.webp
20,Lumio Vision 9 2026 55 inch Ultra HD 4K Smart QD-MiniLED TV (EPIC3-ADSI),https://cdn1.smartprix.com/rx-iYkYvVRlI-w280-h280/lumio-vision-9-2026.webp
21,Motorola Envision X 2025 43 inch Ultra HD 4K Smart QLED TV (43UHDGQMVSAQ),https://cdn1.smartprix.com/rx-iQPAOatoQ-w280-h280/motorola-envision-x.webp
22,Compaq HUEQ X 43 inch Ultra HD 4K Smart LED TV (CQV43AX1UD),https://cdn1.smartprix.com/rx-iUP9NoTgo-w280-h280/compaq-hueq-x-43-inc.webp
23,Sony Bravia 7 II 65 inch Ultra HD 4K Smart RGB LED TV (K-65XR70M2),https://cdn1.smartprix.com/rx-ixXVQtiLY-w280-h280/sony-bravia-7-ii-65.webp
24,TCL T8D 55 inch Ultra HD 4K Smart QLED TV (55T8D),https://cdn1.smartprix.com/rx-icEowB6kt-w280-h280/tcl-t8d-55-inch-ultr.webp
25,Xiaomi TV FX Series 2026 43 inch Ultra HD 4K Smart QD-Mini LED TV (L43MC-FSMIN),https://cdn1.smartprix.com/rx-iEZL67XoU-w280-h280/xiaomi-tv-fx-series.webp
26,Hisense Q6N 55 inch Ultra HD 4K Smart QLED TV (55Q6N),https://cdn1.smartprix.com/rx-iHZOcriUa-w280-h280/hisense-q6n-55-inch.webp
27,Lumio Vision 7 2026 43 inch Ultra HD 4K Smart QLED TV (FTW1-ADSJ),https://cdn1.smartprix.com/rx-iQDtkoQyy-w280-h280/lumio-vision-7-2026.webp
28,Croma CREL032HGQ331850 32 inch HD Ready Smart QLED TV,https://cdn1.smartprix.com/rx-i5ARxXyI7-w280-h280/croma-crel032hgq3318.webp
29,Motorola Envision X 2025 43 inch HD Ready Smart QLED TV (32UHDGQMVSAQ),https://cdn1.smartprix.com/rx-i4tPmNrB4-w280-h280/motorola-envision-x.webp
30,Hisense E7Q 50 inch Ultra HD 4K Smart QLED TV (50E7Q),https://cdn1.smartprix.com/rx-ilO7uHQOI-w280-h280/hisense-e7q-50-inch.webp
31,TCL Q6CS 55 inch Ultra HD 4K Smart Mini LED TV (55Q6CS),https://cdn1.smartprix.com/rx-i1u6MGORy-w280-h280/tcl-q6cs-55-inch-ult.webp
32,Lumio Vision 7 2026 55 inch Ultra HD 4K Smart QLED TV (FTW3-ADSJ),https://cdn1.smartprix.com/rx-imWzYerLU-w280-h280/lumio-vision-7-2026.webp
33,TCL T69D 43 inch Ultra HD 4K Smart QLED TV (43T69D),https://cdn1.smartprix.com/rx-ie8Lz6jV2-w280-h280/tcl-t69d-43-inch-ult.webp
34,LG QNED70 43 inch Ultra HD 4K Smart Mini LED TV (43QNED70BLA),https://cdn1.smartprix.com/rx-ihD11xZed-w280-h280/lg-qned70-43-inch-ul.webp
35,Samsung UE83AH 50 inch Ultra HD 4K Smart LED TV (UA50UE83AHULXL),https://cdn1.smartprix.com/rx-iDFy2YbDN-w280-h280/samsung-ue83ah-50-in.webp
36,Realme TechLife 32 inch HD Ready Smart QLED TV (32HDGQRASOQ),https://cdn1.smartprix.com/rx-i2F37F58h-w280-h280/realme-techlife-32-i.webp
37,VW Spectra Series 43 inch Full HD Smart QLED TV (VW43AQ3),https://cdn1.smartprix.com/rx-ivM4LDdHw-w280-h280/vw-spectra-series-43.webp
38,Hisense E8S 55 inch Ultra HD 4K Smart Mini LED TV (55E8S),https://cdn1.smartprix.com/rx-iSGvLU9Dh-w280-h280/hisense-e8s-55-inch.webp
39,Hisense E8S 65 inch Ultra HD 4K Smart Mini LED TV (65E8S),https://cdn1.smartprix.com/rx-iDNxrnZMr-w280-h280/hisense-e8s-65-inch.webp
40,TCL T8D 65 inch Ultra HD 4K Smart QLED TV (65T8D),https://cdn1.smartprix.com/rx-ic9zChPKk-w280-h280/tcl-t8d-65-inch-ultr.webp
41,Samsung M71H 43 inch Ultra HD 4K Smart Mini LED TV (UA43M71HAULXL),https://cdn1.smartprix.com/rx-iUFRosSU8-w280-h280/samsung-m71h-43-inch.webp
42,LG AI NANO NU87 43 inch Ultra HD 4K Smart LED TV (43NU870BPLA),https://cdn1.smartprix.com/rx-i0jEyR6d6-w280-h280/lg-ai-nano-nu87-43-i.webp
43,LG Nano AI NU885 43 inch Ultra HD 4K Smart LED TV (43NU885BPLA),https://cdn1.smartprix.com/rx-ipkS7UdQY-w280-h280/lg-nano-ai-nu885-43.webp
44,TCL P8L 75 inch Ultra HD 4K Smart QLED TV (75P8L),https://cdn1.smartprix.com/rx-inFElIkHd-w280-h280/tcl-p8l-75-inch-ultr.webp
45,TCL Q6C 55 inch Ultra HD 4K Smart Mini LED TV (55Q6C),https://cdn1.smartprix.com/rx-iR362Yqu7-w280-h280/tcl-q6c-55-inch-ultr.webp
46,TCL T8C 55 inch Ultra HD 4K Smart QLED TV (55T8C),https://cdn1.smartprix.com/rx-iAV7QrzUP-w280-h280/tcl-t8c-55-inch-ultr.webp
47,Xiaomi FX Pro Series 43 inch Ultra HD 4K Smart QLED TV (L43MB-FPIN),https://cdn1.smartprix.com/rx-i5mHzwcQH-w280-h280/xiaomi-fx-pro-series.webp
48,Xiaomi A Pro 2025 32 inch HD Ready Smart QLED TV (L32MB-APIN),https://cdn1.smartprix.com/rx-iLqafPYCc-w280-h280/xiaomi-a-pro-2025-32.webp
49,Acer V Pro 50 inch Ultra HD 4K Smart QLED TV (AR50QDQGR2851AD),https://cdn1.smartprix.com/rx-iSKw2hiOz-w280-h280/acer-v-pro-50-inch-u.webp
50,TCL S5K 32 inch Full HD Smart QLED TV (32S5K),https://cdn1.smartprix.com/rx-iednYZYsq-w280-h280/tcl-s5k-32-inch-full.webp
51,LG AI NANO NU87 75 inch Ultra HD 4K Smart LED TV (75NU870BPLA),https://cdn1.smartprix.com/rx-i5D8rzNqm-w280-h280/lg-ai-nano-nu87-75-i.webp
52,Blaupunkt 32QC7020 32 inch HD Ready Smart QLED TV,https://cdn1.smartprix.com/rx-iywEvEOtg-w280-h280/blaupunkt-32qc7020-3.webp
53,Blaupunkt 40QC7080 40 inch Full HD Smart QLED TV,https://cdn1.smartprix.com/rx-iowxf1J0z-w280-h280/blaupunkt-40qc7080-4.webp
54,LG evo AI QNED65 55 inch Ultra HD 4K Smart Mini LED TV (55QNED65BLA),https://cdn1.smartprix.com/rx-icoFcnNDF-w280-h280/lg-evo-ai-qned65-55.webp
55,Sony Bravia 3 II 65 inch Ultra HD 4K Smart LED TV (K-65XR35M2),https://cdn1.smartprix.com/rx-iDpN0WgTx-w280-h280/sony-bravia-3-ii-65.webp
56,VW Frameless Series 40 inch HD Ready QLED TV (VW40S1),https://cdn1.smartprix.com/rx-ingX5eXFq-w280-h280/vw-frameless-series.webp
57,Sony Bravia 7 II 55 inch Ultra HD 4K Smart RGB LED TV (K-55XR70M2),https://cdn1.smartprix.com/rx-iq8WIfO2A-w280-h280/sony-bravia-7-ii-55.webp
58,VW VW32MAX 32 inch HD Ready QLED TV,https://cdn1.smartprix.com/rx-i5kNEsySn-w280-h280/vw-vw32max-32-inch-h.webp
59,TCL P6L 75 inch Ultra HD 4K Smart LED TV (75P6L),https://cdn1.smartprix.com/rx-iXoTEMV6H-w280-h280/tcl-p6l-75-inch-ultr.webp
60,TCL P8L 98 inch Ultra HD 4K Smart QLED TV (98P8L),https://cdn1.smartprix.com/rx-ivgbLEi0F-w280-h280/tcl-p8l-98-inch-ultr.webp
61,Hisense E8S 75 inch Ultra HD 4K Smart Mini LED TV (75E8S),https://cdn1.smartprix.com/rx-iF5VofsSr-w280-h280/hisense-e8s-75-inch.webp
62,TCL T8D 75 inch Ultra HD 4K Smart QLED TV (75T8D),https://cdn1.smartprix.com/rx-iquyBmYfg-w280-h280/tcl-t8d-75-inch-ultr.webp
63,TCL P8L 85 inch Ultra HD 4K Smart QLED TV (85P8L),https://cdn1.smartprix.com/rx-iMmiyo8JY-w280-h280/tcl-p8l-85-inch-ultr.webp
64,Samsung R95H 85 inch Ultra HD 4K Smart Micro RGB TV (MRA85MR95HXUXXL),https://cdn1.smartprix.com/rx-iIuW2egyq-w280-h280/samsung-r95h-85-inch.webp
65,VW Pure View Series 24 inch HD Ready Smart LED TV (VW24A),https://cdn1.smartprix.com/rx-iUxSYuMCT-w280-h280/vw-pure-view-series.webp
66,Samsung Vision AI S85F 55 inch Ultra HD 4K Smart OLED TV (QA55S85FAELXL),https://cdn1.smartprix.com/rx-iILfhMfDa-w280-h280/samsung-vision-ai-s8.webp
67,Acerpure Nitro 65 inch Ultra HD 4K Smart QLED TV (AP65UG75PNTO5),https://cdn1.smartprix.com/rx-iabGoiZ8k-w280-h280/acerpure-nitro-65-in.webp
68,Samsung Vision AI QEF6 55 inch Ultra HD 4K Smart QLED TV (QA55QEF6AULXL),https://cdn1.smartprix.com/rx-iUeNojEEi-w280-h280/samsung-vision-ai-qe.webp
69,Xiaomi X Series 2025 50 inch Ultra HD 4K Smart LED TV (L50MB-AIN),https://cdn1.smartprix.com/rx-iObdK7qh8-w280-h280/xiaomi-x-series-2025.webp
70,Philips Lumina Series 43 inch Ultra HD 4K Smart QLED TV (43PQT8100/94),https://cdn1.smartprix.com/rx-iRflftUFw-w280-h280/philips-lumina-serie.webp
71,Vu Vibe DV Series 43 inch Ultra HD 4K Smart QLED TV (43VIBE-DV),https://cdn1.smartprix.com/rx-ip2GBLXqM-w280-h280/vu-vibe-dv-series-43.webp
72,LG evo AI C5 55 inch Ultra HD 4K Smart OLED TV (OLED55C5XLA),https://cdn1.smartprix.com/rx-ioFAc1ORk-w280-h280/lg-evo-ai-c5-55-inch.webp
73,Hisense E7Q 55 inch Ultra HD 4K Smart QLED TV (55E7Q),https://cdn1.smartprix.com/rx-iYFHSo6Yv-w280-h280/hisense-e7q-55-inch.webp
74,TCL C6K 55 inch Ultra HD 4K Smart Mini LED TV (55C6K),https://cdn1.smartprix.com/rx-i6T95JnWf-w280-h280/tcl-c6k-55-inch-ultr.webp
75,TCL T6C 43 inch Ultra HD 4K Smart QLED TV (43T6C),https://cdn1.smartprix.com/rx-igmlDUVJs-w280-h280/tcl-t6c-43-inch-ultr.webp
76,TCL Q6C 65 inch Ultra HD 4K Smart Mini LED TV (65Q6C),https://cdn1.smartprix.com/rx-iexdUCHUL-w280-h280/tcl-q6c-65-inch-ultr.webp
77,Realme TechLife 55UHDGQRVSAQ 55 inch Ultra HD 4K Smart QLED TV,https://cdn1.smartprix.com/rx-iXze24K5i-w280-h280/realme-techlife-55uh.webp
78,TCL P7K 43 inch Ultra HD 4K Smart QLED TV (43P7K),https://cdn1.smartprix.com/rx-iqUs5qRqo-w280-h280/tcl-p7k-43-inch-ultr.webp
79,Xiaomi X Pro 2025 55 inch Ultra HD 4K Smart QLED TV (L55MB-APIN),https://cdn1.smartprix.com/rx-iqueTxcII-w280-h280/xiaomi-x-pro-2025-55.webp
80,TCL V5C 32 inch Full HD Smart QLED TV (32V5C),https://cdn1.smartprix.com/rx-iuXH9GGn3-w280-h280/tcl-v5c-32-inch-full.webp
81,LG LR57 32 inch HD Ready Smart LED TV (32LR570B6LA),https://cdn1.smartprix.com/rx-ilIL76pF5-w280-h280/lg-lr57-32-inch-hd-r.webp
82,Foxsky 43FS 43 inch Ultra HD 4K Smart QLED TV,https://cdn1.smartprix.com/rx-iD6pylcDX-w280-h280/foxsky-43fs-43-inch.webp
83,Xiaomi A Series 32 inch HD Ready Smart LED TV (L32M8-5AIN),https://cdn1.smartprix.com/rx-iOBT4qONC-w280-h280/xiaomi-a-series-32-i.webp
84,TCL P7L 55 inch Ultra HD 4K Smart QLED TV (55P7L),https://cdn1.smartprix.com/rx-iHpq0b0wG-w280-h280/tcl-p7l-55-inch-ultr.webp
85,TCL P7L 65 inch Ultra HD 4K Smart QLED TV (65P7L),https://cdn1.smartprix.com/rx-ivsSXvBux-w280-h280/tcl-p7l-65-inch-ultr.webp
86,Samsung R85H 65 inch Ultra HD 4K Smart Micro RGB TV (MRA65R85HAULXL),https://cdn1.smartprix.com/rx-iZCdcBFpb-w280-h280/samsung-r85h-65-inch.webp
87,Blaupunkt 43FQC7090 43 inch Full HD Smart QLED TV,https://cdn1.smartprix.com/rx-iwDOmrr1G-w280-h280/blaupunkt-43fqc7090.webp
88,Sony Bravia 3 II 55 inch Ultra HD 4K Smart LED TV (K-55XR35M2),https://cdn1.smartprix.com/rx-iDpN0WgTx-w280-h280/sony-bravia-3-ii-55.webp
89,Motorola 50UHDGQMWSDQ 50 inch Ultra HD 4K Smart QLED TV,https://cdn1.smartprix.com/rx-iito0kpE0-w280-h280/motorola-50uhdgqmwsd.webp
90,Motorola 75UHDGMMWBIQ 75 inch Ultra HD 4K Smart QD-Mini LED TV,https://cdn1.smartprix.com/rx-ik8wxLZFs-w280-h280/motorola-75uhdgmmwbi.webp
91,Samsung Vision AI M2EH 65 inch Ultra HD 4K Smart Mini LED TV (UA65M2EHAULXL),https://cdn1.smartprix.com/rx-ibRXH5ZWg-w280-h280/samsung-vision-ai-m2.webp
92,Samsung M80H 55 inch Ultra HD 4K Smart Mini LED TV (55M80HAU),https://cdn1.smartprix.com/rx-innWXvAZy-w280-h280/samsung-m80h-55-inch.webp
93,LG evo AI G6 65 inch Ultra HD 4K Smart OLED TV (OLED65G6PLA),https://cdn1.smartprix.com/rx-i1X2IamGx-w280-h280/lg-evo-ai-g6-65-inch.webp
94,Samsung Vision AI UE86AH 43 inch Ultra HD 4K Smart LED TV (UA43UE86AHULXL),https://cdn1.smartprix.com/rx-iPmuf8ULm-w280-h280/samsung-vision-ai-ue.webp
95,VW Spectra Series 40 inch Full HD Smart QLED TV (VW40AQ3),https://cdn1.smartprix.com/rx-iQ477PXwd-w280-h280/vw-spectra-series-40.webp
96,LG Nano AI NU885 55 inch Ultra HD 4K Smart LED TV (55NU885BPLA),https://cdn1.smartprix.com/rx-iehWb71vn-w280-h280/lg-nano-ai-nu885-55.webp
97,LG evo AI QNED85BX 55 inch Ultra HD 4K Smart Mini LED TV (55QNED85BXA),https://cdn1.smartprix.com/rx-icn5DHFHf-w280-h280/lg-evo-ai-qned85bx-5.webp
98,LG evo AI QNED82 55 inch Ultra HD 4K Smart Mini LED TV (55QNED82BLA),https://cdn1.smartprix.com/rx-iTPPITuj7-w280-h280/lg-evo-ai-qned82-55.webp
99,Xiaomi MagiQ S 55 inch Ultra HD 4K Smart Mini LED TV (L55MC-IN),https://cdn1.smartprix.com/rx-iJSrbZvPm-w280-h280/xiaomi-magiq-s-55-in.webp
100,VW Pro Series VW43GQ2 43 inch Ultra HD 4K Smart QLED TV,https://cdn1.smartprix.com/rx-iipHhTFF0-w280-h280/vw-pro-series-vw43gq.webp
101,iFFALCON U75A 55 inch Ultra HD 4K Smart QLED TV (55U75A),https://cdn1.smartprix.com/rx-iZN1Eimz5-w280-h280/iffalcon-u75a-55-inc.webp
102,Kenstar 32HDCQKAWCQ 32 inch HD Ready Smart QLED TV,https://cdn1.smartprix.com/rx-ihgUOz1Jx-w280-h280/kenstar-32hdcqkawcq.webp
103,Philips 55MLED610/94 55 inch Ultra HD 4K Smart Mini LED TV,https://cdn1.smartprix.com/rx-irj4ryrEd-w280-h280/philips-55mled610-94.webp
104,VW Pure View Series 32 inch HD Ready Smart LED TV (VW32A),https://cdn1.smartprix.com/rx-ipqBnZVKM-w280-h280/vw-pure-view-series.webp
105,Coocaa 55MINI75Q 55 inch Ultra HD 4K Smart Mini LED TV,https://cdn1.smartprix.com/rx-ikFHgyDLA-w280-h280/coocaa-55mini75q-55.webp
106,Samsung Vision AI QEF6 43 inch Ultra HD 4K Smart QLED TV (QA43QEF6AULXL),https://cdn1.smartprix.com/rx-iUeNojEEi-w280-h280/samsung-vision-ai-qe.webp
107,InnoQ Spectra 24N-MAXADK 24 inch HD Ready LED TV,https://cdn1.smartprix.com/rx-iVsMOhucS-w280-h280/innoq-spectra-24n-ma.webp
108,VW OptimaX Series 40 inch Full HD Smart QLED TV (VW40AQ1),https://cdn1.smartprix.com/rx-iK7OapdkC-w280-h280/vw-optimax-series-40.webp
109,VW OptimaX Series 43 inch Full HD Smart QLED TV (VW43AQ1),https://cdn1.smartprix.com/rx-idrGxUntv-w280-h280/vw-optimax-series-43.webp
110,VW OptimaX Series 32 inch HD Ready Smart QLED TV (VW32AQ1),https://cdn1.smartprix.com/rx-ihoHM2HLu-w280-h280/vw-optimax-series-32.webp
111,Vu Vibe DV Series 55 inch Ultra HD 4K Smart QLED TV (55VIBE-DV),https://cdn1.smartprix.com/rx-ip2GBLXqM-w280-h280/vu-vibe-dv-series-55.webp
112,Xiaomi TV F 32 inch HD Ready Smart LED TV (L32MB-FIN),https://cdn1.smartprix.com/rx-iKMY0Rzfl-w280-h280/xiaomi-tv-f-32-inch.webp
113,Blaupunkt 40QD7070 40 inch Full HD Smart LED TV,https://cdn1.smartprix.com/rx-irMzAMTZr-w280-h280/blaupunkt-40qd7070-4.webp
114,Hisense U7Q 65 inch Ultra HD 4K Smart Mini LED TV (65U7Q),https://cdn1.smartprix.com/rx-iqyacOwji-w280-h280/hisense-u7q-65-inch.webp
115,Sony Bravia II S22BM2 43 inch Ultra HD 4K Smart LED TV (K-43S22BM2),https://cdn1.smartprix.com/rx-ih9c59hw2-w280-h280/sony-bravia-ii-s22bm.webp
116,Sony Bravia II S25BM2 55 inch Ultra HD 4K Smart LED TV (K-55S25BM2),https://cdn1.smartprix.com/rx-ikpFgKvMG-w280-h280/sony-bravia-ii-s25bm.webp
117,TCL T89C 55 inch Ultra HD 4K Smart QLED TV (55T89C),https://cdn1.smartprix.com/rx-iF4rLLSIM-w280-h280/tcl-t89c-55-inch-ult.webp
118,Samsung H4550 32 inch HD Ready Smart LED TV (UA32H4550FUXXL),https://cdn1.smartprix.com/rx-i3ln8gXCz-w280-h280/samsung-h4550-32-inc.webp
119,Samsung QEF1 55 inch Ultra HD 4K Smart QLED TV (QAQ55EF1AULXL),https://cdn1.smartprix.com/rx-i7bU93GMr-w280-h280/samsung-qef1-55-inch.webp
120,TCL S5K 43 inch Full HD Smart QLED TV (43S5K),https://cdn1.smartprix.com/rx-iIpBrEaET-w280-h280/tcl-s5k-43-inch-full.webp
121,Samsung QN70F 55 inch Ultra HD 4K Smart Neo QLED TV (QA55QN70FAUXXL),https://cdn1.smartprix.com/rx-iq1pWtKbM-w280-h280/samsung-qn70f-55-inc.webp
122,Samsung UE81A 43 inch Ultra HD 4K Smart LED TV (UA43UE81AFULXL),https://cdn1.smartprix.com/rx-iYhu09ZDt-w280-h280/samsung-ue81a-43-inc.webp
123,LG UT73 43 inch Ultra HD 4K Smart LED TV (43UT73506LA),https://cdn1.smartprix.com/rx-iNudvPa5g-w280-h280/lg-ut73-43-inch-ultr.webp
124,Toshiba C450M 43 inch Ultra HD 4K Smart QLED TV (43C450ME),https://cdn1.smartprix.com/rx-iXzHh0S4n-w280-h280/toshiba-c450m-43-inc.webp
125,TCL C69B 43 inch Ultra HD Smart QLED TV (43C69B),https://cdn1.smartprix.com/rx-itP3oEgOq-w280-h280/tcl-c69b-43-inch-ult.webp
126,MarQ by Flipkart 43FHDCDQEE1B 43 inch Full HD Smart LED TV,https://cdn1.smartprix.com/rx-iLEGBrTZF-w280-h280/marq-by-flipkart-43f.webp
127,Panasonic MX740 43 inch Ultra HD 4K Smart LED TV (TH-43MX740DX),https://cdn1.smartprix.com/rx-iiSXaAhfz-w280-h280/panasonic-mx740-43-i.webp
128,Sony Bravia X64L 43 inch Ultra HD 4K Smart LED Google TV (KD-43X64L),https://cdn1.smartprix.com/rx-iPn6PRgwh-w280-h280/sony-bravia-x64l-43.webp
129,Samsung T4380 32 inch HD Ready Smart LED TV (UA32T4380AKXXL),https://cdn1.smartprix.com/rx-i2VtbWzA1-w280-h280/samsung-t4380-32-inc.webp
130,Kodak 40ST5040 40 inch Full HD Smart QLED TV,https://cdn1.smartprix.com/rx-iy8xughXR-w280-h280/kodak-40st5040-40-in.webp
131,LG evo AI QNED65 43 inch Ultra HD 4K Smart Mini LED TV (43QNED65BLA),https://cdn1.smartprix.com/rx-iWn4Wd5fa-w280-h280/lg-evo-ai-qned65-43.webp
132,LG evo AI QNED85BX 65 inch Ultra HD 4K Smart Mini LED TV (65QNED85BXA),https://cdn1.smartprix.com/rx-icpp7kGXV-w280-h280/lg-evo-ai-qned85bx-6.webp
133,LG evo AI C6 48 inch Ultra HD 4K Smart OLED TV (OLED48C6PLA),https://cdn1.smartprix.com/rx-iyin9frLY-w280-h280/lg-evo-ai-c6-48-inch.webp
134,LG evo AI G6 77 inch Ultra HD 4K Smart OLED TV (OLED77G6PLA),https://cdn1.smartprix.com/rx-itiEad0U8-w280-h280/lg-evo-ai-g6-77-inch.webp
135,TCL P7L 43 inch Ultra HD 4K Smart QLED TV (43P7L),https://cdn1.smartprix.com/rx-iazfhIT3F-w280-h280/tcl-p7l-43-inch-ultr.webp
136,TCL P7L 50 inch Ultra HD 4K Smart QLED TV (50P7L),https://cdn1.smartprix.com/rx-iulQgaSOh-w280-h280/tcl-p7l-50-inch-ultr.webp
137,TCL P6L 65 inch Ultra HD 4K Smart LED TV (65P6L),https://cdn1.smartprix.com/rx-iu90QDXXA-w280-h280/tcl-p6l-65-inch-ultr.webp
138,TCL P8L 55 inch Ultra HD 4K Smart QLED TV (55P8L),https://cdn1.smartprix.com/rx-i5NeBsKlH-w280-h280/tcl-p8l-55-inch-ultr.webp
139,TCL P8L 65 inch Ultra HD 4K Smart QLED TV (65P8L),https://cdn1.smartprix.com/rx-iTT0nFBYt-w280-h280/tcl-p8l-65-inch-ultr.webp
140,TCL T6D 55 inch Ultra HD 4K Smart QLED TV (55T6D),https://cdn1.smartprix.com/rx-iTe6PrmVg-w280-h280/tcl-t6d-55-inch-ultr.webp
141,TCL T6D 43 inch Ultra HD 4K Smart QLED TV (43T6D),https://cdn1.smartprix.com/rx-i79250aSM-w280-h280/tcl-t6d-43-inch-ultr.webp
142,Samsung Vision AI UE85AH 65 inch Ultra HD 4K Smart LED TV (UA65UE85AHULXL),https://cdn1.smartprix.com/rx-iUoO2N0ks-w280-h280/samsung-vision-ai-ue.webp
143,Samsung M70H 55 inch Ultra HD 4K Smart Mini LED TV (UA55M70HAULXL),https://cdn1.smartprix.com/rx-iAKTdCZeN-w280-h280/samsung-m70h-55-inch.webp
144,TCL T89D 55 inch Ultra HD 4K Smart QLED TV (55T89D),https://cdn1.smartprix.com/rx-iZm7GqHoW-w280-h280/tcl-t89d-55-inch-ult.webp
145,Motorola 85UHDGMMWBIQ 85 inch Ultra HD 4K Smart QD-Mini LED TV,https://cdn1.smartprix.com/rx-ilL6Jz1wb-w280-h280/motorola-85uhdgmmwbi.webp
146,Realme TechLife 40FHDGQRDDRQ 40 inch Full HD Smart QLED TV,https://cdn1.smartprix.com/rx-i6KrbOHva-w280-h280/realme-techlife-40fh.webp
147,Samsung UE84AH 43 inch Ultra HD 4K Smart LED TV (UA43UE84AHULXL),https://cdn1.smartprix.com/rx-iQHfNm4Hl-w280-h280/samsung-ue84ah-43-in.webp
148,Toshiba E350SP 55 inch Ultra HD 4K Smart LED TV (55E350SP),https://cdn1.smartprix.com/rx-iHoa5X74s-w280-h280/toshiba-e350sp-55-in.webp
149,Samsung Vision AI UE85AH 55 inch Ultra HD 4K Smart LED TV (UA55UE85AHULXL),https://cdn1.smartprix.com/rx-i84jaXhea-w280-h280/samsung-vision-ai-ue.webp
150,Croma CREL055UGQ331852 55 inch Ultra HD 4K Smart QLED TV,https://cdn1.smartprix.com/rx-itGJthIdn-w280-h280/croma-crel055ugq3318.webp
151,LG evo AI C6 55 inch Ultra HD 4K Smart OLED TV (OLED55C6PLA),https://cdn1.smartprix.com/rx-iKiIaSZGJ-w280-h280/lg-evo-ai-c6-55-inch.webp
152,LG evo AI QNED82BX 55 inch Ultra HD 4K Smart Mini LED TV (55QNED82BXA),https://cdn1.smartprix.com/rx-ihxyiwLMv-w280-h280/lg-evo-ai-qned82bx-5.webp
153,VW Pro Series VW50GQ2 50 inch Ultra HD 4K Smart QLED TV,https://cdn1.smartprix.com/rx-i3KwzwwGh-w280-h280/vw-pro-series-vw50gq.webp
154,LG AI LB659 32 inch HD Ready Smart LED TV (32LB659BPLA),https://cdn1.smartprix.com/rx-i94dY1XVK-w280-h280/lg-ai-lb659-32-inch.webp
155,LG Nano AI NU885 50 inch Ultra HD 4K Smart LED TV (50NU885BPLA),https://cdn1.smartprix.com/rx-in8e5f7GQ-w280-h280/lg-nano-ai-nu885-50.webp
156,Samsung R85H 55 inch Ultra HD 4K Smart Micro RGB TV (MRA55R85HAULXL),https://cdn1.smartprix.com/rx-i6K54vsdb-w280-h280/samsung-r85h-55-inch.webp
157,LG AI NANO NU87 55 inch Ultra HD 4K Smart LED TV (55NU870BPLA),https://cdn1.smartprix.com/rx-iiGk9z5gX-w280-h280/lg-ai-nano-nu87-55-i.webp
158,LG AI LB653 32 inch HD Ready Smart LED TV (32LB653BPLA),https://cdn1.smartprix.com/rx-iQWnj17aA-w280-h280/lg-ai-lb653-32-inch.webp
159,LG AI LB655 32 inch HD Ready Smart LED TV (32LB655BPLA),https://cdn1.smartprix.com/rx-iOGCZpX2X-w280-h280/lg-ai-lb655-32-inch.webp
160,LG evo AI QNED82 65 inch Ultra HD 4K Smart Mini LED TV (65QNED82BLA),https://cdn1.smartprix.com/rx-ijUNjL7Vh-w280-h280/lg-evo-ai-qned82-65.webp
161,Motorola 32HDGQMSAQ 32 inch HD Ready Smart QLED TV,https://cdn1.smartprix.com/rx-i5A3CpqML-w280-h280/motorola-32hdgqmsaq.webp
162,Motorola 55UHDGQMGSDQ 55 inch Ultra HD 4K Smart QLED TV,https://cdn1.smartprix.com/rx-iJwoNHX0G-w280-h280/motorola-55uhdgqmgsd.webp
163,Xiaomi MagiQ S 65 inch Ultra HD 4K Smart Mini LED TV (L65MC-IN),https://cdn1.smartprix.com/rx-ipiaYW5Rz-w280-h280/xiaomi-magiq-s-65-in.webp
164,Acerpure Nitro Z 43 inch Ultra HD 4K Smart QLED TV (AP43UGMT96ELNZ5),https://cdn1.smartprix.com/rx-i2YTsZicD-w280-h280/acerpure-nitro-z-43.webp
165,Foxsky 40FS QLED 40 inch Full HD QLED TV,https://cdn1.smartprix.com/rx-iNqYYkton-w280-h280/foxsky-40fs-qled-40.webp
166,Xiaomi X Pro 2025 75 inch Ultra HD 4K Smart QLED TV (L75MB-APIN),https://cdn1.smartprix.com/rx-iVGgdGuTf-w280-h280/xiaomi-x-pro-2025-75.webp
167,LG QNED92 55 inch Ultra HD 4K Smart Mini LED TV (55QNED92ALA),https://cdn1.smartprix.com/rx-iYZmcfvgw-w280-h280/lg-qned92-55-inch-ul.webp
168,Foxsky FS43MINILED 43 inch Ultra HD 4K Smart Mini LED TV,https://cdn1.smartprix.com/rx-ifHtTjpT6-w280-h280/foxsky-fs43miniled-4.webp
169,Philips 65MLED610/94 65 inch Ultra HD 4K Smart Mini LED TV,https://cdn1.smartprix.com/rx-iUT4oFMLC-w280-h280/philips-65mled610-94.webp
170,VW Pro Series 43 inch Ultra HD 4K Smart QLED TV (VW43GQ1),https://cdn1.smartprix.com/rx-iue4UtGKB-w280-h280/vw-pro-series-43-inc.webp
171,Hisense Q6Q 43 inch Ultra HD 4K Smart QLED TV (43Q6Q),https://cdn1.smartprix.com/rx-iBCtMxrVc-w280-h280/hisense-q6q-43-inch.webp
172,Hisense U8Q Series 75 inch Ultra HD 4K Smart Mini LED TV (75U8Q),https://cdn1.smartprix.com/rx-i7uuRPBAs-w280-h280/hisense-u8q-series-7.webp
173,VW Nano Sync Series 55 inch Ultra HD 4K Smart QLED TV (VW55JQ1),https://cdn1.smartprix.com/rx-ifTTRpG5w-w280-h280/vw-nano-sync-series.webp
174,Thomson NeoX 55 inch Ultra HD 4K Smart QLED TV (55NEOX0011),https://cdn1.smartprix.com/rx-iv5fTNn81-w280-h280/thomson-neox-55-inch.webp
175,Hisense E75Q 43 inch Ultra HD 4K Smart QLED TV (43E75Q),https://cdn1.smartprix.com/rx-iQwNbrwb3-w280-h280/hisense-e75q-43-inch.webp
176,Acer Ultra I Series 43 inch Ultra HD 4K Smart LED TV (AR43UDGGU2875BD),https://cdn1.smartprix.com/rx-irfM0KhyW-w280-h280/acer-ultra-i-series.webp
177,Acerpure Nitro 75 inch Ultra HD 4K Smart QLED TV (AP75UG75PNTO5),https://cdn1.smartprix.com/rx-iV2btFM3I-w280-h280/acerpure-nitro-75-in.webp
178,Blaupunkt BP43JQD0016 43 inch Ultra HD 4K Smart QLED TV,https://cdn1.smartprix.com/rx-iUvPxSGH4-w280-h280/blaupunkt-bp43jqd001.webp
179,Acerpure Nitro 55 inch Ultra HD 4K Smart QLED TV (AP55UG75PNTO5),https://cdn1.smartprix.com/rx-imaq3La9B-w280-h280/acerpure-nitro-55-in.webp
180,Panasonic TH-32PS660DX 32 inch HD Ready Smart LED TV,https://cdn1.smartprix.com/rx-iH30Q4AF7-w280-h280/panasonic-th-32ps660.webp
181,TCL S5K 50 inch Full HD Smart QLED TV (50S5K),https://cdn1.smartprix.com/rx-iRS9IQz0D-w280-h280/tcl-s5k-50-inch-full.webp
182,Realme TechLife 55UHDGQRDDVQ 55 inch Ultra HD 4K Smart LED TV,https://cdn1.smartprix.com/rx-ilk0mTcWx-w280-h280/realme-techlife-55uh.webp
183,Vu GloQLED Series 50 inch Ultra HD 4K Smart QLED TV (50GLOQLED25),https://cdn1.smartprix.com/rx-iGRV2w115-w280-h280/vu-gloqled-series-50.webp
184,Xiaomi A Series 2025 32 inch HD Ready Smart LED TV (L32MB-AIN),https://cdn1.smartprix.com/rx-ioQQq2Z3o-w280-h280/xiaomi-a-series-2025.webp
185,TCL C72K 55 inch Ultra HD 4K Smart Mini LED TV (55C72K),https://cdn1.smartprix.com/rx-iCBrhHvCm-w280-h280/tcl-c72k-55-inch-ult.webp
186,Philips Lumina Series 50 inch Ultra HD 4K Smart QLED TV (50PQT8100/94),https://cdn1.smartprix.com/rx-itoPNxPdN-w280-h280/philips-lumina-serie.webp
187,TCL C7K 85 inch Ultra HD 4K Smart Mini LED TV (85C7K),https://cdn1.smartprix.com/rx-iJOfEZ8dB-w280-h280/tcl-c7k-85-inch-ultr.webp
188,Xiaomi G Series 32 inch HD Ready Smart QLED TV (L32MB-APIN),https://cdn1.smartprix.com/rx-iuoQ8IxwF-w280-h280/xiaomi-g-series-32-i.webp
189,TCL C6K 65 inch Ultra HD 4K Smart Mini LED TV (65C6K),https://cdn1.smartprix.com/rx-i6T95JnWf-w280-h280/tcl-c6k-65-inch-ultr.webp
190,Coocaa 32Q74 32 inch HD Ready Smart QLED TV,https://cdn1.smartprix.com/rx-iQUPsuH46-w280-h280/coocaa-32q74-32-inch.webp
191,LG UA8200 50 inch Ultra HD 4K Smart LED TV (50UA82006LA),https://cdn1.smartprix.com/rx-iWaRRZYKp-w280-h280/lg-ua8200-50-inch-ul.webp
192,TCL C6KS 55 inch Ultra HD 4K Smart Mini LED TV (55C6KS),https://cdn1.smartprix.com/rx-idYjE1vNB-w280-h280/tcl-c6ks-55-inch-ult.webp
193,Hisense E7Q 65 inch Ultra HD 4K Smart QLED TV (65E7Q),https://cdn1.smartprix.com/rx-iW01wHbkq-w280-h280/hisense-e7q-65-inch.webp
194,Hisense U7Q 75 inch Ultra HD 4K Smart Mini LED TV (75U7Q),https://cdn1.smartprix.com/rx-iYnEF1HFT-w280-h280/hisense-u7q-75-inch.webp
195,Sony Bravia II S25BM2 75 inch Ultra HD 4K Smart LED TV (K-75S25BM2),https://cdn1.smartprix.com/rx-iSE9tyohr-w280-h280/sony-bravia-ii-s25bm.webp
196,Hisense E7Q Series 43 inch Ultra HD 4K Smart QLED TV (43E7Q),https://cdn1.smartprix.com/rx-iQYcFTjEn-w280-h280/hisense-e7q-series-4.webp
197,TCL V6C 43 inch Ultra HD 4K Smart LED TV (43V6C),https://cdn1.smartprix.com/rx-iMfuMZrS0-w280-h280/tcl-v6c-43-inch-ultr.webp
198,TCL Q6CS 65 inch Ultra HD 4K Smart Mini LED TV (65Q6CS),https://cdn1.smartprix.com/rx-ikGemsv8B-w280-h280/tcl-q6cs-65-inch-ult.webp
199,Sony Bravia 2 II S25M2 55 inch Ultra HD 4K Smart LED TV (K-55S25M2),https://cdn1.smartprix.com/rx-iCpj3LZIk-w280-h280/sony-bravia-2-ii-s25.webp
200,Motorola Envision X 2025 55 inch Ultra HD 4K Smart QLED TV (55UHDGQMVSAQ),https://cdn1.smartprix.com/rx-i9cKEPwly-w280-h280/motorola-envision-x.webp
201,Haier M80F 55 inch Ultra HD 4K Smart Mini LED TV (H55M80FUX),https://cdn1.smartprix.com/rx-ilhrwBYvZ-w280-h280/haier-m80f-55-inch-u.webp
202,Motorola Envision X 2025 65 inch Ultra HD 4K Smart QLED TV (65UHDGQMVSAQ),https://cdn1.smartprix.com/rx-ipbTgMRid-w280-h280/motorola-envision-x.webp
203,Samsung UE84AF 43 inch Ultra HD Smart LED TV (UA43UE84AFUXXL),https://cdn1.smartprix.com/rx-iRFMVRShI-w280-h280/samsung-ue84af-43-in.webp
204,Xiaomi FX Series 43 inch Ultra HD 4K Smart Fire TV (L43MB-FIN),https://cdn1.smartprix.com/rx-iFANXb8FL-w280-h280/xiaomi-fx-series-43.webp
205,Samsung S95F 65 inch Ultra HD 4K Smart OLED TV (QA65S95FAUXXL),https://cdn1.smartprix.com/rx-iJamToljT-w280-h280/samsung-s95f-65-inch.webp
206,Samsung H4520 32 inch HD Ready Smart LED TV (UA32H4520FUXXL),https://cdn1.smartprix.com/rx-izQ0gcbx4-w280-h280/samsung-h4520-32-inc.webp
207,Samsung QN70F 65 inch Ultra HD 4K Smart Neo QLED TV (QA65QN70FAUXXL),https://cdn1.smartprix.com/rx-iq1pWtKbM-w280-h280/samsung-qn70f-65-inc.webp
208,Xiaomi X Series 2025 55 inch Ultra HD 4K Smart LED TV (L55MB-AIN),https://cdn1.smartprix.com/rx-iPBlClCGv-w280-h280/xiaomi-x-series-2025.webp
209,Samsung S90F 55 inch Ultra HD 4K Smart OLED TV (QA55S90FAEXXL),https://cdn1.smartprix.com/rx-izFKKmNES-w280-h280/samsung-s90f-55-inch.webp
210,Samsung QN90F 65 inch Ultra HD 4K Smart Neo QLED TV (QA65QN90FAUXXL),https://cdn1.smartprix.com/rx-iv8VJdSrn-w280-h280/samsung-qn90f-65-inc.webp
211,Hisense E7Q PRO Series 55 inch Ultra HD 4K Smart QLED TV (55E7Q PRO),https://cdn1.smartprix.com/rx-ityPPZSEa-w280-h280/hisense-e7q-pro-seri.webp
212,TCL P6K 43 inch Ultra HD 4K Smart LED TV (43P6K),https://cdn1.smartprix.com/rx-iL50eiV8G-w280-h280/tcl-p6k-43-inch-ultr.webp
213,iFFALCON U65 65 inch Ultra HD 4K Smart LED TV (65U65),https://cdn1.smartprix.com/rx-i0C25xAZP-w280-h280/iffalcon-u65-65-inch.webp
214,TCL V5C 40 inch Full HD Smart QLED TV (40V5C),https://cdn1.smartprix.com/rx-isxKCFvv2-w280-h280/tcl-v5c-40-inch-full.webp
215,TCL T6C 55 inch Ultra HD 4K Smart QLED TV (55T6C),https://cdn1.smartprix.com/rx-iGjLKYarc-w280-h280/tcl-t6c-55-inch-ultr.webp
216,iFFALCON S55 40 inch Full HD Smart LED TV (40S55),https://cdn1.smartprix.com/rx-iwBAwCri3-w280-h280/iffalcon-s55-40-inch.webp
217,Samsung Q7F 55 inch Ultra HD 4K Smart QLED TV (QA55Q7FAAULXL),https://cdn1.smartprix.com/rx-iiYlI0C3y-w280-h280/samsung-q7f-55-inch.webp
218,Samsung U8100F 43 inch Ultra HD 4K Smart LED TV (UA43U8100FULXL),https://cdn1.smartprix.com/rx-iQBLkRGoc-w280-h280/samsung-u8100f-43-in.webp
219,Samsung Q7F 43 inch Ultra HD 4K Smart QLED TV (QA43Q7FAAULXL),https://cdn1.smartprix.com/rx-iiYlI0C3y-w280-h280/samsung-q7f-43-inch.webp
220,Lumio Vision 7 43 inch Ultra HD 4K Smart QLED TV (FTW1-ADSG),https://cdn1.smartprix.com/rx-iIfHtif7r-w280-h280/lumio-vision-7-43-in.webp
221,Xiaomi X Pro 2025 65 inch Ultra HD 4K Smart QLED TV (L65MB-APIN),https://cdn1.smartprix.com/rx-iUgIeKR4G-w280-h280/xiaomi-x-pro-2025-65.webp
222,TCL S4K 32 inch HD Ready Smart QLED TV (32S4K),https://cdn1.smartprix.com/rx-iK0NWOL0Q-w280-h280/tcl-s4k-32-inch-hd-r.webp
223,Thomson Alpha 24 inch HD Ready Smart QLED TV (24AlphaQ001),https://cdn1.smartprix.com/rx-i3kFJcLdJ-w280-h280/thomson-alpha-24-inc.webp
224,LG LR600 32 inch HD Ready Smart LED TV (32LR600B6LC),https://cdn1.smartprix.com/rx-iu8LPZygm-w280-h280/lg-lr600-32-inch-hd.webp
225,Thomson 43TJQ0012 43 inch Ultra HD 4K Smart QLED TV,https://cdn1.smartprix.com/rx-iubnMXhaL-w280-h280/thomson-43tjq0012-43.webp
226,Foxsky FS55GATV 55 inch Ultra HD 4K Smart QLED TV,https://cdn1.smartprix.com/rx-i531tjJ6K-w280-h280/foxsky-fs55gatv-55-i.webp
227,Vu Masterpiece Frame Series 2025 55 inch Ultra HD 4K Smart QLED TV (55MASTERPIECE),https://cdn1.smartprix.com/rx-iQRqqtzkr-w280-h280/vu-masterpiece-frame.webp
228,Foxsky 32FS 32 inch HD Ready Smart QLED TV,https://cdn1.smartprix.com/rx-id1mtD6qO-w280-h280/foxsky-32fs-32-inch.webp
229,Infinix 43GU1Q 43 inch Ultra HD 4K Smart QLED TV,https://cdn1.smartprix.com/rx-iW1GCUgyt-w280-h280/infinix-43gu1q-43-in.webp
230,Acer Super Series 43 inch Ultra HD 4K Smart QLED TV (AR43QDXGU2875AT),https://cdn1.smartprix.com/rx-iHxukbofe-w280-h280/acer-super-series-43.webp
231,Realme TechLife CineSonic 65 inch Ultra HD 4K Smart LED TV (65UHDGDRWSXP),https://cdn1.smartprix.com/rx-ia70ZK11p-w280-h280/realme-techlife-cine.webp
232,Realme TechLife CineSonic Q 50 inch Ultra HD 4K Smart QLED TV (50UHDGQRWSGQ),https://cdn1.smartprix.com/rx-ioU93JSev-w280-h280/realme-techlife-cine.webp
233,Realme TechLife CineSonic 43 inch Ultra HD 4K Smart LED TV (43UHDGDRVS3E),https://cdn1.smartprix.com/rx-iRQKGiK79-w280-h280/realme-techlife-cine.webp
234,Sony Bravia 3 S30 55 inch Ultra HD 4K Smart LED TV (K-55S30),https://cdn1.smartprix.com/rx-igrCjQJuY-w280-h280/sony-bravia-3-s30-55.webp
235,Haier S800QT 55 inch Ultra HD 4K Smart QLED TV (55S800QT),https://cdn1.smartprix.com/rx-iSsglsaeC-w280-h280/haier-s800qt-55-inch.webp
236,Sony Bravia 7 Series 55 inch Ultra HD 4K Smart Mini LED TV (K-55XR70),https://cdn1.smartprix.com/rx-iYuV1MkY2-w280-h280/sony-bravia-7-series.webp
237,Haier S800QT 43 inch Ultra HD 4K Smart QLED TV (43S800QT),https://cdn1.smartprix.com/rx-iAuLG8t8q-w280-h280/haier-s800qt-43-inch.webp
238,Motorola Envision X Spectra 50 inch Ultra HD 4K Smart Mini LED TV (50UHDGMMWKRQ),https://cdn1.smartprix.com/rx-itUow9OsJ-w280-h280/motorola-envision-x.webp
239,Samsung DUE70 43 inch Ultra HD 4K Smart LED TV (UA43DUE70BKLXL),https://cdn1.smartprix.com/rx-ig8kV8Dqr-w280-h280/samsung-due70-43-inc.webp
240,LG C3 55 inch Ultra HD 4K Smart OLED TV (OLED55C3PSA),https://cdn1.smartprix.com/rx-i5MsfSzFB-w280-h280/lg-c3-55-inch-ultra.webp
241,Hisense E7K 43 inch Ultra HD 4K Smart QLED TV (43E7K),https://cdn1.smartprix.com/rx-iiNm5xmx2-w280-h280/hisense-e7k-43-inch.webp
242,Panasonic MX750 43 inch Ultra HD 4K Smart LED TV (TH-43MX750DX),https://cdn1.smartprix.com/rx-iCu77jOhB-w280-h280/panasonic-mx750-43-i.webp
243,Foxsky 32 FSELS PRO 32 inch Full HD Smart LED TV,https://cdn1.smartprix.com/rx-iNw39rLoF-w280-h280/foxsky-32-fsels-pro.webp
244,MarQ 32HDCDQEE1B 32 Full HD Smart LED TV,https://cdn1.smartprix.com/rx-ivYgmL73h-w280-h280/marq-32hdcdqee1b-32.webp
245,LG UR75 43 inch Ultra HD 4K Smart LED TV (43UR7500PSC),https://cdn1.smartprix.com/rx-imNY3JpcJ-w280-h280/lg-ur75-43-inch-ultr.webp
246,Xiaomi Mi X Pro 50 inch Ultra HD 4K Smart LED TV (L50M8-5XIN),https://cdn1.smartprix.com/rx-ioNgpuBp4-w280-h280/xiaomi-mi-x-pro-50-i.webp
247,Xiaomi Mi X Pro 43 inch Ultra HD 4K Smart LED TV (L43M8-5XIN),https://cdn1.smartprix.com/rx-iTiYn9MYf-w280-h280/xiaomi-mi-x-pro-43-i.webp
248,Blaupunkt BLA49BU680 49-inch Ultra HD 4K Smart LED TV,https://cdn1.smartprix.com/rx-i8ivbomiS-w280-h280/blaupunkt-bla49bu680.webp
249,Samsung The Frame LS03H 55 inch Ultra HD 4K Smart QLED TV (QA55LS03HEUXXL),https://cdn1.smartprix.com/rx-idX4ZsuIi-w280-h280/samsung-the-frame-ls.webp
250,iFFLACON U65A 65 inch Ultra HD 4K Smart LED TV (65U65A),https://cdn1.smartprix.com/rx-iFq0dW7J4-w280-h280/ifflacon-u65a-65-inc.webp
251,AKAI AL43GS-SF5P 43 inch Full HD Smart LED TV,https://cdn1.smartprix.com/rx-iKuH7JcoQ-w280-h280/akai-al43gs-sf5p-43.webp
252,iFFLACON U65A 43 inch Ultra HD 4K Smart LED TV (43U65A),https://cdn1.smartprix.com/rx-iU5f4rAV4-w280-h280/ifflacon-u65a-43-inc.webp
253,Kodak 43FST5050 43 inch Full HD Smart QLED TV,https://cdn1.smartprix.com/rx-iZF0Jiv0f-w280-h280/kodak-43fst5050-43-i.webp
254,Kodak 32ST5020 32 inch HD Ready Smart QLED TV,https://cdn1.smartprix.com/rx-iWgnWnbdt-w280-h280/kodak-32st5020-32-in.webp
255,LG evo AI QNED82 75 inch Ultra HD 4K Smart Mini LED TV (75QNED82BLA),https://cdn1.smartprix.com/rx-imqu8yAER-w280-h280/lg-evo-ai-qned82-75.webp
256,LG evo AI QNED85B 86 inch Ultra HD 4K Smart Mini LED TV (86QNED85BLA),https://cdn1.smartprix.com/rx-iJ3VUvnYf-w280-h280/lg-evo-ai-qned85b-86.webp
257,Sony Bravia 3 II 85 inch Ultra HD 4K Smart LED TV (K-85XR35M2),https://cdn1.smartprix.com/rx-iDpN0WgTx-w280-h280/sony-bravia-3-ii-85.webp
258,TCL P7L 75 inch Ultra HD 4K Smart QLED TV (75P7L),https://cdn1.smartprix.com/rx-iHYk7SzVB-w280-h280/tcl-p7l-75-inch-ultr.webp
259,TCL P6L 43 inch Ultra HD 4K Smart LED TV (43P6L),https://cdn1.smartprix.com/rx-iaji38oGo-w280-h280/tcl-p6l-43-inch-ultr.webp
260,Samsung R85H 75 inch Ultra HD 4K Smart Micro RGB TV (MRA75R85HAULXL),https://cdn1.smartprix.com/rx-i6K54vsdb-w280-h280/samsung-r85h-75-inch.webp
261,TCL P6L 55 inch Ultra HD 4K Smart LED TV (55P6L),https://cdn1.smartprix.com/rx-iOoDa1m8a-w280-h280/tcl-p6l-55-inch-ultr.webp
262,TCL T6D 65 inch Ultra HD 4K Smart QLED TV (65T6D),https://cdn1.smartprix.com/rx-iT907zJsm-w280-h280/tcl-t6d-65-inch-ultr.webp
263,LG evo AI G6 55 inch Ultra HD 4K Smart OLED TV (OLED55G6PLA),https://cdn1.smartprix.com/rx-iXF5ZULMb-w280-h280/lg-evo-ai-g6-55-inch.webp
264,LG evo AI C6 77 inch Ultra HD 4K Smart OLED TV (OLED77C6PLA),https://cdn1.smartprix.com/rx-iZegeJS7i-w280-h280/lg-evo-ai-c6-77-inch.webp
265,Samsung S90H 48 inch Ultra HD 4K Smart OLED TV (QA48S90HAELXL),https://cdn1.smartprix.com/rx-iRsNbyckJ-w280-h280/samsung-s90h-48-inch.webp
266,Samsung QN80H 55 inch Ultra HD 4K Smart QLED TV (55QN80HAUXXL),https://cdn1.smartprix.com/rx-igPRIXIVs-w280-h280/samsung-qn80h-55-inc.webp
267,Samsung U8500H 55 inch Ultra HD 4K Smart LED TV (UA55U8500HULXL),https://cdn1.smartprix.com/rx-iQeWrKXkr-w280-h280/samsung-u8500h-55-in.webp
268,Samsung QN70H 50 inch Ultra HD 4K Smart QLED TV (QA50QN70HAULXL),https://cdn1.smartprix.com/rx-ir8xJ7pJL-w280-h280/samsung-qn70h-50-inc.webp
269,Samsung U8500H 85 inch Ultra HD 4K Smart LED TV (UA85U8500HULXL),https://cdn1.smartprix.com/rx-iQeWrKXkr-w280-h280/samsung-u8500h-85-in.webp
270,Samsung UE83AH 55 inch Ultra HD 4K Smart LED TV (UA55UE83AHULXL),https://cdn1.smartprix.com/rx-icqTXF7rj-w280-h280/samsung-ue83ah-55-in.webp
271,LG Nano AI NU885 85 inch Ultra HD 4K Smart LED TV (85NU885BPLA),https://cdn1.smartprix.com/rx-iglBaVktv-w280-h280/lg-nano-ai-nu885-85.webp
272,TCL T89D 75 inch Ultra HD 4K Smart QLED TV (75T89D),https://cdn1.smartprix.com/rx-i9SwJsFER-w280-h280/tcl-t89d-75-inch-ult.webp
273,Samsung Vision AI S85H 65 inch Ultra HD 4K Smart OLED TV (QA65S85HAELXL),https://cdn1.smartprix.com/rx-izQjGwWM0-w280-h280/samsung-vision-ai-s8.webp
274,VW Pro Series VW65GQ2 65 inch Ultra HD 4K Smart QLED TV,https://cdn1.smartprix.com/rx-iFihKIzFf-w280-h280/vw-pro-series-vw65gq.webp
275,Hisense E5S 43 inch Full HD Smart QLED TV (43E5S),https://cdn1.smartprix.com/rx-iaPnRfjbm-w280-h280/hisense-e5s-43-inch.webp
276,Motorola 65UHDGMMWBIQ 65 inch Ultra HD 4K Smart QD-Mini LED TV,https://cdn1.smartprix.com/rx-i1WjP6egc-w280-h280/motorola-65uhdgmmwbi.webp
277,Croma CREL032HGL024653 32 inch HD Ready Smart LED TV,https://cdn1.smartprix.com/rx-iLDavzlb3-w280-h280/croma-crel032hgl0246.webp
278,Samsung S90H 55 inch Ultra HD 4K Smart OLED TV (QA55S90HAELXL),https://cdn1.smartprix.com/rx-iRsNbyckJ-w280-h280/samsung-s90h-55-inch.webp
279,Samsung M80H 65 inch Ultra HD 4K Smart Mini LED TV (65M80HAU),https://cdn1.smartprix.com/rx-innWXvAZy-w280-h280/samsung-m80h-65-inch.webp
280,Samsung M80H 75 inch Ultra HD 4K Smart Mini LED TV (75M80HAU),https://cdn1.smartprix.com/rx-innWXvAZy-w280-h280/samsung-m80h-75-inch.webp
281,Samsung Vision AI M2EH 75 inch Ultra HD 4K Smart Mini LED TV (UA75M2EHAULXL),https://cdn1.smartprix.com/rx-iP7WIgnzc-w280-h280/samsung-vision-ai-m2.webp
282,LG AI NANO NU87 50 inch Ultra HD 4K Smart LED TV (50NU870BPLA),https://cdn1.smartprix.com/rx-i8DNUecZp-w280-h280/lg-ai-nano-nu87-50-i.webp
283,Samsung QN2EH 55 inch Ultra HD 4K Smart QLED TV (QA55QN2EHAULXL),https://cdn1.smartprix.com/rx-iJwYdo9sW-w280-h280/samsung-qn2eh-55-inc.webp
284,LG evo AI C6 65 inch Ultra HD 4K Smart OLED TV (OLED65C6PLA),https://cdn1.smartprix.com/rx-iFtgSNRhx-w280-h280/lg-evo-ai-c6-65-inch.webp
285,Samsung M70H 50 inch Ultra HD 4K Smart Mini LED TV (UA50M70HAULXL),https://cdn1.smartprix.com/rx-iufFYkNqc-w280-h280/samsung-m70h-50-inch.webp
286,Samsung M70H 65 inch Ultra HD 4K Smart Mini LED TV (UA65M70HAULXL),https://cdn1.smartprix.com/rx-icOpGULTS-w280-h280/samsung-m70h-65-inch.webp
287,Samsung M70H 85 inch Ultra HD 4K Smart Mini LED TV (UA85M70HAULXL),https://cdn1.smartprix.com/rx-iDAwCJYc8-w280-h280/samsung-m70h-85-inch.webp
288,LG evo AI QNED82BX 65 inch Ultra HD 4K Smart Mini LED TV (65QNED82BXA),https://cdn1.smartprix.com/rx-iA6kaT5P0-w280-h280/lg-evo-ai-qned82bx-6.webp
289,Samsung M70H 75 inch Ultra HD 4K Smart Mini LED TV (UA75M70HAULXL),https://cdn1.smartprix.com/rx-iH6dFU3eo-w280-h280/samsung-m70h-75-inch.webp
290,Samsung Vision AI S95H 77 inch Ultra HD 4K Smart OLED TV (QA77S95HXULXL),https://cdn1.smartprix.com/rx-ipBvej3lN-w280-h280/samsung-vision-ai-s9.webp
291,Reliance RW32MP8676HD 32 inch HD Ready Smart LED TV,https://cdn1.smartprix.com/rx-iSYPwANf2-w280-h280/reliance-rw32mp8676h.webp
292,Samsung QN70H 55 inch Ultra HD 4K Smart QLED TV (QA55QN70HAULXL),https://cdn1.smartprix.com/rx-ic0k67Gtx-w280-h280/samsung-qn70h-55-inc.webp
293,Samsung QN80H 75 inch Ultra HD 4K Smart QLED TV (75QN80HAUXXL),https://cdn1.smartprix.com/rx-i4jimdWby-w280-h280/samsung-qn80h-75-inc.webp
294,Samsung QN80H 65 inch Ultra HD 4K Smart QLED TV (65QN80HAUXXL),https://cdn1.smartprix.com/rx-i5LSdlJkd-w280-h280/samsung-qn80h-65-inc.webp
295,LG AI LB650 32 inch HD Ready Smart LED TV (32LB650BPLA),https://cdn1.smartprix.com/rx-iUkjtnRM3-w280-h280/lg-ai-lb650-32-inch.webp
296,Samsung S90H 65 inch Ultra HD 4K Smart OLED TV (QA65S90HAELXL),https://cdn1.smartprix.com/rx-itcsokCN8-w280-h280/samsung-s90h-65-inch.webp
297,Hisense E6S Series 50 inch Ultra HD 4K Smart LED TV (50E6S),https://cdn1.smartprix.com/rx-icOgzhwcg-w280-h280/hisense-e6s-series-5.webp
298,Hisense E6S Series 43 inch Ultra HD 4K Smart LED TV (43E6S),https://cdn1.smartprix.com/rx-iavoyWX42-w280-h280/hisense-e6s-series-4.webp
299,Toshiba E36RP Series 32 inch HD Ready Smart QLED TV (32E36RP),https://cdn1.smartprix.com/rx-iAJ0pHTps-w280-h280/toshiba-e36rp-series.webp
300,Realme TechLife 43UHDGDRWSDB 43 inch Ultra HD 4K Smart LED TV,https://cdn1.smartprix.com/rx-iQwyYUgXx-w280-h280/realme-techlife-43uh.webp
301,Haier K85 Series 55 inch Ultra HD 4K Smart LED TV (H55K85FUX),https://cdn1.smartprix.com/rx-iLUCo5R6a-w280-h280/haier-k85-series-55.webp
302,realme TechLife 32HDGQRGSAQ 32 inch HD Ready Smart QLED TV,https://cdn1.smartprix.com/rx-i7WQTPJO0-w280-h280/realme-techlife-32hd.webp
303,Xiaomi MagiQ S 75 inch Ultra HD 4K Smart Mini LED TV (L75MC-IN),https://cdn1.smartprix.com/rx-iSVe5CSDy-w280-h280/xiaomi-magiq-s-75-in.webp
304,realme TechLife 43UHDGQRASDQ 43 inch Ultra HD 4K Smart QLED TV,https://cdn1.smartprix.com/rx-i3hfq8lpU-w280-h280/realme-techlife-43uh.webp
305,Philips 75MLED610/94 75 inch Ultra HD 4K Smart Mini LED TV,https://cdn1.smartprix.com/rx-icJRNpktk-w280-h280/philips-75mled610-94.webp
306,Foxsky FS75MINILED 75 inch Ultra HD 4K Smart Mini LED TV,https://cdn1.smartprix.com/rx-ioRs17awt-w280-h280/foxsky-fs75miniled-7.webp
307,Onida 55UFD 55 inch Ultra HD 4K Smart LED TV,https://cdn1.smartprix.com/rx-ikpvCEoLt-w280-h280/onida-55ufd-55-inch.webp
308,Onida Q43UFD 43 inch Ultra HD 4K Smart QLED TV,https://cdn1.smartprix.com/rx-ikBfnVxwk-w280-h280/onida-q43ufd-43-inch.webp
309,Bush BH32S YPRO/Q 32 inch HD Ready Smart QLED TV,https://cdn1.smartprix.com/rx-iIKMxK7YW-w280-h280/bush-bh32s-ypro-q-32.webp
310,Bush BH32S YPRO 32 inch HD Ready Smart LED TV,https://cdn1.smartprix.com/rx-iCscCr1K2-w280-h280/bush-bh32s-ypro-32-i.webp
311,Bush BH43S YPRO/U 43 inch Ultra HD 4K Smart LED TV,https://cdn1.smartprix.com/rx-ifKxaPfjE-w280-h280/bush-bh43s-ypro-u-43.webp
312,VW Pro Series 75 inch Ultra HD 4K Smart QLED TV (VW75GQ1),https://cdn1.smartprix.com/rx-i9s5gEx3U-w280-h280/vw-pro-series-75-inc.webp
313,LG AI UA7380 43 inch Ultra HD 4K Smart LED TV (43UA73806LA),https://cdn1.smartprix.com/rx-ilHqihbcE-w280-h280/lg-ai-ua7380-43-inch.webp
314,LG QNED92 75 inch Ultra HD 4K Smart Mini LED TV (75QNED92ALA),https://cdn1.smartprix.com/rx-iqztCiN2y-w280-h280/lg-qned92-75-inch-ul.webp
315,Uniboom Optima 24 inch HD Ready Smart LED TV (24S-ULT-AED),https://cdn1.smartprix.com/rx-iqKAOnjl0-w280-h280/uniboom-optima-24-in.webp
316,RGL RGS4001 40 inch Full HD Smart LED TV,https://cdn1.smartprix.com/rx-i4f5tCKtz-w280-h280/rgl-rgs4001-40-inch.webp
317,Onida Karaoke Series 65 inch Ultra HD 4K Smart LED TV (65UGID),https://cdn1.smartprix.com/rx-idhzEdxi8-w280-h280/onida-karaoke-series.webp
318,Onida Karaoke Series 50 inch Ultra HD 4K Smart LED TV (50UGFHD),https://cdn1.smartprix.com/rx-i1SmBpjyD-w280-h280/onida-karaoke-series.webp
319,Onida Karaoke Series 55 inch Ultra HD 4K Smart LED TV (55UGFHD),https://cdn1.smartprix.com/rx-i4svd5WOX-w280-h280/onida-karaoke-series.webp
320,Croma CREL032HCL024601 32 inch HD Ready Smart LED TV,https://cdn1.smartprix.com/rx-ipdVtPXpJ-w280-h280/croma-crel032hcl0246.webp
321,Onida Nexg Karaoke Series 55 inch Ultra HD 4K Smart QLED TV (Q55UGI120),https://cdn1.smartprix.com/rx-iJG9Sfq4L-w280-h280/onida-nexg-karaoke-s.webp
322,Wobble K Series 55 inch Ultra HD 4K Smart LED TV (WB55UDAGU2875D25),https://cdn1.smartprix.com/rx-irOYmVeYy-w280-h280/wobble-k-series-55-i.webp
323,Foxsky FS50MINILED 50 inch Ultra HD 4K Smart Mini LED TV,https://cdn1.smartprix.com/rx-iZyagTkjk-w280-h280/foxsky-fs50miniled-5.webp
324,Foxsky FS55MINILED 55 inch Ultra HD 4K Smart Mini LED TV,https://cdn1.smartprix.com/rx-ihoP5vuep-w280-h280/foxsky-fs55miniled-5.webp
325,Foxsky FS65MINILED 65 inch Ultra HD 4K Smart Mini LED TV,https://cdn1.smartprix.com/rx-ii5KoxHVZ-w280-h280/foxsky-fs65miniled-6.webp
326,Realme TechLife 50UHDGDRWSDB 50 inch Ultra HD 4K Smart LED TV,https://cdn1.smartprix.com/rx-ia8YQU1vI-w280-h280/realme-techlife-50uh.webp
327,Motorola 43UHDGQMWSDQ 43 inch Ultra HD 4K Smart QLED TV,https://cdn1.smartprix.com/rx-if78Kv1b0-w280-h280/motorola-43uhdgqmwsd.webp
328,Elista TDU50GA 50 inch Ultra HD 4K Smart LED TV,https://cdn1.smartprix.com/rx-irbtbYHed-w280-h280/elista-tdu50ga-50-in.webp
329,Haier W4G 32 inch HD Ready Smart LED TV (32W4G),https://cdn1.smartprix.com/rx-iLQ8WAIac-w280-h280/haier-w4g-32-inch-hd.webp
330,Haier H5E 50 inch Ultra HD 4K Smart LED TV (50H5E),https://cdn1.smartprix.com/rx-ibC6Aotf3-w280-h280/haier-h5e-50-inch-ul.webp
331,Haier H5E 43 inch Ultra HD 4K Smart LED TV (43H5E),https://cdn1.smartprix.com/rx-iLzoNWrAi-w280-h280/haier-h5e-43-inch-ul.webp
332,Coocaa 65MINI75Q 65 inch Ultra HD 4K Smart Mini LED TV,https://cdn1.smartprix.com/rx-iWY2xYMms-w280-h280/coocaa-65mini75q-65.webp
333,Panasonic PX800D 55 inch Ultra HD 4K Smart LED TV (TH-55PX800DX),https://cdn1.smartprix.com/rx-i8JZAl9gH-w280-h280/panasonic-px800d-55.webp
334,Hisense Q6Q 55 inch Ultra HD 4K Smart QLED TV (55Q6Q),https://cdn1.smartprix.com/rx-iix3pgnmH-w280-h280/hisense-q6q-55-inch.webp
335,Hisense Q6Q 65 inch Ultra HD 4K Smart QLED TV (65Q6Q),https://cdn1.smartprix.com/rx-iz909X88A-w280-h280/hisense-q6q-65-inch.webp
336,VZY W43UHQG5 Ultra HD 4K Smart QLED TV,https://cdn1.smartprix.com/rx-i33G058eP-w280-h280/vzy-w43uhqg5-ultra-h.webp
337,Kodak IconiK Series 65 inch Ultra HD 4K Smart Mini LED TV (K65Mini502),https://cdn1.smartprix.com/rx-iOJeNr8jG-w280-h280/kodak-iconik-series.webp
338,Haier M92 75 inch Ultra HD 4K Smart Mini LED TV (H75M92FUX),https://cdn1.smartprix.com/rx-i8YmodUQY-w280-h280/haier-m92-75-inch-ul.webp
339,VZY X32HDLG5 32 inch HD Ready Smart LED TV,https://cdn1.smartprix.com/rx-iL4CCyMSO-w280-h280/vzy-x32hdlg5-32-inch.webp
340,Panasonic TH-65PX740DX 65 inch Ultra HD 4K Smart LED TV,https://cdn1.smartprix.com/rx-iJRobJfp4-w280-h280/panasonic-th-65px740.webp
341,VZY X43UHQG5AV 43 inch Ultra HD 4K Smart QLED TV,https://cdn1.smartprix.com/rx-iVUavkUS5-w280-h280/vzy-x43uhqg5av-43-in.webp
342,Acerpure Nitro 100 inch Ultra HD 4K Smart QLED TV (AP100UG75PNTO5),https://cdn1.smartprix.com/rx-ivVL8Kof0-w280-h280/acerpure-nitro-100-i.webp
343,VZY X55UHQG5AV 55 inch Ultra HD 4K Smart QLED TV,https://cdn1.smartprix.com/rx-iePoD4f0X-w280-h280/vzy-x55uhqg5av-55-in.webp
344,Onida MZ50MIN 50 inch Ultra HD 4K Smart Mini LED TV,https://cdn1.smartprix.com/rx-imfcRkqEj-w280-h280/onida-mz50min-50-inc.webp
345,Toshiba M450RP Series 50 inch Ultra HD 4K Smart QLED TV (50M450RP),https://cdn1.smartprix.com/rx-iK1DUtfBI-w280-h280/toshiba-m450rp-serie.webp
346,Toshiba M450RP Series 43 inch Ultra HD 4K Smart QLED TV (43M450RP),https://cdn1.smartprix.com/rx-iASQkEjEm-w280-h280/toshiba-m450rp-serie.webp
347,Acer Ultra I Series 32 inch HD Ready Smart LED TV (AR32HDJGU2841BD),https://cdn1.smartprix.com/rx-iY280667M-w280-h280/acer-ultra-i-series.webp
348,Onida Nexg Series 55 inch Ultra HD 4K Smart LED TV (55UZI),https://cdn1.smartprix.com/rx-iP8KEGsZN-w280-h280/onida-nexg-series-55.webp
349,Blaupunkt SonicQ 55 inch Ultra HD 4K Smart QLED TV (55SQ0303),https://cdn1.smartprix.com/rx-ijlQU58AQ-w280-h280/blaupunkt-sonicq-55.webp
350,Thomson NeoX 65 inch Ultra HD 4K Smart QLED TV (65NEOX0011),https://cdn1.smartprix.com/rx-iwkU6athN-w280-h280/thomson-neox-65-inch.webp
351,Blaupunkt SonicQ 65 inch Ultra HD 4K Smart QLED TV (65SQ0303),https://cdn1.smartprix.com/rx-iG1VdTD6K-w280-h280/blaupunkt-sonicq-65.webp
352,Kodak MotionX 55 inch Ultra HD 4K Smart QLED TV (55MX8888),https://cdn1.smartprix.com/rx-iBOFip7TD-w280-h280/kodak-motionx-55-inc.webp
353,Thomson NeoX 75 inch Ultra HD 4K Smart QLED TV (75NEOX0011),https://cdn1.smartprix.com/rx-iXdsk9LI8-w280-h280/thomson-neox-75-inch.webp
354,Blaupunkt SonicQ 75 inch Ultra HD 4K Smart QLED TV (75SQ0303),https://cdn1.smartprix.com/rx-i2frhV5zy-w280-h280/blaupunkt-sonicq-75.webp
355,LG UA8300 55 inch Ultra HD 4K Smart LED TV (55UA83006LA),https://cdn1.smartprix.com/rx-ilXZx0dgt-w280-h280/lg-ua8300-55-inch-ul.webp
356,Acer Ultra V Series 32 inch HD Ready Smart QLED TV (AR32QDVGU2841BD),https://cdn1.smartprix.com/rx-iOzfxwSJr-w280-h280/acer-ultra-v-series.webp
357,Acer Ultra V Series 43 inch Ultra HD 4K Smart QLED TV (AR43QDVGU2875BD),https://cdn1.smartprix.com/rx-i4UQfkSlu-w280-h280/acer-ultra-v-series.webp
358,Acer Ultra V Series 55 inch Ultra HD 4K Smart QLED TV (AR55QDVGU2875BD),https://cdn1.smartprix.com/rx-i1EeeCMW2-w280-h280/acer-ultra-v-series.webp
359,Philips Harmony Series 75 inch Ultra HD 4K Smart QLED TV (75PQT8300/94),https://cdn1.smartprix.com/rx-iqTwoHRyG-w280-h280/philips-harmony-seri.webp
360,Wobble K Series 40 inch Full HD Smart LED TV (WB40FDAGU2841D25),https://cdn1.smartprix.com/rx-iZbHNIssc-w280-h280/wobble-k-series-40-i.webp
361,Wobble K Series 32 inch HD Ready Smart LED TV (WB32HDAGU2841D25),https://cdn1.smartprix.com/rx-iAhi4MXcC-w280-h280/wobble-k-series-32-i.webp
362,Croma CREL055UGL333850 55 inch Ultra HD 4K Smart LED TV,https://cdn1.smartprix.com/rx-i0MNrSTFF-w280-h280/croma-crel055ugl3338.webp
363,Acer AR40FDGGU2841BD 40 inch Full HD Smart LED TV,https://cdn1.smartprix.com/rx-i0u6DA975-w280-h280/acer-ar40fdggu2841bd.webp
364,Acer Ultra I Series 50 inch Ultra HD 4K Smart LED TV (AR50UDGGU2875BD),https://cdn1.smartprix.com/rx-iejX90mGc-w280-h280/acer-ultra-i-series.webp
365,Acerpure Elevate Neo Series 55 inch Ultra HD 4K Smart QLED TV (AP43UG75PELN5),https://cdn1.smartprix.com/rx-icYFlFh4P-w280-h280/acerpure-elevate-neo.webp
366,Hisense E75Q 65 inch Ultra HD 4K Smart QLED TV (65E75Q),https://cdn1.smartprix.com/rx-i9LjhvE9I-w280-h280/hisense-e75q-65-inch.webp
367,Hisense E75Q 55 inch Ultra HD 4K Smart QLED TV (55E75Q),https://cdn1.smartprix.com/rx-ixghIQ3RX-w280-h280/hisense-e75q-55-inch.webp
368,Metz QP425G 55 inch Ultra HD 4K Smart QLED TV (55QP425G),https://cdn1.smartprix.com/rx-iJ7fF4xYO-w280-h280/metz-qp425g-55-inch.webp
369,Hisense E75Q 50 inch Ultra HD 4K Smart QLED TV (50E75Q),https://cdn1.smartprix.com/rx-i0zUMvP4Z-w280-h280/hisense-e75q-50-inch.webp
370,Realme TechLife 75UHDGQRWSTQ 75 inch Ultra HD 4K Smart QLED TV,https://cdn1.smartprix.com/rx-i5MzS9538-w280-h280/realme-techlife-75uh.webp
371,Vu GloQLED Series 75 inch Ultra HD 4K Smart QLED TV (75GLOQLED25),https://cdn1.smartprix.com/rx-i7TVsWdAI-w280-h280/vu-gloqled-series-75.webp
372,Blaupunkt Quantum Dot 43 inch Ultra HD 4K Smart QLED TV (43QC7005),https://cdn1.smartprix.com/rx-isVuSVPkV-w280-h280/blaupunkt-quantum-do.webp
373,Kodal Matrix 55 inch Ultra HD 4K Smart QLED TV (55ST5025),https://cdn1.smartprix.com/rx-i9NsUJqG1-w280-h280/kodal-matrix-55-inch.webp
374,Thomson 50TJQ0022 50 inch Ultra HD 4K Smart QLED TV,https://cdn1.smartprix.com/rx-iiH5q8PfO-w280-h280/thomson-50tjq0022-50.webp
375,BPL 43UF6340 43 inch Ultra HD 4K Smart QLED TV,https://cdn1.smartprix.com/rx-icLUfVGiA-w280-h280/bpl-43uf6340-43-inch.webp
376,Croma CREL032HGQ024650 32 inch HD Ready Smart QLED TV,https://cdn1.smartprix.com/rx-ils8bb8Oi-w280-h280/croma-crel032hgq0246.webp
377,LG QNED 8CA 86 inch Ultra HD 4K Smart QNED TV (86QNED8CA6A),https://cdn1.smartprix.com/rx-iRcqB3lGQ-w280-h280/lg-qned-8ca-86-inch.webp
378,Sony Bravia 2 II S25M2 50 inch Ultra HD 4K Smart LED TV (K-50S25M2),https://cdn1.smartprix.com/rx-iCpj3LZIk-w280-h280/sony-bravia-2-ii-s25.webp
379,Sansui JSW32HG5 32 inch HD Ready Smart LED TV,https://cdn1.smartprix.com/rx-idduBFi1x-w280-h280/sansui-jsw32hg5-32-i.webp
380,Coocaa Y74 Plus 55 inch Ultra HD 4K Smart LED TV (55Y74 Plus),https://cdn1.smartprix.com/rx-ibwnqrSty-w280-h280/coocaa-y74-plus-55-i.webp
381,Sansui JSW55UG23Q 55 inch Ultra HD 4K Smart QLED TV,https://cdn1.smartprix.com/rx-iMuR0y1Gd-w280-h280/sansui-jsw55ug23q-55.webp
382,Sansui JSW43UG23Q 43 inch Ultra HD 4K Smart QLED TV,https://cdn1.smartprix.com/rx-iMY0eLPJV-w280-h280/sansui-jsw43ug23q-43.webp
383,TCL S49K 32 inch Full HD Smart QLED TV (32S49K),https://cdn1.smartprix.com/rx-i58c8nSZp-w280-h280/tcl-s49k-32-inch-ful.webp
384,TCL NXTFRAME 65 inch Ultra HD 4K Smart QLED TV (65A300W),https://cdn1.smartprix.com/rx-ie8rDyoUU-w280-h280/tcl-nxtframe-65-inch.webp
385,TCL C72K 85 inch Ultra HD 4K Smart Mini LED TV (85C72K),https://cdn1.smartprix.com/rx-iY9nAIe6B-w280-h280/tcl-c72k-85-inch-ult.webp
386,TCL C8K 75 inch Ultra HD 4K Smart QD-Mini LED TV (75C8K),https://cdn1.smartprix.com/rx-ii1EuDIro-w280-h280/tcl-c8k-75-inch-ultr.webp
387,Croma CREL043UGQ333850 43 inch Ultra HD 4K Smart QLED TV,https://cdn1.smartprix.com/rx-i5VldoxkH-w280-h280/croma-crel043ugq3338.webp
388,Kodak Matrix 65 inch Ultra HD 4K Smart QLED TV (65ST5035),https://cdn1.smartprix.com/rx-imwDnt7cb-w280-h280/kodak-matrix-65-inch.webp
389,Panasonic TH-32PS670DX 32 inch HD Ready Smart LED TV,https://cdn1.smartprix.com/rx-iRv9OlkW2-w280-h280/panasonic-th-32ps670.webp
390,TCL C8K 85 inch Ultra HD 4K Smart QD-Mini LED TV (85C8K),https://cdn1.smartprix.com/rx-ig4gzzJU5-w280-h280/tcl-c8k-85-inch-ultr.webp
391,Motorola 50UHDGQMVSAQ 50 inch Ultra HD 4K Smart QLED TV,https://cdn1.smartprix.com/rx-iJ7VrCRHU-w280-h280/motorola-50uhdgqmvsa.webp
392,Sansui JSW50UG23Q 50 inch Ultra HD 4K Smart QLED TV,https://cdn1.smartprix.com/rx-imOZJKO4s-w280-h280/sansui-jsw50ug23q-50.webp
393,Croma CREL032HGQ333850 32 inch HD Ready Smart QLED TV,https://cdn1.smartprix.com/rx-iJAofStP6-w280-h280/croma-crel032hgq3338.webp
394,Blaupunkt Sigma 40SigmaQ008 40 inch Full HD Smart LED TV,https://cdn1.smartprix.com/rx-ihnmX016c-w280-h280/blaupunkt-sigma-40si.webp
395,Croma CREL043UGL333850 43 inch Ultra HD 4K Smart LED TV,https://cdn1.smartprix.com/rx-iHUsfacUt-w280-h280/croma-crel043ugl3338.webp
396,Infinix 32GH3Q 32 inch HD Ready Smart QLED TV,https://cdn1.smartprix.com/rx-irpe1NMhz-w280-h280/infinix-32gh3q-32-in.webp
397,Coocaa S4U Pro 32 inch HD Ready Smart LED TV (32S4U Pro),https://cdn1.smartprix.com/rx-ilILEPaun-w280-h280/coocaa-s4u-pro-32-in.webp
398,Reliance RGT32MP2784FHD 32 inch Full HD Smart LED TV,https://cdn1.smartprix.com/rx-i4S8OcheC-w280-h280/reliance-rgt32mp2784.webp
399,InnoQ Spectra 24S-SPCTADK 24 inch HD Ready Smart LED TV,https://cdn1.smartprix.com/rx-ioLMKGphM-w280-h280/innoq-spectra-24s-sp.webp
400,Uniboom ULTIMA 24N-ULT-AED 24 inch HD Ready LED TV,https://cdn1.smartprix.com/rx-irL5WizBK-w280-h280/uniboom-ultima-24n-u.webp
401,Uniboom ULTIMA 40S-ULT-AED 40 inch Full HD Smart LED TV,https://cdn1.smartprix.com/rx-icuQMpNTu-w280-h280/uniboom-ultima-40s-u.webp
402,Blaupunkt BQD75Mini7088 75 inch Ultra HD 4K Smart Mini LED TV,https://cdn1.smartprix.com/rx-iqAvXva38-w280-h280/blaupunkt-bqd75mini7.webp
403,Realme TechLife 65UHDGDRDDVB 65 inch Ultra HD 4K Smart LED TV,https://cdn1.smartprix.com/rx-iQ09xCe2B-w280-h280/realme-techlife-65uh.webp
404,Uniboom Ultima‎ 32S-ULT-AED 32 inch HD Ready Smart LED TV,https://cdn1.smartprix.com/rx-iWx07dVCI-w280-h280/uniboom-ultima-32s-u.webp
405,Croma CREL032HGL024650 32 inch HD Ready Smart LED TV,https://cdn1.smartprix.com/rx-iK6tQ9ONh-w280-h280/croma-crel032hgl0246.webp
406,Toshiba M450RP Series 65 inch Ultra HD 4K Smart QLED TV (65M450RP),https://cdn1.smartprix.com/rx-iTW8IJtPh-w280-h280/toshiba-m450rp-serie.webp
407,Vu GloQLED Series 65 inch Ultra HD 4K Smart QLED TV (65GLOQLED25),https://cdn1.smartprix.com/rx-i7TVsWdAI-w280-h280/vu-gloqled-series-65.webp
408,Croma CREL050UGQ331850 50 inch Ultra HD 4K Smart QLED TV,https://cdn1.smartprix.com/rx-ijLRXqc3m-w280-h280/croma-crel050ugq3318.webp
409,Vu GloQLED Series 43 inch Ultra HD 4K Smart QLED TV (43GLOQLED25),https://cdn1.smartprix.com/rx-ixB0cicVd-w280-h280/vu-gloqled-series-43.webp
410,Haier A9UG 43 inch Ultra HD 4K Smart LED TV (43A9UG),https://cdn1.smartprix.com/rx-i1Ce8ICkG-w280-h280/haier-a9ug-43-inch-u.webp
411,Realme TechLife 32HDGQRDDAQ 32 inch HD Ready Smart QLED TV,https://cdn1.smartprix.com/rx-ipuYealW8-w280-h280/realme-techlife-32hd.webp
412,Sony Bravia 5 XR55A 98 inch Ultra HD 4K Smart Mini LED TV (K-98XR55A),https://cdn1.smartprix.com/rx-ioEQZ3zk7-w280-h280/sony-bravia-5-xr55a.webp
413,Kenstar 55UHDTDKEETB 55 inch Ultra HD 4K Smart LED TV,https://cdn1.smartprix.com/rx-i0yvlR1Ps-w280-h280/kenstar-55uhdtdkeetb.webp
414,Kenstar 50UHDTDKEETB 50 inch Ultra HD 4K Smart LED TV,https://cdn1.smartprix.com/rx-iEVzCMOFY-w280-h280/kenstar-50uhdtdkeetb.webp
415,Haier S80F 65 inch Ultra HD 4K Smart QLED TV (H65S80FUX),https://cdn1.smartprix.com/rx-i4VXDdvsC-w280-h280/haier-s80f-65-inch-u.webp
416,Motorola 32HDGQMDDAQ 32 inch HD Ready Smart QLED TV,https://cdn1.smartprix.com/rx-iHqF3UCve-w280-h280/motorola-32hdgqmddaq.webp
417,iFFALCON U75 75 inch Ultra HD 4K Smart LED TV (75U75),https://cdn1.smartprix.com/rx-iBd4nprSq-w280-h280/iffalcon-u75-75-inch.webp
418,Thomson Masterclass Series 75 inch Ultra HD 4K Smart Mini LED TV (TH75QDMini1022),https://cdn1.smartprix.com/rx-iq8x1WvPZ-w280-h280/thomson-masterclass.webp
419,iFFALCON U75 65 inch Ultra HD 4K Smart QLED TV (65U75),https://cdn1.smartprix.com/rx-iXbzEA7Io-w280-h280/iffalcon-u75-65-inch.webp
420,Kodak SE 32 inch HD Ready Smart QLED TV (32QSE5080),https://cdn1.smartprix.com/rx-i9qw81UE3-w280-h280/kodak-se-32-inch-hd.webp
421,Kodak SE 40 inch Full HD Smart QLED TV (40QSE5009),https://cdn1.smartprix.com/rx-i2zbzWjWy-w280-h280/kodak-se-40-inch-ful.webp
422,Kodak SE 24 inch HD Ready Smart QLED TV (24QSE5007),https://cdn1.smartprix.com/rx-iUSof8Hp8-w280-h280/kodak-se-24-inch-hd.webp
423,Toshiba C380RP 65 inch Ultra HD 4K Smart LED TV (65C380RP),https://cdn1.smartprix.com/rx-iacse9t1z-w280-h280/toshiba-c380rp-65-in.webp
424,Hisense E63N 50 inch Ultra HD 4K Smart LED TV (50E63N),https://cdn1.smartprix.com/rx-idc8AkVDn-w280-h280/hisense-e63n-50-inch.webp
425,Xiaomi F Series 43 inch Ultra HD 4K Smart LED TV (L43MB-FIN),https://cdn1.smartprix.com/rx-immFh7jAa-w280-h280/xiaomi-f-series-43-i.webp
426,Toshiba V Series 40 inch Full HD Smart LED TV (40V35RP),https://cdn1.smartprix.com/rx-iumCYen0x-w280-h280/toshiba-v-series-40.webp
427,Philips Lumina Series 65 inch Ultra HD 4K Smart QLED TV (65PQT8100/94),https://cdn1.smartprix.com/rx-iYS7LhAu1-w280-h280/philips-lumina-serie.webp
428,Toshiba V Series 32 inch HD Ready Smart LED TV (32V35RP),https://cdn1.smartprix.com/rx-ipAsCzypK-w280-h280/toshiba-v-series-32.webp
429,NU LED43UGNX 2025 43 inch Ultra HD 4K Smart LED TV,https://cdn1.smartprix.com/rx-i5n8BT4NH-w280-h280/nu-led43ugnx-2025-43.webp
430,NU LED55UGNX 2025 55 inch Ultra HD 4K Smart LED TV,https://cdn1.smartprix.com/rx-iEVUL3fEY-w280-h280/nu-led55ugnx-2025-55.webp
431,NU LED43FGNX 2025 43 inch Full HD Smart LED TV,https://cdn1.smartprix.com/rx-iCGEZ6zEr-w280-h280/nu-led43fgnx-2025-43.webp
432,Croma CREL065UGL024650 65 inch Ultra HD 4K Smart LED TV,https://cdn1.smartprix.com/rx-i5B6SYk49-w280-h280/croma-crel065ugl0246.webp
433,Philips Mirage Series 32 inch Full HD Smart LED TV (32PFT6130/94),https://cdn1.smartprix.com/rx-iH1VelxgY-w280-h280/philips-mirage-serie.webp
434,Coocaa Y74 Pro 65 inch Ultra HD 4K Smart QLED TV (65Y74 Pro),https://cdn1.smartprix.com/rx-i6RR5uGrl-w280-h280/coocaa-y74-pro-65-in.webp
435,Coocaa Y74 Pro 43 inch Ultra HD 4K Smart QLED TV (43Y74 Pro),https://cdn1.smartprix.com/rx-iXDWIJM9R-w280-h280/coocaa-y74-pro-43-in.webp
436,Sony Bravia 5 XR55A 65 inch Ultra HD 4K Smart Mini LED TV (K-65XR55A),https://cdn1.smartprix.com/rx-ilqojL7Dm-w280-h280/sony-bravia-5-xr55a.webp
437,LG evo AI G5 55 inch Ultra HD 4K Smart OLED TV (OLED55G56LA),https://cdn1.smartprix.com/rx-iO0hjzGKP-w280-h280/lg-evo-ai-g5-55-inch.webp
438,Philips Harmony Series 55 inch Ultra HD 4K Smart QLED TV (55PQT8300/94),https://cdn1.smartprix.com/rx-iLquMVsDw-w280-h280/philips-harmony-seri.webp
439,LG NanoCell NANO83 65 inch Ultra HD 4K Smart LED TV (65NANO83A6A),https://cdn1.smartprix.com/rx-i1VJU18xS-w280-h280/lg-nanocell-nano83-6.webp
440,Xiaomi F Pro 55 inch Ultra HD 4K Smart QLED TV (L55MB-FPIN),https://cdn1.smartprix.com/rx-iMzaZnVaX-w280-h280/xiaomi-f-pro-55-inch.webp
441,Haier C90 55 inch Ultra HD 4K Smart OLED TV (H55C90EUX),https://cdn1.smartprix.com/rx-iu1fLb6aR-w280-h280/haier-c90-55-inch-ul.webp
442,Sony Bravia 5 XR55A 85 inch Ultra HD 4K Smart Mini LED TV (K-85XR55A),https://cdn1.smartprix.com/rx-iEAduS19T-w280-h280/sony-bravia-5-xr55a.webp
443,Sony Bravia 5 XR55A 55 inch Ultra HD 4K Smart Mini LED TV (K-55XR55A),https://cdn1.smartprix.com/rx-iLFqsYM2L-w280-h280/sony-bravia-5-xr55a.webp
444,Kodak Jio Tele Series 43 inch Ultra HD 4K Smart QLED TV (KQ43JTV0010),https://cdn1.smartprix.com/rx-i0A4vGign-w280-h280/kodak-jio-tele-serie.webp
445,Sony Bravia 5 65 inch Ultra HD 4K Smart Mini LED TV (K-65XR50),https://cdn1.smartprix.com/rx-iU3KsPFn7-w280-h280/sony-bravia-5-65-inc.webp
446,Vu Vibe DV Series 75 inch Ultra HD 4K Smart QLED TV (75VIBE-DV),https://cdn1.smartprix.com/rx-ip2GBLXqM-w280-h280/vu-vibe-dv-series-75.webp
447,Vu Vibe DV Series 50 inch Ultra HD 4K Smart QLED TV (50VIBE-DV),https://cdn1.smartprix.com/rx-ip2GBLXqM-w280-h280/vu-vibe-dv-series-50.webp
448,Haier A7 32 inch HD Ready Smart LED TV (LE32A7-N),https://cdn1.smartprix.com/rx-iomrjwSK8-w280-h280/haier-a7-32-inch-hd.webp
449,Vu Vibe DV Series 65 inch Ultra HD 4K Smart QLED TV (65VIBE-DV),https://cdn1.smartprix.com/rx-ip2GBLXqM-w280-h280/vu-vibe-dv-series-65.webp
450,Sony Bravia 8 II 55 inch Ultra HD 4K Smart OLED TV (K-55XR80M2),https://cdn1.smartprix.com/rx-iNuKXWYIA-w280-h280/sony-bravia-8-ii-55.webp
451,Sony BRAVIA 5 55 inch Ultra HD 4K Smart Mini LED TV (K-55XR50),https://cdn1.smartprix.com/rx-iUDroSUk4-w280-h280/sony-bravia-5-55-inc.webp
452,Sony Bravia 8 II 65 inch Ultra HD 4K Smart OLED TV (K-65XR80M2),https://cdn1.smartprix.com/rx-iMZ4nAqpk-w280-h280/sony-bravia-8-ii-65.webp
453,Coocaa S4U Plus 43 inch Full HD Smart LED TV (43S4U Plus),https://cdn1.smartprix.com/rx-iLzKU14mC-w280-h280/coocaa-s4u-plus-43-i.webp
454,Sony Bravia 2 II S22M2 50 inch Ultra HD 4K Smart LED TV (K-50S22M2),https://cdn1.smartprix.com/rx-izsrJXIxr-w280-h280/sony-bravia-2-ii-s22.webp
455,Blaupunkt 55QC7025 55 inch Ultra HD 4K Smart QLED TV,https://cdn1.smartprix.com/rx-i08lvfyU2-w280-h280/blaupunkt-55qc7025-5.webp
456,Blaupunkt 50QC7015 50 inch Ultra HD 4K Smart QLED TV,https://cdn1.smartprix.com/rx-i7jh12e1H-w280-h280/blaupunkt-50qc7015-5.webp
457,Haier H32S80FFX 32 inch Full HD Smart LED TV,https://cdn1.smartprix.com/rx-itHHxXDF8-w280-h280/haier-h32s80ffx-32-i.webp
458,Hisense U7Q 100 inch Ultra HD 4K Smart Mini LED TV (100U7Q),https://cdn1.smartprix.com/rx-iOGAX9WJ7-w280-h280/hisense-u7q-100-inch.webp
459,Hisense U7Q 85 inch Ultra HD 4K Smart Mini LED TV (85U7Q),https://cdn1.smartprix.com/rx-iR8Pgw4BW-w280-h280/hisense-u7q-85-inch.webp
460,Hisense E7Q 75 inch Ultra HD 4K Smart QLED TV (75E7Q),https://cdn1.smartprix.com/rx-iaPQQwcTf-w280-h280/hisense-e7q-75-inch.webp
461,LG NanoCell NANO 85A 75 inch Ultra HD 4K Smart LED TV (75NANO85A6A),https://cdn1.smartprix.com/rx-iO4iP6quX-w280-h280/lg-nanocell-nano-85a.webp
462,Hisense E7Q 85 inch Ultra HD 4K Smart QLED TV (85E7Q),https://cdn1.smartprix.com/rx-i0TNKU5ij-w280-h280/hisense-e7q-85-inch.webp
463,Beston BS65UGTV 65 inch Ultra HD 4K Smart QLED TV,https://cdn1.smartprix.com/rx-iZXORYO25-w280-h280/beston-bs65ugtv-65-i.webp
464,Sony Bravia II S22BM2 50 inch Ultra HD 4K Smart LED TV (K-50S22BM2),https://cdn1.smartprix.com/rx-ih9c59hw2-w280-h280/sony-bravia-ii-s22bm.webp
465,TCL C6K 75 inch Ultra HD 4K Smart Mini LED TV (75C6K),https://cdn1.smartprix.com/rx-i6T95JnWf-w280-h280/tcl-c6k-75-inch-ultr.webp
466,Samsung UE85AF 75 inch Ultra HD 4K Smart LED TV (UA75UE85AFUXXL),https://cdn1.smartprix.com/rx-iylxRtVOc-w280-h280/samsung-ue85af-75-in.webp
467,TCL Q6C 75 inch Ultra HD 4K Smart Mini LED TV (75Q6C),https://cdn1.smartprix.com/rx-ivH1eSBLX-w280-h280/tcl-q6c-75-inch-ultr.webp
468,LG evo AI C5 65 inch Ultra HD 4K Smart OLED TV (OLED65C5XLA),https://cdn1.smartprix.com/rx-ioFAc1ORk-w280-h280/lg-evo-ai-c5-65-inch.webp
469,LG evo AI G5 77 inch Ultra HD 4K Smart OLED TV (OLED77G56LA),https://cdn1.smartprix.com/rx-iQMxrNrRv-w280-h280/lg-evo-ai-g5-77-inch.webp
470,Sony Bravia 2 II S22M2 43 inch Ultra HD 4K Smart LED TV (K-43S22M2),https://cdn1.smartprix.com/rx-i58Kx5sGE-w280-h280/sony-bravia-2-ii-s22.webp
471,LG LR68 32 inch HD Ready Smart LED TV (32LR686B6LA),https://cdn1.smartprix.com/rx-iFqTcRG6R-w280-h280/lg-lr68-32-inch-hd-r.webp
472,Reliance RW55GD8676UHD 55 inch Ultra HD 4K Smart LED TV,https://cdn1.smartprix.com/rx-iEEiWKpR7-w280-h280/reliance-rw55gd8676u.webp
473,TCL T8C 85 inch Ultra HD 4K Smart QLED TV (85T8C),https://cdn1.smartprix.com/rx-iQ9a9FIuV-w280-h280/tcl-t8c-85-inch-ultr.webp
474,Toshiba Z570RP 75 inch Ultra HD 4K Smart QLED TV (75Z570RP),https://cdn1.smartprix.com/rx-iyFRSnjQK-w280-h280/toshiba-z570rp-75-in.webp
475,Toshiba Z570RP 65 inch Ultra HD 4K Smart QLED TV (65Z570RP),https://cdn1.smartprix.com/rx-iYzGCkCBk-w280-h280/toshiba-z570rp-65-in.webp
476,Toshiba Z570RP 85 inch Ultra HD 4K Smart QLED TV (85Z570RP),https://cdn1.smartprix.com/rx-i28IkgQFQ-w280-h280/toshiba-z570rp-85-in.webp
477,Toshiba Z570RP 55 inch Ultra HD 4K Smart QLED TV (55Z570RP),https://cdn1.smartprix.com/rx-iGJ9XGCkm-w280-h280/toshiba-z570rp-55-in.webp
478,LG evo AI C5 77 inch Ultra HD 4K Smart OLED TV (OLED77C56LA),https://cdn1.smartprix.com/rx-iVP5ppLfv-w280-h280/lg-evo-ai-c5-77-inch.webp
479,Sony Bravia 2 II S25M2 75 inch Ultra HD 4K Smart LED TV (K-75S25M2),https://cdn1.smartprix.com/rx-iDvUqak7M-w280-h280/sony-bravia-2-ii-s25.webp
480,Sony Bravia 2 II S25M2 65 inch Ultra HD 4K Smart LED TV (K-65S25M2),https://cdn1.smartprix.com/rx-iCpj3LZIk-w280-h280/sony-bravia-2-ii-s25.webp
481,TCL P6K 65 inch Ultra HD 4K Smart LED TV (65P6K),https://cdn1.smartprix.com/rx-iL50eiV8G-w280-h280/tcl-p6k-65-inch-ultr.webp
482,Reliance RO32WD5445HD 32 inch HD Ready Smart LED TV,https://cdn1.smartprix.com/rx-i1VZQV2Jj-w280-h280/reliance-ro32wd5445h.webp
483,TCL V6C 50 inch Ultra HD 4K Smart LED TV (50V6C),https://cdn1.smartprix.com/rx-iWtJYcXJB-w280-h280/tcl-v6c-50-inch-ultr.webp
484,TCL T89C 65 inch Ultra HD 4K Smart QLED TV (65T89C),https://cdn1.smartprix.com/rx-iNU9OP3QP-w280-h280/tcl-t89c-65-inch-ult.webp
485,TCL T6C 75 inch Ultra HD 4K Smart QLED TV (75T6C),https://cdn1.smartprix.com/rx-iGjLKYarc-w280-h280/tcl-t6c-75-inch-ultr.webp
486,Samsung F5550 43 inch Full HD Smart LED TV (UA43F5550FUXXL),https://cdn1.smartprix.com/rx-iySAGbBo6-w280-h280/samsung-f5550-43-inc.webp
487,Sony Bravia 2 II S25M2 43 inch Ultra HD 4K Smart LED TV (K-43S25M2),https://cdn1.smartprix.com/rx-iCpj3LZIk-w280-h280/sony-bravia-2-ii-s25.webp
488,LG QNED 8XA 75 inch Ultra HD 4K Smart Mini LED TV (75QNED8XA6A),https://cdn1.smartprix.com/rx-iFMj4g65H-w280-h280/lg-qned-8xa-75-inch.webp
489,Haier S80F 55 inch Ultra HD 4K Smart QLED TV (H55S80FUX),https://cdn1.smartprix.com/rx-i4VXDdvsC-w280-h280/haier-s80f-55-inch-u.webp
490,Realme TechLife 43UHDGQRVSAQ 43 inch Ultra HD 4K Smart QLED TV,https://cdn1.smartprix.com/rx-il1hh4Oyo-w280-h280/realme-techlife-43uh.webp
491,iFFALCON U65 50 inch Ultra HD 4K Smart LED TV (50U65),https://cdn1.smartprix.com/rx-iy0FpFaKi-w280-h280/iffalcon-u65-50-inch.webp
492,Haier H6E 65 inch Ultra HD 4K Smart QLED TV (65H6E),https://cdn1.smartprix.com/rx-imewBrSgi-w280-h280/haier-h6e-65-inch-ul.webp
493,Samsung UE84AF 55 inch Ultra HD Smart LED TV (UA55UE84AFUXXL),https://cdn1.smartprix.com/rx-iRFMVRShI-w280-h280/samsung-ue84af-55-in.webp
494,Croma CREL043UGL024650 43 inch Ultra HD 4K Smart LED TV,https://cdn1.smartprix.com/rx-idU5PNjLs-w280-h280/croma-crel043ugl0246.webp
495,Samsung H4560 32 inch HD Ready Smart LED TV (UA32H4560FUXXL),https://cdn1.smartprix.com/rx-igth4JFY4-w280-h280/samsung-h4560-32-inc.webp
496,Haier M90E 55 inch Ultra HD 4K Smart Mini LED TV (H55M90EUX),https://cdn1.smartprix.com/rx-i3TqxKecO-w280-h280/haier-m90e-55-inch-u.webp
497,Haier H6E 43 inch Ultra HD 4K Smart QLED TV (43H6E),https://cdn1.smartprix.com/rx-imewBrSgi-w280-h280/haier-h6e-43-inch-ul.webp
498,Samsung UE84AF 50 inch Ultra HD Smart LED TV (UA50UE84AFUXXL),https://cdn1.smartprix.com/rx-iRFMVRShI-w280-h280/samsung-ue84af-50-in.webp
499,Samsung U8000F 75 inch Ultra HD 4K Smart LED TV (UA75U8000FUXXL),https://cdn1.smartprix.com/rx-ip0kPd8Pj-w280-h280/samsung-u8000f-75-in.webp
500,Samsung QN85F 55 inch Ultra HD 4K Smart Neo QLED TV (QA55QN85FAUXXL),https://cdn1.smartprix.com/rx-iIoScRoNn-w280-h280/samsung-qn85f-55-inc.webp
501,Samsung S90F 77 inch Ultra HD 4K Smart OLED TV (QA77S90FAEXXL),https://cdn1.smartprix.com/rx-izFKKmNES-w280-h280/samsung-s90f-77-inch.webp
502,Samsung F5500 43 inch Full HD Smart LED TV (UA43F5500FUXXL),https://cdn1.smartprix.com/rx-iyST0rb0L-w280-h280/samsung-f5500-43-inc.webp
503,Samsung Q8F 43 inch Ultra HD 4K Smart QLED TV (QA43Q8FAAULXL),https://cdn1.smartprix.com/rx-ic3SBCseL-w280-h280/samsung-q8f-43-inch.webp
504,Samsung QN900F 75 inch Ultra HD 8K Smart Neo QLED TV (QA75QN900FUXXL),https://cdn1.smartprix.com/rx-i5OUsxTR4-w280-h280/samsung-qn900f-75-in.webp
505,Samsung QN90F 55 inch Ultra HD 4K Smart Neo QLED TV (QA55QN90FAUXXL),https://cdn1.smartprix.com/rx-iv8VJdSrn-w280-h280/samsung-qn90f-55-inc.webp
506,Samsung S90F 83 inch Ultra HD 4K Smart OLED TV (QA83S90FAEXXL),https://cdn1.smartprix.com/rx-izFKKmNES-w280-h280/samsung-s90f-83-inch.webp
507,Samsung U8300F 75 inch Ultra HD 4K Smart LED TV (UA75U8300FUXXL),https://cdn1.smartprix.com/rx-iBSJFAtbA-w280-h280/samsung-u8300f-75-in.webp
508,Samsung U8500F 75 inch Ultra HD 4K Smart LED TV (UA75U8500FUXXL),https://cdn1.smartprix.com/rx-iZN6JX9Uo-w280-h280/samsung-u8500f-75-in.webp
509,Samsung Q8F 55 inch Ultra HD 4K Smart QLED TV (QA55Q8FAAULXL),https://cdn1.smartprix.com/rx-ic3SBCseL-w280-h280/samsung-q8f-55-inch.webp
510,Samsung Q8F 75 inch Ultra HD 4K Smart QLED TV (QA75Q8FAAULXL),https://cdn1.smartprix.com/rx-ic3SBCseL-w280-h280/samsung-q8f-75-inch.webp
511,LG LR60 32 inch HD Ready Smart LED TV (32LR605B6LC),https://cdn1.smartprix.com/rx-ir20BevH5-w280-h280/lg-lr60-32-inch-hd-r.webp
512,Samsung Q8F 65 inch Ultra HD 4K Smart QLED TV (QA65Q8FAAULXL),https://cdn1.smartprix.com/rx-ic3SBCseL-w280-h280/samsung-q8f-65-inch.webp
513,TCL T8C 65 inch Ultra HD 4K Smart QLED TV (65T8C),https://cdn1.smartprix.com/rx-iGU6D1eqI-w280-h280/tcl-t8c-65-inch-ultr.webp
514,Samsung UE81A 65 inch Ultra HD 4K Smart LED TV (UA65UE81AFULXL),https://cdn1.smartprix.com/rx-imW0Po3mJ-w280-h280/samsung-ue81a-65-inc.webp
515,TCL P6K 55 inch Ultra HD 4K Smart LED TV (55P6K),https://cdn1.smartprix.com/rx-iL50eiV8G-w280-h280/tcl-p6k-55-inch-ultr.webp
516,TCL T6C 65 inch Ultra HD 4K Smart QLED TV (65T6C),https://cdn1.smartprix.com/rx-iGjLKYarc-w280-h280/tcl-t6c-65-inch-ultr.webp
517,Samsung QN900F 65 inch Ultra HD 8K Smart Neo QLED TV (QA65QN900FUXXL),https://cdn1.smartprix.com/rx-i5OUsxTR4-w280-h280/samsung-qn900f-65-in.webp
518,iFFALCON U65 43 inch Ultra HD 4K Smart LED TV (43U65),https://cdn1.smartprix.com/rx-iHJHHikhm-w280-h280/iffalcon-u65-43-inch.webp
519,iFFALCON U65 55 inch Ultra HD 4K Smart LED TV (55U65),https://cdn1.smartprix.com/rx-i2KRgxYcx-w280-h280/iffalcon-u65-55-inch.webp
520,Samsung U8400F 65 inch Ultra HD 4K Smart LED TV (UA65U8400FULXL),https://cdn1.smartprix.com/rx-i2Jm1Y5X7-w280-h280/samsung-u8400f-65-in.webp
521,Samsung U8100F 55 inch Ultra HD 4K Smart LED TV (UA55U8100FULXL),https://cdn1.smartprix.com/rx-iFqFRAHAn-w280-h280/samsung-u8100f-55-in.webp
522,Samsung U8400F 43 inch Ultra HD 4K Smart LED TV (UA43U8400FULXL),https://cdn1.smartprix.com/rx-iKTDvlxzS-w280-h280/samsung-u8400f-43-in.webp
523,Samsung U8400F 55 inch Ultra HD 4K Smart LED TV (UA55U8400FULXL),https://cdn1.smartprix.com/rx-i2Jm1Y5X7-w280-h280/samsung-u8400f-55-in.webp
524,Samsung U8600F 55 inch Ultra HD 4K Smart LED TV (UA55U8600FULXL),https://cdn1.smartprix.com/rx-ipRDW5ITR-w280-h280/samsung-u8600f-55-in.webp
525,Samsung The Frame LS03F 55 inch Ultra HD 4K Smart QLED TV (QA55LS03FAULXL),https://cdn1.smartprix.com/rx-ikA6TOYwr-w280-h280/samsung-the-frame-ls.webp
526,Samsung U8600F 65 inch Ultra HD 4K Smart LED TV (UA65U8600FULXL),https://cdn1.smartprix.com/rx-ipRDW5ITR-w280-h280/samsung-u8600f-65-in.webp
527,Samsung The Frame LS03F 50 inch Ultra HD 4K Smart QLED TV (QA50LS03FAULXL),https://cdn1.smartprix.com/rx-ikA6TOYwr-w280-h280/samsung-the-frame-ls.webp
528,Samsung U8600F 50 inch Ultra HD 4K Smart LED TV (UA50U8600FULXL),https://cdn1.smartprix.com/rx-ipRDW5ITR-w280-h280/samsung-u8600f-50-in.webp
529,Samsung U8600F 43 inch Ultra HD 4K Smart LED TV (UA43U8600FULXL),https://cdn1.smartprix.com/rx-ipRDW5ITR-w280-h280/samsung-u8600f-43-in.webp
530,Lumio Vision 9 55 inch Ultra HD 4K Smart Mini LED TV (EPIC1-ADSG),https://cdn1.smartprix.com/rx-icD2Fmgob-w280-h280/lumio-vision-9-55-in.webp
531,VW VW55GQ1 75 inch Ultra HD 4K Smart QLED TV,https://cdn1.smartprix.com/rx-iq79QwYrG-w280-h280/vw-vw55gq1-75-inch-u.webp
532,Lumio Vision 7 55 inch Ultra HD 4K Smart QLED TV (FTW3-ADSG),https://cdn1.smartprix.com/rx-iIfHtif7r-w280-h280/lumio-vision-7-55-in.webp
533,Samsung UE86AF 43 inch Ultra HD 4K Smart LED TV (UA43UE86AFULXL),https://cdn1.smartprix.com/rx-ilyOprFBm-w280-h280/samsung-ue86af-43-in.webp
534,Samsung QEF1 65 inch Ultra HD 4K Smart QLED TV (QAQ65EF1AULXL),https://cdn1.smartprix.com/rx-i7bU93GMr-w280-h280/samsung-qef1-65-inch.webp
535,Samsung UE81A 55 inch Ultra HD 4K Smart LED TV (UA55UE81AFULXL),https://cdn1.smartprix.com/rx-i9hbSVoyh-w280-h280/samsung-ue81a-55-inc.webp
536,Samsung UE81A 50 inch Ultra HD 4K Smart LED TV (UA50UE81AFULXL),https://cdn1.smartprix.com/rx-iXa363oq5-w280-h280/samsung-ue81a-50-inc.webp
537,Samsung QEF1 43 inch Ultra HD 4K Smart QLED TV (QA43QEF1AULXL),https://cdn1.smartprix.com/rx-iYMhzuxCT-w280-h280/samsung-qef1-43-inch.webp
538,Acer V Pro 43 inch Ultra HD 4K Smart QLED TV (AR43QDQGR2851AD),https://cdn1.smartprix.com/rx-iuaX1IqBM-w280-h280/acer-v-pro-43-inch-u.webp
539,TCL V4C 32 inch HD Ready Smart QLED TV (32V4C),https://cdn1.smartprix.com/rx-iC2z9LT2q-w280-h280/tcl-v4c-32-inch-hd-r.webp
540,iFFALCON S55 32 inch HD Ready Smart LED TV (32S55),https://cdn1.smartprix.com/rx-iwShpRmvY-w280-h280/iffalcon-s55-32-inch.webp
541,Thomson Alpha 40 inch Full HD Smart QLED TV (40AlphaQ060),https://cdn1.smartprix.com/rx-iBuSd0qMv-w280-h280/thomson-alpha-40-inc.webp
542,Thomson Alpha 32 inch HD Ready Smart QLED TV (32AlphaQ019),https://cdn1.smartprix.com/rx-iVI2zXiBH-w280-h280/thomson-alpha-32-inc.webp
543,Uniboom ULTIMA 43 inch Full HD Smart LED TV (43S-ULTIMA),https://cdn1.smartprix.com/rx-ibfJzK2ok-w280-h280/uniboom-ultima-43-in.webp
544,Uniboom ULTIMA 32 inch HD Ready LED TV (32N-ULTIMA),https://cdn1.smartprix.com/rx-iKRsr07xf-w280-h280/uniboom-ultima-32-in.webp
545,Infinix Y1V 40 inch Full HD Smart LED TV (40Y1V),https://cdn1.smartprix.com/rx-iYeKUBezo-w280-h280/infinix-y1v-40-inch.webp
546,Croma CREL055UGC024604 55 inch Ultra HD 4K Smart LED TV,https://cdn1.smartprix.com/rx-icYsMuCTy-w280-h280/croma-crel055ugc0246.webp
547,Onida 43UZI 43 inch Ultra HD 4K Smart LED TV,https://cdn1.smartprix.com/rx-iyMabKUaD-w280-h280/onida-43uzi-43-inch.webp
548,LG LR65 32 inch HD Ready Smart LED TV (32LR656BPSA),https://cdn1.smartprix.com/rx-iqrFsrO95-w280-h280/lg-lr65-32-inch-hd-r.webp
549,Onida NEXG Series 32 inch HD Ready Smart QLED TV (QZ32HI),https://cdn1.smartprix.com/rx-ijzrD9RRq-w280-h280/onida-nexg-series-32.webp
550,Toshiba M550NP 65 inch Ultra HD 4K Smart QLED TV (65M550NP),https://cdn1.smartprix.com/rx-iLq01QTTe-w280-h280/toshiba-m550np-65-in.webp
551,Toshiba M550NP 55 inch Ultra HD 4K Smart QLED TV (55M550NP),https://cdn1.smartprix.com/rx-iK0Yd5Abo-w280-h280/toshiba-m550np-55-in.webp
552,TCL X955 115 inch Ultra HD 4K Smart QD Mini LED TV (115X955 Max),https://cdn1.smartprix.com/rx-i3m3kg5xG-w280-h280/tcl-x955-115-inch-ul.webp
553,Black+Decker Series 1 50 inch Ultra HD 4K Smart LED TV (BXTVGU50UD2875ATIN),https://cdn1.smartprix.com/rx-iWmViKwUZ-w280-h280/black-decker-series.webp
554,Lloyd 43FS411F 43 inch Full HD Smart LED TV,https://cdn1.smartprix.com/rx-in4PADvb6-w280-h280/lloyd-43fs411f-43-in.webp
555,Croma CREL032HGC024604 32 inch HD Ready Smart LED TV,https://cdn1.smartprix.com/rx-iSCXb7MJ0-w280-h280/croma-crel032hgc0246.webp
556,Reliance RW43GD8676UHD 43 inch Ultra HD 4K Smart LED TV,https://cdn1.smartprix.com/rx-ietH6zOcw-w280-h280/reliance-rw43gd8676u.webp
557,Infinix 55GU1Q 55 inch Ultra HD 4K Smart QLED TV,https://cdn1.smartprix.com/rx-ioiuCgvNq-w280-h280/infinix-55gu1q-55-in.webp
558,Acer Super Series 65 inch Ultra HD 4K Smart QLED TV (AR65QDXGU2875AT),https://cdn1.smartprix.com/rx-i6oCOItCH-w280-h280/acer-super-series-65.webp
559,Acer M Series 75 inch Ultra HD 4K Smart QLED TV (AR75UDMGR2885AT),https://cdn1.smartprix.com/rx-iE8VAdkZB-w280-h280/acer-m-series-75-inc.webp
560,Foxsky FS65GATV 65 inch Ultra HD 4K Smart QLED TV,https://cdn1.smartprix.com/rx-iI5XHS0iV-w280-h280/foxsky-fs65gatv-65-i.webp
561,Foxsky FS75GATV 75 inch Ultra HD 4K Smart QLED TV,https://cdn1.smartprix.com/rx-ivsvZ4yNt-w280-h280/foxsky-fs75gatv-75-i.webp
562,Reliance RGT55GT8724UHD 55 inch Ultra HD 4K Smart QLED TV,https://cdn1.smartprix.com/rx-ikp8sVM8V-w280-h280/reliance-rgt55gt8724.webp
563,Vu Masterpiece Frame Series 2025 65 inch Ultra HD 4K Smart QLED TV (65MASTERPIECE),https://cdn1.smartprix.com/rx-irp7GzsIO-w280-h280/vu-masterpiece-frame.webp
564,Foxsky 50FS 50 inch Ultra HD 4K Smart QLED TV,https://cdn1.smartprix.com/rx-iMjFzQYhC-w280-h280/foxsky-50fs-50-inch.webp
565,Foxsky 55FS 55 inch Ultra HD 4K Smart QLED TV,https://cdn1.smartprix.com/rx-ibHCJrHty-w280-h280/foxsky-55fs-55-inch.webp
566,Samsung QNX1D 55 inch Ultra HD 4K Smart QLED TV (QA55QNX1DAULXL),https://cdn1.smartprix.com/rx-ihMKMpWvY-w280-h280/samsung-qnx1d-55-inc.webp
567,Hisense E43N 43 inch Full HD Smart LED TV (43E43N),https://cdn1.smartprix.com/rx-i9kJmyzWu-w280-h280/hisense-e43n-43-inch.webp
568,Acer V Pro Series 32 inch HD Ready Smart QLED TV (AR32QDXGU2841AT),https://cdn1.smartprix.com/rx-iTAeBhfRG-w280-h280/acer-v-pro-series-32.webp
569,Acer Super Series 55 inch Ultra HD 4K Smart QLED TV (AR55QDXGU2875AT),https://cdn1.smartprix.com/rx-ijvt3H84P-w280-h280/acer-super-series-55.webp
570,Acer Super Series 50 inch Ultra HD 4K Smart QLED TV (AR50QDXGU2875AT),https://cdn1.smartprix.com/rx-iBwi21m64-w280-h280/acer-super-series-50.webp
571,Vu GloLED 2025 Edition 50 inch Ultra HD 4K Smart LED TV (50GLOLED25),https://cdn1.smartprix.com/rx-iH6nELUAV-w280-h280/vu-gloled-2025-editi.webp
572,Vu GloLED 2025 Edition 43 inch Ultra HD 4K Smart LED TV (43GLOLED25),https://cdn1.smartprix.com/rx-i5MHbqLHR-w280-h280/vu-gloled-2025-editi.webp
573,Hisense E43N 32 inch HD Ready Smart LED TV (32E43N),https://cdn1.smartprix.com/rx-ilAK6ooG4-w280-h280/hisense-e43n-32-inch.webp
574,Xiaomi Mi X Pro 2024 65 inch Ultra HD 4K Smart QLED TV (L65MA-SIN),https://cdn1.smartprix.com/rx-iTTmMGRhp-w280-h280/xiaomi-mi-x-pro-2024.webp
575,Realme TechLife CineSonic 55 inch Ultra HD 4K Smart LED TV (55UHDGDRWSXP),https://cdn1.smartprix.com/rx-itjbQI49y-w280-h280/realme-techlife-cine.webp
576,Realme TechLife CineSonic 50 inch Ultra HD 4K Smart LED TV (50UHDGDRWSXP),https://cdn1.smartprix.com/rx-iQuMI3jqr-w280-h280/realme-techlife-cine.webp
577,Realme TechLife CineSonic Q 65 inch Ultra HD 4K Smart QLED TV (65UHDGQRWSGQ),https://cdn1.smartprix.com/rx-iYfoAOlc7-w280-h280/realme-techlife-cine.webp
578,Xiaomi X Series 2024 Edition 55 inch Ultra HD 4K Smart LED TV (L55MA-AIN),https://cdn1.smartprix.com/rx-ilY73qmUB-w280-h280/xiaomi-x-series-2024.webp
579,Infinix Y1S 32 inch HD Ready Smart LED TV (32Y1S),https://cdn1.smartprix.com/rx-iXKdqkkow-w280-h280/infinix-y1s-32-inch.webp
580,Samsung DUE80 55 inch Ultra HD 4K Smart LED TV (UA55DUE80AKLXL),https://cdn1.smartprix.com/rx-iIhNJSTc8-w280-h280/samsung-due80-55-inc.webp
581,Sony Bravia 8 Series 65 inch Ultra HD 4K Smart OLED TV (K-65XR80),https://cdn1.smartprix.com/rx-ipXk5awvM-w280-h280/sony-bravia-8-series.webp
582,Sony Bravia 9 Series 75 inch Ultra HD 4K Smart Mini LED TV (K-75XR90),https://cdn1.smartprix.com/rx-i3xRs60nb-w280-h280/sony-bravia-9-series.webp
583,Sony Bravia 9 Series 85 inch Ultra HD 4K Smart Mini LED TV (K-85XR90),https://cdn1.smartprix.com/rx-i3xRs60nb-w280-h280/sony-bravia-9-series.webp
584,Wobble UD Series 32 inch HD Ready Smart LED TV (WB32GTAW9216HDFL),https://cdn1.smartprix.com/rx-iqWtfXRnK-w280-h280/wobble-ud-series-32.webp
585,Sony Bravia 3 S30 50 inch Ultra HD 4K Smart LED TV (K-50S30),https://cdn1.smartprix.com/rx-ibRbrzIlJ-w280-h280/sony-bravia-3-s30-50.webp
586,Sony Bravia 3 S30B 75 inch Ultra HD 4K Smart LED TV (K-75S30B),https://cdn1.smartprix.com/rx-iI0MSIjRi-w280-h280/sony-bravia-3-s30b-7.webp
587,Hisense U6N Pro 65 inch Ultra HD 4K Smart QLED TV (65U6N Pro),https://cdn1.smartprix.com/rx-iwmNeTsf4-w280-h280/hisense-u6n-pro-65-i.webp
588,Kodak Matrix 32 inch HD Ready Smart QLED TV (32MT5077),https://cdn1.smartprix.com/rx-i4PrRL12J-w280-h280/kodak-matrix-32-inch.webp
589,Haier LE43K800GT 43 inch Full HD Smart LED TV,https://cdn1.smartprix.com/rx-iyWv687ld-w280-h280/haier-le43k800gt-43.webp
590,Thomson Phoenix 32 inch HD Ready Smart QLED TV (Q32H1111),https://cdn1.smartprix.com/rx-iPkeYqeZm-w280-h280/thomson-phoenix-32-i.webp
591,Sony Bravia 3 S30B 55 inch Ultra HD 4K Smart LED TV (K-55S30B),https://cdn1.smartprix.com/rx-iCaA6X2Pd-w280-h280/sony-bravia-3-s30b-5.webp
592,Sony W825 32 inch HD Ready LED TV (KD-32W825),https://cdn1.smartprix.com/rx-i5tNrzK0k-w280-h280/sony-w825-32-inch-hd.webp
593,Hisense E6N 65 inch Ultra HD 4K Smart LED TV (65E6N),https://cdn1.smartprix.com/rx-ivI4G9wtM-w280-h280/hisense-e6n-65-inch.webp
594,Sony Bravia KD-32W835 32 inch HD Ready Smart LED TV,https://cdn1.smartprix.com/rx-i114wjB0c-w280-h280/sony-bravia-kd-32w83.webp
595,Sony Bravia 2 S25 50 inch Ultra HD 4K Smart LED TV (50S25),https://cdn1.smartprix.com/rx-iwnCprfYP-w280-h280/sony-bravia-2-s25-50.webp
596,Sony Bravia 7 Series 65 inch Ultra HD 4K Smart Mini LED TV (K-65XR70),https://cdn1.smartprix.com/rx-iYuV1MkY2-w280-h280/sony-bravia-7-series.webp
597,Samsung DU9000 98 inch Ultra HD 4K Smart LED TV (UA98DU9000UXXL),https://cdn1.smartprix.com/rx-iZpdccijK-w280-h280/samsung-du9000-98-in.webp
598,Hisense E68N 55 inch Ultra HD 4K Smart QLED TV (55E68N),https://cdn1.smartprix.com/rx-iYcIvohQf-w280-h280/hisense-e68n-55-inch.webp
599,Toshiba C450NP 85 inch Ultra HD 4K Smart QLED TV (85C450NP),https://cdn1.smartprix.com/rx-iTwhRurqL-w280-h280/toshiba-c450np-85-in.webp
600,Hisense E6N 43 inch Ultra HD 4K Smart LED TV (43E6N),https://cdn1.smartprix.com/rx-ibH4MnTgQ-w280-h280/hisense-e6n-43-inch.webp
601,Croma CREL024HBB024603 24 inch HD Ready LED TV,https://cdn1.smartprix.com/rx-ifv7tuHJy-w280-h280/croma-crel024hbb0246.webp
602,Croma CREL075UGC024602 75 inch Ultra HD 4K smart QLED TV,https://cdn1.smartprix.com/rx-ihChW8hQp-w280-h280/croma-crel075ugc0246.webp
603,Hisense Q6N 65 inch Ultra HD 4K Smart QLED TV (65Q6N),https://cdn1.smartprix.com/rx-iUjnbmkqi-w280-h280/hisense-q6n-65-inch.webp
604,Redmi Fire TV 2024 32 inch HD Ready Smart LED TV (L32MA- FVIN),https://cdn1.smartprix.com/rx-iUqkvhevj-w280-h280/redmi-fire-tv-2024-3.webp
605,Hisense Q6N 75 inch Ultra HD 4K Smart QLED TV (75Q6N),https://cdn1.smartprix.com/rx-iUjnbmkqi-w280-h280/hisense-q6n-75-inch.webp
606,iFFALCON S44 32 inch HD Ready Smart LED TV (iFF32S44),https://cdn1.smartprix.com/rx-izRL1yDJ0-w280-h280/iffalcon-s44-32-inch.webp
607,Samsung QE1D 55 inch Ultra HD 4K Smart QLED TV (QA55QE1DAULXL),https://cdn1.smartprix.com/rx-i8TMI5w93-w280-h280/samsung-qe1d-55-inch.webp
608,Toshiba C450M 55 inch Ultra HD 4K Smart QLED TV (55C450ME),https://cdn1.smartprix.com/rx-inzqrMwaL-w280-h280/toshiba-c450m-55-inc.webp
609,Sony Bravia 2 S25B 65 inch Ultra HD 4K Smart LED TV (K-65S25B),https://cdn1.smartprix.com/rx-iDCEZrjmI-w280-h280/sony-bravia-2-s25b-6.webp
610,TCL C655 65 inch Ultra HD 4K Smart QLED TV (65C655),https://cdn1.smartprix.com/rx-iPLtbhEhU-w280-h280/tcl-c655-65-inch-ult.webp
611,LG UT8040 65 inch Ultra HD 4K Smart LED TV (65UT80406LA),https://cdn1.smartprix.com/rx-i4fJt8iGn-w280-h280/lg-ut8040-65-inch-ul.webp
612,LG UT8040 55 inch Ultra HD 4K Smart LED TV (55UT80406LA),https://cdn1.smartprix.com/rx-iLiLlQmnx-w280-h280/lg-ut8040-55-inch-ul.webp
613,TCL C655 55 inch Ultra HD 4K Smart QLED TV (55C655),https://cdn1.smartprix.com/rx-ixpPHGUtu-w280-h280/tcl-c655-55-inch-ult.webp
614,LG Evo C4 65 inch Ultra HD 4K Smart OLED TV (OLED65C4PUA),https://cdn1.smartprix.com/rx-iqd9VuKFS-w280-h280/lg-evo-c4-65-inch-ul.webp
615,TCL P71B Pro 75 inch Ultra HD 4K Smart QLED TV (75P71B Pro),https://cdn1.smartprix.com/rx-iIdPsR5CH-w280-h280/tcl-p71b-pro-75-inch.webp
616,Motorola Envision X Spectra 65 inch Ultra HD 4K Smart Mini LED TV (65UHDGQMWKRQ),https://cdn1.smartprix.com/rx-iTngkEwZW-w280-h280/motorola-envision-x.webp
617,TCL S5500 32 inch Full HD Smart LED TV (32S5500AF),https://cdn1.smartprix.com/rx-iOuY6e0ik-w280-h280/tcl-s5500-32-inch-fu.webp
618,Motorola Envision X Spectra 55 inch Ultra HD 4K Smart Mini LED TV (55UHDGMMWKRQ),https://cdn1.smartprix.com/rx-iEi9Vs5ew-w280-h280/motorola-envision-x.webp
619,TCL V6B 50 inch Ultra HD 4K Smart LED TV (50V6B),https://cdn1.smartprix.com/rx-iizjIitjj-w280-h280/tcl-v6b-50-inch-ultr.webp
620,TCL C69B 55 inch Ultra HD Smart QLED TV (55C69B),https://cdn1.smartprix.com/rx-iH03fTJUv-w280-h280/tcl-c69b-55-inch-ult.webp
621,Samsung Neo QN800D 75 inch Ultra HD 8K Smart QLED TV (QA75QN800DUXXL),https://cdn1.smartprix.com/rx-ijFpXMmOZ-w280-h280/samsung-neo-qn800d-7.webp
622,Samsung The Frame LS03D 50 inch Ultra HD 4K Smart QLED TV (Q505LS03DAULXL),https://cdn1.smartprix.com/rx-iE9LEIYP8-w280-h280/samsung-the-frame-ls.webp
623,Samsung DU7000 65 inch Ultra HD 4K Smart LED TV (UA65DU7000KLXL),https://cdn1.smartprix.com/rx-i64LG0QKh-w280-h280/samsung-du7000-65-in.webp
624,Samsung S95D 77 inch Ultra HD 4K Smart OLED TV (QA77S95DAULXL),https://cdn1.smartprix.com/rx-iQcCcMQvC-w280-h280/samsung-s95d-77-inch.webp
625,Samsung DUE70 65 inch Ultra HD 4K Smart LED TV (UA65DUE70BKLXL),https://cdn1.smartprix.com/rx-iyXN8WGEO-w280-h280/samsung-due70-65-inc.webp
626,Samsung DUE76 50 inch Ultra HD 4K Smart TV (UA50DUE76AKLXL),https://cdn1.smartprix.com/rx-iAfptAru5-w280-h280/samsung-due76-50-inc.webp
627,Samsung DUE76 55 inch Ultra HD 4K Smart TV (UA55DUE76AKLXL),https://cdn1.smartprix.com/rx-iAfptAru5-w280-h280/samsung-due76-55-inc.webp
628,Samsung DU7660 43 inch Ultra HD 4K Smart LED TV (UA43DU7660KLXL),https://cdn1.smartprix.com/rx-iKyee5yNW-w280-h280/samsung-du7660-43-in.webp
629,Samsung Q60D 65 inch Ultra HD 4K Smart QLED TV (QA65Q60DAUXXL),https://cdn1.smartprix.com/rx-iiZSAskdC-w280-h280/samsung-q60d-65-inch.webp
630,Samsung DU8300 75 inch Ultra HD 4K Smart LED TV (UA75DU8300UXXL),https://cdn1.smartprix.com/rx-iA37r8EwU-w280-h280/samsung-du8300-75-in.webp
631,Samsung Q60D 50 inch Ultra HD 4K Smart QLED TV (QA50Q60DAULXL),https://cdn1.smartprix.com/rx-iCVbeaHMi-w280-h280/samsung-q60d-50-inch.webp
632,Lloyd 43PS850E 43 inch Ultra HD Smart LED TV,https://cdn1.smartprix.com/rx-i2vdYgZIy-w280-h280/lloyd-43ps850e-43-in.webp
633,Samsung DU7700 43 inch Ultra HD 4K Smart LED TV (UA43DU7700KLXL),https://cdn1.smartprix.com/rx-iJlLrd35L-w280-h280/samsung-du7700-43-in.webp
634,Samsung Q60D 55 inch Ultra HD 4K Smart QLED TV (QA55Q60DAULXL),https://cdn1.smartprix.com/rx-iTZtv4M7N-w280-h280/samsung-q60d-55-inch.webp
635,Kodak 43SE5004BL 43 inch Full HD Smart LED TV,https://cdn1.smartprix.com/rx-iqFReU3ty-w280-h280/kodak-43se5004bl-43.webp
636,BPL 43U-D5310 DX 43 inch Ultra HD 4K Smart LED TV,https://cdn1.smartprix.com/rx-ij3WxNeZX-w280-h280/bpl-43u-d5310-dx-43.webp
637,LG QNED83 55 inch Ultra HD 4K Smart QNED TV (55QNED83SRA),https://cdn1.smartprix.com/rx-iaJvr1FJN-w280-h280/lg-qned83-55-inch-ul.webp
638,BPL 32H-D7300 32 inch HD Ready Smart LED TV,https://cdn1.smartprix.com/rx-ifs1VHIbi-w280-h280/bpl-32h-d7300-32-inc.webp
639,Samsung T5450 2023 Edition 43 inch Full HD Smart LED TV (UA43T5450AKXXL),https://cdn1.smartprix.com/rx-i7PiZibVh-w280-h280/samsung-t5450-2023-e.webp
640,Foxsky 65FS-VS 65 inch Ultra HD 4K Smart LED TV,https://cdn1.smartprix.com/rx-i5JqwDX5l-w280-h280/foxsky-65fs-vs-65-in.webp
641,Panasonic MS550 43 inch Full HD Smart LED TV (TH-43MS550DX),https://cdn1.smartprix.com/rx-i0efxX9vu-w280-h280/panasonic-ms550-43-i.webp
642,Blaupunkt CyberSound Gen2 55 inch Ultra HD 4K Smart LED (55CSGT7023),https://cdn1.smartprix.com/rx-ifXfRc428-w280-h280/blaupunkt-cybersound.webp
643,TCL S5400A 43 inch Full HD Smart LED TV (43S5400A),https://cdn1.smartprix.com/rx-ifKBuNp8H-w280-h280/tcl-s5400a-43-inch-f.webp
644,Motorola Envision X 55 inch Ultra HD 4K Smart LED TV (55UHDGDMBSXP),https://cdn1.smartprix.com/rx-ipq2rSpVg-w280-h280/motorola-envision-x.webp
645,Croma CREL43FSD24601 43 inch Full HD Smart LED TV,https://cdn1.smartprix.com/rx-iXbkQodnU-w280-h280/croma-crel43fsd24601.webp
646,Haier P7 Series 55 inch Ultra HD 4K Smart LED TV (55P7GT),https://cdn1.smartprix.com/rx-iEvtuSMT2-w280-h280/haier-p7-series-55-i.webp
647,iFFALCON Q73 55 inch Ultra HD 4K Smart QLED TV (iFF55Q73),https://cdn1.smartprix.com/rx-iEOMMmRQ4-w280-h280/iffalcon-q73-55-inch.webp
648,Hisense L9H 120 inch Ultra HD 4K Smart Laser TV (120L9HE),https://cdn1.smartprix.com/rx-iAG6u7WvL-w280-h280/hisense-l9h-120-inch.webp
649,Xiaomi X Series 2023 Edition 55 inch Ultra HD 4K Smart LED TV (L55M8-A2IN),https://cdn1.smartprix.com/rx-iJfPeJFdT-w280-h280/xiaomi-x-series-2023.webp
650,Xiaomi X Series 2023 Edition 43 inch Ultra HD 4K Smart LED TV (L43M8-A2IN),https://cdn1.smartprix.com/rx-iscylRo0y-w280-h280/xiaomi-x-series-2023.webp
651,Xiaomi X Series 2023 Edition 50 inch Ultra HD 4K Smart LED TV (L50M8-A2IN),https://cdn1.smartprix.com/rx-ipQjv6ZJy-w280-h280/xiaomi-x-series-2023.webp
652,LG A3 48 inch Ultra HD 4K Smart OLED TV (OLED48A3PSA),https://cdn1.smartprix.com/rx-ikYKLMVn6-w280-h280/lg-a3-48-inch-ultra.webp
653,LG A3 55 inch Ultra HD 4K Smart OLED TV (OLED55A3PSA),https://cdn1.smartprix.com/rx-iJB2P2yyI-w280-h280/lg-a3-55-inch-ultra.webp
654,Panasonic MS680 32 inch HD Ready Smart LED TV (TH-32MS680DX),https://cdn1.smartprix.com/rx-ivqtC2uOP-w280-h280/panasonic-ms680-32-i.webp
655,Panasonic MS660 32 inch HD Ready Smart LED TV (TH-32MS660DX),https://cdn1.smartprix.com/rx-ilx1BscrN-w280-h280/panasonic-ms660-32-i.webp
656,Onida NEXG 32HIT 32 inch HD Ready Smart LED TV,https://cdn1.smartprix.com/rx-iY12AuzS1-w280-h280/onida-nexg-32hit-32.webp
657,Westinghouse W2 Series 32 inch HD Ready Smart LED TV (WH32HX41),https://cdn1.smartprix.com/rx-iC3T50HUv-w280-h280/westinghouse-w2-seri.webp
658,LG UR75 65 inch Ultra HD 4K Smart LED TV (65UR7550PSC),https://cdn1.smartprix.com/rx-izMcXkri0-w280-h280/lg-ur75-65-inch-ultr.webp
659,LG UR75 55 inch Ultra HD 4K Smart LED TV (55UR7550PSC),https://cdn1.smartprix.com/rx-iysBzUcsF-w280-h280/lg-ur75-55-inch-ultr.webp
660,LG UR75 50 inch Ultra HD 4K Smart LED TV (50UR7550PSC),https://cdn1.smartprix.com/rx-iFg8vakwM-w280-h280/lg-ur75-50-inch-ultr.webp
661,Haier P7 Series 50 inch Ultra HD 4K Smart LED TV (50P7GT),https://cdn1.smartprix.com/rx-ikZpD5LxV-w280-h280/haier-p7-series-50-i.webp
662,Haier P7 Series 43 inch Ultra HD 4K Smart LED TV (43P7GT),https://cdn1.smartprix.com/rx-iWebs9zoY-w280-h280/haier-p7-series-43-i.webp
663,Kodak 329X5051 32 inch HD Ready Smart LED TV,https://cdn1.smartprix.com/rx-ikkiZlvvf-w280-h280/kodak-329x5051-32-in.webp
664,LG UQ73 43 inch Ultra HD 4K Smart LED TV (43UQ7300PTA),https://cdn1.smartprix.com/rx-iSs6jNBdR-w280-h280/lg-uq73-43-inch-ultr.webp
665,Sony Bravia A80L 77 inch Ultra HD 4K Smart OLED TV (XR-77A80L),https://cdn1.smartprix.com/rx-iVduRpTJq-w280-h280/sony-bravia-a80l-77.webp
666,Blaupunkt Cybersound Gen2 40 inch Full HD Smart LED TV (40CSG7112),https://cdn1.smartprix.com/rx-iZWLNAYg1-w280-h280/blaupunkt-cybersound.webp
667,Sony Bravia X82L 55 inch Ultra HD 4K Smart LED TV (KD-55X82L),https://cdn1.smartprix.com/rx-i8OC0Z7b5-w280-h280/sony-bravia-x82l-55.webp
668,Sony Bravia X75L 55 inch Ultra HD 4K Smart LED TV (KD-55X75L),https://cdn1.smartprix.com/rx-ieot5Aa64-w280-h280/sony-bravia-x75l-55.webp
669,Thomson FA Series 32 inch HD Ready Smart LED TV (32RT1022),https://cdn1.smartprix.com/rx-ifhg5c6cZ-w280-h280/thomson-fa-series-32.webp
670,MarQ by Flipkart 32HDNDQEE1B 32 inch HD Ready LED TV,https://cdn1.smartprix.com/rx-iaCe2pH4V-w280-h280/marq-by-flipkart-32h.webp
671,Panasonic TH-55MX660DX 55 inch Ultra HD 4K Smart LED TV,https://cdn1.smartprix.com/rx-iZuFM3jDZ-w280-h280/panasonic-th-55mx660.webp
672,Blaupunkt 40Sigma703BL 40 inch Full HD Smart LED TV,https://cdn1.smartprix.com/rx-iy40gi5rx-w280-h280/blaupunkt-40sigma703.webp
673,Samsung CU8000 43 inch Ultra HD 4K Smart LED TV (UA43CU8000KLXL),https://cdn1.smartprix.com/rx-iOIOxWuf9-w280-h280/samsung-cu8000-43-in.webp
674,XElectron 32STV 32 inch HD Ready LED TV,https://cdn1.smartprix.com/rx-ip5IyAxoC-w280-h280/xelectron-32stv-32-i.webp
675,Samsung Q60C 55 inch Ultra HD 4K Smart QLED TV (QA55Q60CAKLXL),https://cdn1.smartprix.com/rx-iBNZw1KU3-w280-h280/samsung-q60c-55-inch.webp
676,Haier LE32A9000 32 inch HD Ready Smart LED TV,https://cdn1.smartprix.com/rx-i67JYqfWp-w280-h280/haier-le32a9000-32-i.webp
677,Samsung CU7700 75 inch Ultra HD 4K Smart LED TV (UA75CU7700KLXL),https://cdn1.smartprix.com/rx-iwJjSdgrh-w280-h280/samsung-cu7700-75-in.webp
678,BeethoSOL 43BZ37 43 inch Full HD Smart LED TV,https://cdn1.smartprix.com/rx-iQhjmkalG-w280-h280/beethosol-43bz37-43.webp
679,Lloyd 43UX900D 43 inch Ultra HD 4K Smart QLED TV,https://cdn1.smartprix.com/rx-iLuyDzRtH-w280-h280/lloyd-43ux900d-43-in.webp
680,Thomson Alpha 24 inch HD Ready Smart LED TV (24Alpha001),https://cdn1.smartprix.com/rx-ifkPrUZxH-w280-h280/thomson-alpha-24-inc.webp
681,Samsung UA32T4390AKXXL 32 Inch HD Ready Smart LED TV,https://cdn1.smartprix.com/rx-i4akf3qbI-w280-h280/samsung-ua32t4390akx.webp
682,Samsung T5450 43 inch Full HD Smart LED TV (UA43T5450AKXXL),https://cdn1.smartprix.com/rx-iCIsdC6Qy-w280-h280/samsung-t5450-43-inc.webp
683,HiSense U7H 65 inch Ultra HD 4K Smart QLED TV (65U7H),https://cdn1.smartprix.com/rx-iJBWF1fKD-w280-h280/hisense-u7h-65-inch.webp
684,Lloyd 32HS551D 32 inch HD Ready Smart LED TV,https://cdn1.smartprix.com/rx-igpUFutjx-w280-h280/lloyd-32hs551d-32-in.webp
685,Samsung Crystal 4K Neo 55 inch Ultra HD 4K Smart LED TV (UA55AUE65AKXXL),https://cdn1.smartprix.com/rx-ijnhdQtI0-w280-h280/samsung-crystal-4k-n.webp
686,Infinix Zero 55 inch Ultra HD 4K Smart QLED TV,https://cdn1.smartprix.com/rx-iRq7oGzbK-w280-h280/infinix-zero-55-inch.webp
687,LG Nano80 55 inch Ultra HD 4K Smart LED TV (55NANO80SQA),https://cdn1.smartprix.com/rx-iqy668vzc-w280-h280/lg-nano80-55-inch-ul.webp
688,Thomson Phoenix 65 inch Ultra HD 4K Smart QLED TV (Q65H1100),https://cdn1.smartprix.com/rx-ie21sGtWE-w280-h280/thomson-phoenix-65-i.webp
689,LG UQ80 65 inch Ultra HD 4K Smart LED TV (65UQ8040PSB),https://cdn1.smartprix.com/rx-ixBL7CggA-w280-h280/lg-uq80-65-inch-ultr.webp
690,Vu GloLED 55 inch Ultra HD 4K Smart LED TV (55GloLED),https://cdn1.smartprix.com/rx-iP9vLugob-w280-h280/vu-gloled-55-inch-ul.webp
691,LG UQ80 55 inch Ultra HD 4K Smart LED TV (55UQ8040PSB),https://cdn1.smartprix.com/rx-iofQADr2q-w280-h280/lg-uq80-55-inch-ultr.webp
692,LG UQ75 43 inch Ultra HD 4K Smart LED TV (43UQ7550PSF),https://cdn1.smartprix.com/rx-i3LqAnMFz-w280-h280/lg-uq75-43-inch-ultr.webp
693,LG UQ8020 43 inch Ultra HD 4K LED Smart TV (43UQ8020PSB),https://cdn1.smartprix.com/rx-iLrmKvsdm-w280-h280/lg-uq8020-43-inch-ul.webp
694,LG UQ75 55 inch Ultra HD 4K Smart LED TV (55UQ7550PSF),https://cdn1.smartprix.com/rx-ieCHyEdml-w280-h280/lg-uq75-55-inch-ultr.webp
695,LG 32LQ635BPSA 32 inch Full HD Smart LED TV,https://cdn1.smartprix.com/rx-i1rG9MiEM-w280-h280/lg-32lq635bpsa-32-in.webp
696,Infinix 32Y1 32 inch HD Ready Smart LED TV,https://cdn1.smartprix.com/rx-ix0IM0cJJ-w280-h280/infinix-32y1-32-inch.webp
697,LG 43UQ7500PSF 43-inch Ultra HD 4K Smart LED TV,https://cdn1.smartprix.com/rx-iG7LGfhXr-w280-h280/lg-43uq7500psf-43-in.webp
698,TCL 65P735 65 Inch Ultra HD 4K Smart LED TV,https://cdn1.smartprix.com/rx-iZ9MD3ER8-w280-h280/tcl-65p735-65-inch-u.webp
699,Samsung Neo QA65QN700BKXXL 65-inch Ultra HD 8K Smart QLED TV,https://cdn1.smartprix.com/rx-iDX4tcZxk-w280-h280/samsung-neo-qa65qn70.webp
700,Sony Bravia X80K 43 inch Ultra HD 4K Smart LED TV (KD-43X80K),https://cdn1.smartprix.com/rx-iuudyyVSL-w280-h280/sony-bravia-x80k-43.webp
701,Samsung UA43AUE65AKXXL 2022 43 Inch Ultra HD 4K Smart LED TV,https://cdn1.smartprix.com/rx-i3xPP6A3Z-w280-h280/samsung-ua43aue65akx.webp
702,LG LQ63 32 inch Full HD Smart LED TV (32LQ6360PSA),https://cdn1.smartprix.com/rx-ikoT9SCcQ-w280-h280/lg-lq63-32-inch-full.webp
703,Sony Bravia KD-65X75K 65 Inch Ultra HD 4K Smart LED Google TV,https://cdn1.smartprix.com/rx-iBeHTAauF-w280-h280/sony-bravia-kd-65x75.webp
704,LG 32LQ573BPSA 32 Inch HD Ready Smart LED TV,https://cdn1.smartprix.com/rx-iLDB7S2l9-w280-h280/lg-32lq573bpsa-32-in.webp
705,Xiaomi Smart TV 5A 32 inch HD Ready Smart LED TV,https://cdn1.smartprix.com/rx-iBKCrHI7G-w280-h280/xiaomi-smart-tv-5a-3.webp
706,Samsung UA43BU8570ULXL 43 inch 4K Ultra HD Smart LED TV,https://cdn1.smartprix.com/rx-iDocqf7gr-w280-h280/samsung-ua43bu8570ul.webp
707,Samsung QA65Q80BAKLXL 65 inch Ultra HD 4K Smart QLED TV,https://cdn1.smartprix.com/rx-iNN30Tr7B-w280-h280/samsung-qa65q80baklx.webp
708,Samsung QA55Q60BAKLXL 55 inch Ultra HD 4K Smart QLED TV,https://cdn1.smartprix.com/rx-iA3zg7VDE-w280-h280/samsung-qa55q60baklx.webp
709,Samsung QA65QN85BAKLXL 65 Inch Ultra HD 4K Smart QLED TV,https://cdn1.smartprix.com/rx-i1zSKQDwp-w280-h280/samsung-qa65qn85bakl.webp
710,Samsung UA55BU8570ULXL 55 inch 4K Ultra HD Smart LED TV,https://cdn1.smartprix.com/rx-iULlE7HFQ-w280-h280/samsung-ua55bu8570ul.webp
711,Samsung Crystal 75AU7700 75-inch Ultra HD 4K Smart LED TV,https://cdn1.smartprix.com/rx-iyLuBJQIc-w280-h280/samsung-crystal-75au.webp
712,Foxsky 50FS-VS 50-inch Ultra HD 4K Smart LED TV,https://cdn1.smartprix.com/rx-iB5vKcqId-w280-h280/foxsky-50fs-vs-50-in.webp
713,Thomson 55OPMAX9055 55-inch Ultra HD 4K Smart LED TV,https://cdn1.smartprix.com/rx-i5DkjyhWe-w280-h280/thomson-55opmax9055.webp
714,T-Series TX24K 24 inch HD Ready LED TV,https://cdn1.smartprix.com/rx-idlhkdWM1-w280-h280/t-series-tx24k-24-in.webp
715,LG NanoCell 65NANO75TPZ 65-inch Ultra HD 4K Smart LED TV,https://cdn1.smartprix.com/rx-i47MqIFOh-w280-h280/lg-nanocell-65nano75.webp
716,LG B1 OLED55B1PTZ 55-inch Ultra HD 4K Smart OLED TV,https://cdn1.smartprix.com/rx-iDgXrecOV-w280-h280/lg-b1-oled55b1ptz-55.webp
717,Foxsky 43FS-VS 43 inch Full HD Smart LED TV,https://cdn1.smartprix.com/rx-iDHt28Liv-w280-h280/foxsky-43fs-vs-43-in.webp
718,Samsung 55Q60AAK 55-inch Ultra HD 4K Smart QLED TV,https://cdn1.smartprix.com/rx-i4JNduRLB-w280-h280/samsung-55q60aak-55.webp
719,Samsung 50Q60AAK 50-inch Ultra HD 4K Smart QLED TV,https://cdn1.smartprix.com/rx-i8qq96mxZ-w280-h280/samsung-50q60aak-50.webp
720,Samsung 65AU9070 65-inch Ultra HD 4K Smart LED TV,https://cdn1.smartprix.com/rx-iwyf00hn2-w280-h280/samsung-65au9070-65.webp
721,Samsung QA65Q80AAKLXL 65-inch Ultra HD 4K Smart QLED TV,https://cdn1.smartprix.com/rx-i3yFK0BSi-w280-h280/samsung-qa65q80aaklx.webp
722,Samsung Q80A 55Q80AAK 55-inch Ultra HD 4K Smart QLED TV,https://cdn1.smartprix.com/rx-iCnyU5iP6-w280-h280/samsung-q80a-55q80aa.webp
723,Samsung Crystal 43AU7700 43-inch Ultra HD 4K Smart LED TV,https://cdn1.smartprix.com/rx-icblVeYo2-w280-h280/samsung-crystal-43au.webp
724,Samsung 75AU8000 75-inch Ultra HD 4K Smart LED TV,https://cdn1.smartprix.com/rx-i9dwVJ37U-w280-h280/samsung-75au8000-75.webp
725,Samsung Crystal 4K Pro UA55AUE70AKLXL 55-inch Ultra HD 4K Smart LED TV,https://cdn1.smartprix.com/rx-iGcoGrOsc-w280-h280/samsung-crystal-4k-p.webp
726,Samsung Crystal 4K Pro UA43AUE70AKLXL 43-inch Ultra HD 4K Smart LED TV,https://cdn1.smartprix.com/rx-ijefsEa5X-w280-h280/samsung-crystal-4k-p.webp
727,Compaq ER Series CQ32APHD 32-inch HD ReadySmart LED TV,https://cdn1.smartprix.com/rx-iU1eSXu0t-w280-h280/compaq-er-series-cq3.webp
728,LG 65NANO86TNA 65-inch Ultra HD 4K Smart LED TV,https://cdn1.smartprix.com/rx-iCcYz9MrY-w280-h280/lg-65nano86tna-65-in.webp
729,Samsung UA43TU8000K 43-inch Ultra HD 4K Smart LED TV,https://cdn1.smartprix.com/rx-itVMfbOnF-w280-h280/samsung-ua43tu8000k.webp
730,Samsung UA32T4010ARXXL 32-inch HD Ready LED TV,https://cdn1.smartprix.com/rx-ijQyQ520N-w280-h280/samsung-ua32t4010arx.webp
731,Xiaomi Mi TV 4X 55-inch Ultra HD 4K Smart LED TV,https://cdn1.smartprix.com/rx-iPmaFLIHY-w280-h280/xiaomi-mi-tv-4x-55-i.webp
732,Samsung UA32N4305ARXXL 32-inch HD Ready Smart LED TV,https://cdn1.smartprix.com/rx-iQn6DdbEr-w280-h280/samsung-ua32n4305arx.webp
733,LG 43LM5600PTC 43-inch Full HD Smart LED TV,https://cdn1.smartprix.com/rx-i4KNNjyJf-w280-h280/lg-43lm5600ptc-43-in.webp
734,LG 75SM9400PTA 75-inch Ultra HD 4K Smart LED TV,https://cdn1.smartprix.com/rx-isNS4CgaS-w280-h280/lg-75sm9400pta-75-in.webp
735,Samsung 55Q70R 55-inch Ultra HD Smart QLED TV,https://cdn1.smartprix.com/rx-iBJx0Z4Bs-w280-h280/samsung-55q70r-55-in.webp
736,RGL RGS3202 32-inch Full HD Smart LED TV,https://cdn1.smartprix.com/rx-igqT4Bx22-w280-h280/rgl-rgs3202-32-inch.webp
737,Xiaomi Mi 4A PRO 32-inch HD Ready Smart LED TV,https://cdn1.smartprix.com/rx-iRbtUDrHg-w280-h280/xiaomi-mi-4a-pro-32.webp
738,LG 65SK8500PTA (65-inch) 4K Ultra HD Smart TV,https://cdn1.smartprix.com/rx-iDzWbfbvq-w280-h280/lg-65sk8500pta-65-in.webp
739,Lloyd 43QX600G 43 inch Ultra HD 4K Smart QLED TV,https://cdn1.smartprix.com/rx-iejeB2VNR-w280-h280/lloyd-43qx600g-43-in.webp
740,iFFLACON U65A 55 inch Ultra HD 4K Smart LED TV (55U65A),https://cdn1.smartprix.com/rx-itG6yg3j6-w280-h280/ifflacon-u65a-55-inc.webp
741,LG Nano AI NU885 75 inch Ultra HD 4K Smart LED TV (75NU885BPLA),https://cdn1.smartprix.com/rx-irn23oKo6-w280-h280/lg-nano-ai-nu885-75.webp
742,TCL T6D 75 inch Ultra HD 4K Smart QLED TV (75T6D),https://cdn1.smartprix.com/rx-itdDde1GR-w280-h280/tcl-t6d-75-inch-ultr.webp
743,Sansui JSWD43CSFHD 43 inch Full HD Smart LED TV,https://cdn1.smartprix.com/rx-ii5ALwRCR-w280-h280/sansui-jswd43csfhd-4.webp
744,Samsung U8500H 50 inch Ultra HD 4K Smart LED TV (UA50U8500HULXL),https://cdn1.smartprix.com/rx-iQeWrKXkr-w280-h280/samsung-u8500h-50-in.webp
745,Samsung R95H 65 inch Ultra HD 4K Smart Micro RGB TV (MRA65MR95HXUXXL),https://cdn1.smartprix.com/rx-iIuW2egyq-w280-h280/samsung-r95h-65-inch.webp
746,Samsung U8500H 65 inch Ultra HD 4K Smart LED TV (UA65U8500HULXL),https://cdn1.smartprix.com/rx-iQeWrKXkr-w280-h280/samsung-u8500h-65-in.webp
747,Samsung QN70H 43 inch Ultra HD 4K Smart QLED TV (QA43QN70HAULXL),https://cdn1.smartprix.com/rx-i7Ml6wKJB-w280-h280/samsung-qn70h-43-inc.webp
748,Samsung UE83AH 65 inch Ultra HD 4K Smart LED TV (UA65UE83AHULXL),https://cdn1.smartprix.com/rx-iy6SLSv1T-w280-h280/samsung-ue83ah-65-in.webp
749,Samsung U8600H 43 inch Ultra HD 4K Smart LED TV (UA43U8600HULXL),https://cdn1.smartprix.com/rx-iPXhDwPIY-w280-h280/samsung-u8600h-43-in.webp
750,TCL T89D 65 inch Ultra HD 4K Smart QLED TV (65T89D),https://cdn1.smartprix.com/rx-iqQUIOZMt-w280-h280/tcl-t89d-65-inch-ult.webp
751,T-Series 43TS109GTF-I 43 inch Full HD Smart LED TV,https://cdn1.smartprix.com/rx-ibdicFQeO-w280-h280/t-series-43ts109gtf.webp
752,Hisense E5S 32 inch HD Ready Smart QLED TV (32E5S),https://cdn1.smartprix.com/rx-iobg0uALG-w280-h280/hisense-e5s-32-inch.webp
753,LG Nano AI NU885 65 inch Ultra HD 4K Smart LED TV (65NU885BPLA),https://cdn1.smartprix.com/rx-i5awvnIT3-w280-h280/lg-nano-ai-nu885-65.webp
754,LG AI NANO NU87 65 inch Ultra HD 4K Smart LED TV (65NU870BPLA),https://cdn1.smartprix.com/rx-iGfaERVBw-w280-h280/lg-ai-nano-nu87-65-i.webp
755,Croma CREL032HGL024652 32 inch HD Ready Smart LED TV,https://cdn1.smartprix.com/rx-iJWnO2NAO-w280-h280/croma-crel032hgl0246.webp
756,Realme TechLife 43FHDGDRDDRB 43 inch Full HD Smart LED TV,https://cdn1.smartprix.com/rx-iHOgU0z4W-w280-h280/realme-techlife-43fh.webp
757,Toshiba E350SP 43 inch Ultra HD 4K Smart LED TV (43E350SP),https://cdn1.smartprix.com/rx-i5x8xGrZB-w280-h280/toshiba-e350sp-43-in.webp
758,Hisense E6S Series 65 inch Ultra HD 4K Smart LED TV (65E6S),https://cdn1.smartprix.com/rx-iamm9Is1V-w280-h280/hisense-e6s-series-6.webp
759,Samsung QN2EH 65 inch Ultra HD 4K Smart QLED TV (QA65QN2EHAULXL),https://cdn1.smartprix.com/rx-iUY6BxQmu-w280-h280/samsung-qn2eh-65-inc.webp
760,Toshiba E350SP 50 inch Ultra HD 4K Smart LED TV (50E350SP),https://cdn1.smartprix.com/rx-iDq45smLg-w280-h280/toshiba-e350sp-50-in.webp
761,Samsung Vision AI UE85AH 75 inch Ultra HD 4K Smart LED TV (UA75UE85AHULXL),https://cdn1.smartprix.com/rx-iySAsXSVo-w280-h280/samsung-vision-ai-ue.webp
762,Samsung Vision AI S95H 55 inch Ultra HD 4K Smart OLED TV (QA55S95HXULXL),https://cdn1.smartprix.com/rx-ipBvej3lN-w280-h280/samsung-vision-ai-s9.webp
763,Samsung U8500H 75 inch Ultra HD 4K Smart LED TV (UA75U8500HULXL),https://cdn1.smartprix.com/rx-iQeWrKXkr-w280-h280/samsung-u8500h-75-in.webp
764,Samsung Vision AI S85H 55 inch Ultra HD 4K Smart OLED TV (QA55S85HAELXL),https://cdn1.smartprix.com/rx-imlBIq5nA-w280-h280/samsung-vision-ai-s8.webp
765,Samsung Vision AI S95H 65 inch Ultra HD 4K Smart OLED TV (QA65S95HXULXL),https://cdn1.smartprix.com/rx-ipBvej3lN-w280-h280/samsung-vision-ai-s9.webp
766,Samsung QN80H 100 inch Ultra HD 4K Smart QLED TV (QA100QN80HUXXL),https://cdn1.smartprix.com/rx-iJqJXbl8C-w280-h280/samsung-qn80h-100-in.webp
767,Samsung QN70H 65 inch Ultra HD 4K Smart QLED TV (QA65QN70HAULXL),https://cdn1.smartprix.com/rx-iziWqdrem-w280-h280/samsung-qn70h-65-inc.webp
768,Toshiba E36RP Series 43 inch Full HD Smart QLED TV (43E36RP),https://cdn1.smartprix.com/rx-iX1Jc9ngu-w280-h280/toshiba-e36rp-series.webp
769,Hisense E6S Series 55 inch Ultra HD 4K Smart LED TV (55E6S),https://cdn1.smartprix.com/rx-iCeIjInZu-w280-h280/hisense-e6s-series-5.webp
770,Motorola 43FHDGQMGS4Q 43 inch Full HD Smart QLED TV,https://cdn1.smartprix.com/rx-iYptJnhJc-w280-h280/motorola-43fhdgqmgs4.webp
771,Croma Pro CREL055UGQ024650 55 inch Ultra HD 4K Smart QLED TV,https://cdn1.smartprix.com/rx-ieGRWmb3r-w280-h280/croma-pro-crel055ugq.webp
772,Coocaa 75MINI75Q 75 inch Ultra HD 4K Smart Mini LED TV,https://cdn1.smartprix.com/rx-iMeOrzOg0-w280-h280/coocaa-75mini75q-75.webp
773,Akai AL32GS-SMWS 32 inch HD Ready Smart LED TV,https://cdn1.smartprix.com/rx-i742myS59-w280-h280/akai-al32gs-smws-32.webp
774,Onida Q55UDI 55 inch Ultra HD 4K Smart QLED TV,https://cdn1.smartprix.com/rx-iK6f1UmcS-w280-h280/onida-q55udi-55-inch.webp
775,Samsung Q7F 98 inch Ultra HD 4K Smart QLED TV (QA98Q7FAAULXL),https://cdn1.smartprix.com/rx-iiYlI0C3y-w280-h280/samsung-q7f-98-inch.webp
776,Bush BH55S YPRO/U 55 inch Ultra HD 4K Smart LED TV,https://cdn1.smartprix.com/rx-iBrR030Qu-w280-h280/bush-bh55s-ypro-u-55.webp
777,Bush BH43S Y PRO 43 inch Full HD Smart LED TV,https://cdn1.smartprix.com/rx-ixlOW2Pjs-w280-h280/bush-bh43s-y-pro-43.webp
778,Haier A9G 43 inch Full HD Smart LED TV (43A9G),https://cdn1.smartprix.com/rx-ioq2bL50v-w280-h280/haier-a9g-43-inch-fu.webp
779,Realme TechLife 85UHDGQRWSDQ 85 inch Ultra HD 4K Smart QLED TV,https://cdn1.smartprix.com/rx-iCYWu7E5J-w280-h280/realme-techlife-85uh.webp
780,Realme TechLife 65UHDGQRASDQ 65 inch Ultra HD 4K Smart QLED TV,https://cdn1.smartprix.com/rx-ijwbJJG6r-w280-h280/realme-techlife-65uh.webp
781,Onida Karaoke Series 43 inch Ultra HD 4K Smart QLED TV (Q43UFHD),https://cdn1.smartprix.com/rx-iKD0y4O3i-w280-h280/onida-karaoke-series.webp
782,Onida Karaoke Series 43 inch Ultra HD 4K Smart LED TV (43UGF),https://cdn1.smartprix.com/rx-iz2bduhCR-w280-h280/onida-karaoke-series.webp
783,Onida Karaoke Series 50 inch Ultra HD 4K Smart QLED TV (Q50UGFHD),https://cdn1.smartprix.com/rx-iG88FgtU7-w280-h280/onida-karaoke-series.webp
784,realme TechLife 32HDGQRVSAQ 32 inch HD Ready Smart QLED TV,https://cdn1.smartprix.com/rx-ixc2RzGs6-w280-h280/realme-techlife-32hd.webp
785,RGL RGL4301 43 inch Ultra HD 4K Smart LED TV,https://cdn1.smartprix.com/rx-inYyKaRwE-w280-h280/rgl-rgl4301-43-inch.webp
786,RGL RGL4301 43 inch Full HD Smart LED TV,https://cdn1.smartprix.com/rx-i4sTRlCZb-w280-h280/rgl-rgl4301-43-inch.webp
787,RGL RGS5502 55 inch Ultra HD 4K Smart LED TV,https://cdn1.smartprix.com/rx-iR87HoGqZ-w280-h280/rgl-rgs5502-55-inch.webp
788,Wobble K Series 43 inch Full HD Smart LED TV (WB43FDAGU2841D25),https://cdn1.smartprix.com/rx-iP7YCrhSL-w280-h280/wobble-k-series-43-i.webp
789,Wobble K Series 65 inch Ultra HD 4K Smart LED TV (WB65UDAGU2875D25),https://cdn1.smartprix.com/rx-iJPXAJ55J-w280-h280/wobble-k-series-65-i.webp
790,Wobble X Series 50 inch Ultra HD 4K Smart QLED TV (WB50QDXGU2875T24),https://cdn1.smartprix.com/rx-idI7qcdft-w280-h280/wobble-x-series-50-i.webp
791,Wobble X Series 55 inch Ultra HD 4K Smart QLED TV (WB55QDXGU2875T24),https://cdn1.smartprix.com/rx-i1knnNbDD-w280-h280/wobble-x-series-55-i.webp
792,Wobble X Series 43 inch Ultra HD 4K Smart QLED TV (WB43QDXGU2875T24),https://cdn1.smartprix.com/rx-ijX9kwnCK-w280-h280/wobble-x-series-43-i.webp
793,Blaupunkt BP32JQHD0006 32 inch HD Ready Smart QLED TV,https://cdn1.smartprix.com/rx-id5Plohlf-w280-h280/blaupunkt-bp32jqhd00.webp
794,Thomson 32TJHQ002 32 inch HD Ready Smart QLED TV,https://cdn1.smartprix.com/rx-iT7Wvay2Z-w280-h280/thomson-32tjhq002-32.webp
795,Motorola 65UHDGQMWSDQ 65 inch Ultra HD 4K Smart QLED TV,https://cdn1.smartprix.com/rx-iQk8ZCFZv-w280-h280/motorola-65uhdgqmwsd.webp
796,Realme TechLife 55UHDGDRWSDB 55 inch Ultra HD 4K Smart LED TV,https://cdn1.smartprix.com/rx-iEqOOmotH-w280-h280/realme-techlife-55uh.webp
797,Motorola 55UHDGQMWSDQ 55 inch Ultra HD 4K Smart QLED TV,https://cdn1.smartprix.com/rx-ijIf7qKUc-w280-h280/motorola-55uhdgqmwsd.webp
798,Realme TechLife 65UHDGDRWSDB 65 inch Ultra HD 4K Smart LED TV,https://cdn1.smartprix.com/rx-i3cZgGTXq-w280-h280/realme-techlife-65uh.webp
799,Haier H5E 65 inch Ultra HD 4K Smart LED TV (65H5E),https://cdn1.smartprix.com/rx-ibxERzzCk-w280-h280/haier-h5e-65-inch-ul.webp
800,Haier H5E 55 inch Ultra HD 4K Smart LED TV (55H5E),https://cdn1.smartprix.com/rx-ipgA0VsBc-w280-h280/haier-h5e-55-inch-ul.webp
801,Croma 50UGL024651 50 inch Ultra HD 4K Smart LED TV,https://cdn1.smartprix.com/rx-iXUR70Re0-w280-h280/croma-50ugl024651-50.webp
802,VW Pro Series 55 inch Ultra HD 4K Smart QLED TV (VW55GQ1),https://cdn1.smartprix.com/rx-i1zgFaK0z-w280-h280/vw-pro-series-55-inc.webp
803,Motorola 43FHDGQMVSMQ 43 inch Full HD Smart QLED TV,https://cdn1.smartprix.com/rx-ivEEeqXQ2-w280-h280/motorola-43fhdgqmvsm.webp
804,Croma 32HBL024602 32 inch Full HD LED TV,https://cdn1.smartprix.com/rx-ihj8wcCDw-w280-h280/croma-32hbl024602-32.webp
805,Croma CREL043UGL024651 43 inch Ultra HD 4K Smart LED TV,https://cdn1.smartprix.com/rx-iE41AsyUl-w280-h280/croma-crel043ugl0246.webp
806,Realme TechLife 55UHDWQRALLQ 55 inch Ultra HD 4K Smart QLED TV,https://cdn1.smartprix.com/rx-iAHmdKNPC-w280-h280/realme-techlife-55uh.webp
807,Croma CREL055UGQ333850 55 inch Ultra HD 4K Smart QLED TV,https://cdn1.smartprix.com/rx-iMAJK8AYj-w280-h280/croma-crel055ugq3338.webp
808,Hisense Tornado A7Q 55 inch Ultra HD 4K Smart LED TV (55A7Q),https://cdn1.smartprix.com/rx-iBybegjrf-w280-h280/hisense-tornado-a7q.webp
809,Haier M92 65 inch Ultra HD 4K Smart Mini LED TV (H65M92FUX),https://cdn1.smartprix.com/rx-i8YmodUQY-w280-h280/haier-m92-65-inch-ul.webp
810,LG QNED 8GA 55 inch Ultra HD 4K Smart Mini LED TV (55QNED8GA6A),https://cdn1.smartprix.com/rx-iRWlQAqfC-w280-h280/lg-qned-8ga-55-inch.webp
811,Onida NexG 43 inch Ultra HD 4K Smart LED TV (43UGI),https://cdn1.smartprix.com/rx-ixs1Hc8Up-w280-h280/onida-nexg-43-inch-u.webp
812,VZY X43UHQG5 43 inch Ultra HD 4K Smart QLED TV,https://cdn1.smartprix.com/rx-iSGxH6Xte-w280-h280/vzy-x43uhqg5-43-inch.webp
813,Sansui JSW55UG23 55 inch Ultra HD 4K Smart LED TV,https://cdn1.smartprix.com/rx-iJhGjdLdD-w280-h280/sansui-jsw55ug23-55.webp
814,Onida MZ55MIN 55 inch Ultra HD 4K Smart Mini LED TV,https://cdn1.smartprix.com/rx-iuXT2m0EI-w280-h280/onida-mz55min-55-inc.webp
815,Kodak MotionX 65 inch Ultra HD 4K Smart QLED TV (65MX1212),https://cdn1.smartprix.com/rx-i52waEeqH-w280-h280/kodak-motionx-65-inc.webp
816,Haier K85 Series 65 inch Ultra HD 4K Smart LED TV (H65K85FUX),https://cdn1.smartprix.com/rx-iLUCo5R6a-w280-h280/haier-k85-series-65.webp
817,Kodak MotionX 75 inch Ultra HD 4K Smart QLED TV (75MX0019),https://cdn1.smartprix.com/rx-i3K9xvrXc-w280-h280/kodak-motionx-75-inc.webp
818,Vu Masterpiece Frame Series 2025 75 inch Ultra HD 4K Smart QLED TV (75MASTERPIECE),https://cdn1.smartprix.com/rx-irp7GzsIO-w280-h280/vu-masterpiece-frame.webp
819,Sansui JSW43FHG5Q 43 inch Full HD Smart QLED TV,https://cdn1.smartprix.com/rx-iqTjbr1Ab-w280-h280/sansui-jsw43fhg5q-43.webp
820,Sansui JSW100GSQLEDFF 100 inch Ultra HD 4K Smart QLED TV,https://cdn1.smartprix.com/rx-ilZWWHJU9-w280-h280/sansui-jsw100gsqledf.webp
821,LG LR573 32 inch HD Ready Smart LED TV (32LR573B6LA),https://cdn1.smartprix.com/rx-iOb9SqnQ7-w280-h280/lg-lr573-32-inch-hd.webp
822,Acer Ultra V Series 50 inch Ultra HD 4K Smart QLED TV (AR50QDVGU2875BD),https://cdn1.smartprix.com/rx-itjruG2oW-w280-h280/acer-ultra-v-series.webp
823,Elista TDU43GA 43 inch Ultra HD 4K Smart LED TV,https://cdn1.smartprix.com/rx-iGxGZMUnF-w280-h280/elista-tdu43ga-43-in.webp
824,Croma CREL065UGQ024650 65 inch Smart QLED TV,https://cdn1.smartprix.com/rx-ikQbgMf2Z-w280-h280/croma-crel065ugq0246.webp
825,Acer Ultra I Series 65 inch Ultra HD 4K Smart LED TV (AR65UDGGU2875BD),https://cdn1.smartprix.com/rx-i05lIsE1z-w280-h280/acer-ultra-i-series.webp
826,Acer Ultra I Series 55 inch Ultra HD 4K Smart LED TV (AR55UDGGU2875BD),https://cdn1.smartprix.com/rx-ioayqemgn-w280-h280/acer-ultra-i-series.webp
827,Wobble K Series 43 inch Ultra HD 4K Smart LED TV (WB43UDAGU2875D25),https://cdn1.smartprix.com/rx-ib2Uu4oDr-w280-h280/wobble-k-series-43-i.webp
828,Toshiba Z570RP 98 inch Ultra HD 4K Smart QLED TV (98Z570RP),https://cdn1.smartprix.com/rx-iKkoTJRAh-w280-h280/toshiba-z570rp-98-in.webp
829,Metz QP225G 32 inch HD Ready Smart QLED TV (32QP225G),https://cdn1.smartprix.com/rx-iYV6EXzjq-w280-h280/metz-qp225g-32-inch.webp
830,TCL C72K 98 inch Ultra HD 4K Smart Mini LED TV (98C72K),https://cdn1.smartprix.com/rx-iPN1f2svZ-w280-h280/tcl-c72k-98-inch-ult.webp
831,Metz QP225G 43 inch Full HD Smart QLED TV (43QP225G),https://cdn1.smartprix.com/rx-inTzDDfXD-w280-h280/metz-qp225g-43-inch.webp
832,Toshiba M450RP Series 75 inch Ultra HD 4K Smart QLED TV (75M450RP),https://cdn1.smartprix.com/rx-irRf3IktH-w280-h280/toshiba-m450rp-serie.webp
833,Motorola 75UHDGQMWSTQ 75 inch Ultra HD 4K Smart QLED TV,https://cdn1.smartprix.com/rx-ifBNzJIRT-w280-h280/motorola-75uhdgqmwst.webp
834,Metz QP425G 43 inch Ultra HD 4K Smart QLED TV (43QP425G),https://cdn1.smartprix.com/rx-ig8J8HX3z-w280-h280/metz-qp425g-43-inch.webp
835,Metz Frameless 65 inch Ultra HD 4K Smart LED TV (65G425E),https://cdn1.smartprix.com/rx-iwiGjSuOo-w280-h280/metz-frameless-65-in.webp
836,Metz QP425G 65 inch Ultra HD 4K Smart QLED TV (65QP425G),https://cdn1.smartprix.com/rx-iUmq9caJ5-w280-h280/metz-qp425g-65-inch.webp
837,Metz Frameless 55 inch Ultra HD 4K Smart LED TV (55G425E),https://cdn1.smartprix.com/rx-iXlSz6MeD-w280-h280/metz-frameless-55-in.webp
838,Sansui JSW65UG23Q 65 inch Ultra HD 4K Smart QLED TV,https://cdn1.smartprix.com/rx-iGFY1Drse-w280-h280/sansui-jsw65ug23q-65.webp
839,Blaupunkt BP50JQD0026 50 inch Ultra HD 4K Smart QLED TV,https://cdn1.smartprix.com/rx-i4DX35Xmp-w280-h280/blaupunkt-bp50jqd002.webp
840,Blaupunkt BP55JQD0036 55 inch Ultra HD 4K Smart QLED TV,https://cdn1.smartprix.com/rx-iazLvbYbM-w280-h280/blaupunkt-bp55jqd003.webp
841,TCL C6KS 65 inch Ultra HD 4K Smart QLED TV (65C6KS),https://cdn1.smartprix.com/rx-iR14wAQdt-w280-h280/tcl-c6ks-65-inch-ult.webp
842,TCL C6KS 75 inch Ultra HD 4K Smart QLED TV (75C6KS),https://cdn1.smartprix.com/rx-iR14wAQdt-w280-h280/tcl-c6ks-75-inch-ult.webp
843,Thomson 55TJQ0032 55 inch Ultra HD 4K Smart QLED TV,https://cdn1.smartprix.com/rx-iXiuQeWr9-w280-h280/thomson-55tjq0032-55.webp
844,Nacson NS43FHD25M 43 inch Full HD Smart LED TV,https://cdn1.smartprix.com/rx-imQhjxKKy-w280-h280/nacson-ns43fhd25m-43.webp
845,BPL 32HF2300 32 inch HD Ready Smart LED TV,https://cdn1.smartprix.com/rx-iSHYrIXf1-w280-h280/bpl-32hf2300-32-inch.webp
846,Panasonic TH-55PX735DX 55 inch Ultra HD 4K Smart LED TV,https://cdn1.smartprix.com/rx-ih1p72hf6-w280-h280/panasonic-th-55px735.webp
847,Skylive SL328SG 32 inch HD Ready Smart LED TV,https://cdn1.smartprix.com/rx-iBQurTixM-w280-h280/skylive-sl328sg-32-i.webp
848,Croma CREL050UGL024650 50 inch Ultra HD 4K Smart LED TV,https://cdn1.smartprix.com/rx-iniQBexMv-w280-h280/croma-crel050ugl0246.webp
849,Sansui JSS32GSQLED 32 inch HD Ready Smart QLED TV,https://cdn1.smartprix.com/rx-iuxxBA0MU-w280-h280/sansui-jss32gsqled-3.webp
850,Coocaa S4U Plus 50 inch Full HD Smart LED TV,https://cdn1.smartprix.com/rx-iNEwIRiAO-w280-h280/coocaa-s4u-plus-50-i.webp
851,Nacson NS32VCR25M 32 inch HD Ready Smart QLED TV,https://cdn1.smartprix.com/rx-iq6e0cAN3-w280-h280/nacson-ns32vcr25m-32.webp
852,Sansui JSW75UG23QF 75 inch Ultra HD 4K Smart QLED TV,https://cdn1.smartprix.com/rx-iO0P93raM-w280-h280/sansui-jsw75ug23qf-7.webp
853,Sansui JSW43FHG5 43 inch Full HD Smart LED TV,https://cdn1.smartprix.com/rx-iqnPPr6aK-w280-h280/sansui-jsw43fhg5-43.webp
854,Sansui JSWG43CSFHD 43 inch Full HD Smart LED TV,https://cdn1.smartprix.com/rx-i8N0rR0QJ-w280-h280/sansui-jswg43csfhd-4.webp
855,Sansui JSW43UG23 43 inch Full HD Smart LED TV,https://cdn1.smartprix.com/rx-i1hFpVDR2-w280-h280/sansui-jsw43ug23-43.webp
856,TCL NXTFRAME 75 inch Ultra HD 4K Smart QLED TV (75A300W),https://cdn1.smartprix.com/rx-i5QbPNyaQ-w280-h280/tcl-nxtframe-75-inch.webp
857,Nacson NS32FHD25M 32 inch HD Ready Smart LED TV,https://cdn1.smartprix.com/rx-ic3pHYNUv-w280-h280/nacson-ns32fhd25m-32.webp
858,Panasonic TH-43PX665DX 43 inch Ultra HD 4K Smart LED TV,https://cdn1.smartprix.com/rx-iz5mJx7is-w280-h280/panasonic-th-43px665.webp
859,Blaupunkt Sigma 32 inch HD Ready Smart QLED TV (32SigmaQ010),https://cdn1.smartprix.com/rx-i41VznE0y-w280-h280/blaupunkt-sigma-32-i.webp
860,LG evo AI QNED86 100 inch Ultra HD 4K Smart Mini LED TV (100QNED86A6),https://cdn1.smartprix.com/rx-iV6y5qvd4-w280-h280/lg-evo-ai-qned86-100.webp
861,Sansui JSWP32CSHD 32 inch HD Ready Smart LED TV,https://cdn1.smartprix.com/rx-i8N1qoCMm-w280-h280/sansui-jswp32cshd-32.webp
862,Hisense A6Q 58 inch Ultra HD 4K Smart LED TV (58A6Q),https://cdn1.smartprix.com/rx-iuuuunS3z-w280-h280/hisense-a6q-58-inch.webp
863,Sansui JSS32CSQLED 32 inch HD Ready Smart QLED TV,https://cdn1.smartprix.com/rx-iC9qrv09V-w280-h280/sansui-jss32csqled-3.webp
864,Uniboom ULTIMA 32N-ULT-AED 32 inch HD Ready LED TV,https://cdn1.smartprix.com/rx-i3Rshp7eP-w280-h280/uniboom-ultima-32n-u.webp
865,InnoQ 32S-SPCTADK 32 inch HD Ready Smart LED TV,https://cdn1.smartprix.com/rx-i4pjdeBUo-w280-h280/innoq-32s-spctadk-32.webp
866,Hisense 40A4Q 40 inch Full HD Smart LED TV,https://cdn1.smartprix.com/rx-icIJ1X7mn-w280-h280/hisense-40a4q-40-inc.webp
867,Blaupunkt BQD65Mini7066 65 inch Ultra HD 4K Smart Mini LED TV,https://cdn1.smartprix.com/rx-igH2fWsIZ-w280-h280/blaupunkt-bqd65mini7.webp
868,Realme TechLife 65UHDGQRDDVQ 65 inch Ultra HD 4K Smart LED TV,https://cdn1.smartprix.com/rx-iBiZ1ihkv-w280-h280/realme-techlife-65uh.webp
869,Uniboom Ultima 43S-ULT-AED 43 inch Full HD Smart LED TV,https://cdn1.smartprix.com/rx-ipASmOrVh-w280-h280/uniboom-ultima-43s-u.webp
870,Realme TechLife 50UHDGQRDDVQ 50 inch Ultra HD 4K Smart QLED TV,https://cdn1.smartprix.com/rx-iJTkF70nK-w280-h280/realme-techlife-50uh.webp
871,InnoQ Spectra 32N-MAXADK 32 inch HD Ready LED TV,https://cdn1.smartprix.com/rx-iqh1s04XZ-w280-h280/innoq-spectra-32n-ma.webp
872,Croma CREL043FGL024650 43 inch Full HD Smart LED TV,https://cdn1.smartprix.com/rx-iSRqwI87g-w280-h280/croma-crel043fgl0246.webp
873,Panasonic TH-32PS680DX 32 inch HD Ready Smart LED TV,https://cdn1.smartprix.com/rx-iX9613hET-w280-h280/panasonic-th-32ps680.webp
874,Croma CREL032HCL331801 32 inch HD Ready Smart LED TV,https://cdn1.smartprix.com/rx-iXdWUq4ED-w280-h280/croma-crel032hcl3318.webp
875,Realme TechLife 55UHDGDRDDVB 55 inch Ultra HD 4K Smart LED TV,https://cdn1.smartprix.com/rx-ifBYYr9Q1-w280-h280/realme-techlife-55uh.webp
876,Croma CREL065UGQ331850 65 inch Ultra HD 4K Smart QLED TV,https://cdn1.smartprix.com/rx-ia36yofn4-w280-h280/croma-crel065ugq3318.webp
877,Realme TechLife 50UHDGDRDDVB 50 inch Ultra HD 4K Smart LED TV,https://cdn1.smartprix.com/rx-ivAfl8IGR-w280-h280/realme-techlife-50uh.webp
878,Vu GloQLED Series 55 inch Ultra HD 4K Smart QLED TV (55GLOQLED25),https://cdn1.smartprix.com/rx-ihyqasMHn-w280-h280/vu-gloqled-series-55.webp
879,Toshiba M450RP Series 55 inch Ultra HD 4K Smart QLED TV (55M450RP),https://cdn1.smartprix.com/rx-iZ3RKlVe8-w280-h280/toshiba-m450rp-serie.webp
880,LG QNED 8CA 75 inch Ultra HD 4K Smart QNED TV (75QNED8CA6A),https://cdn1.smartprix.com/rx-iRcqB3lGQ-w280-h280/lg-qned-8ca-75-inch.webp
881,Kodak X900PRO 32 inch HD Ready Smart LED TV (32HDX900S-25),https://cdn1.smartprix.com/rx-iPGhDGd0B-w280-h280/kodak-x900pro-32-inc.webp
882,Coocaa Y74 65 inch Ultra HD 4K Smart LED TV (65Y74),https://cdn1.smartprix.com/rx-ikc0e6Coj-w280-h280/coocaa-y74-65-inch-u.webp
883,TCL C72K 75 inch Ultra HD 4K Smart Mini LED TV (75C72K),https://cdn1.smartprix.com/rx-iE1pnWubo-w280-h280/tcl-c72k-75-inch-ult.webp
884,Philips Lumina Series 55 inch Ultra HD 4K Smart QLED TV (55PQT8100/94),https://cdn1.smartprix.com/rx-i3Hyvfw4C-w280-h280/philips-lumina-serie.webp
885,iFFALCON U75 55 inch Ultra HD 4K Smart QLED TV (55U75),https://cdn1.smartprix.com/rx-inbivne5s-w280-h280/iffalcon-u75-55-inch.webp
886,NU LED43QUGNX 2025 43 inch Ultra HD 4K Smart QLED TV,https://cdn1.smartprix.com/rx-ilYFqfTij-w280-h280/nu-led43qugnx-2025-4.webp
887,NU LED32QUGNX 2025 32 inch HD Ready Smart QLED TV,https://cdn1.smartprix.com/rx-iwQ4iunbE-w280-h280/nu-led32qugnx-2025-3.webp
888,Philips Mirage Series 43 inch Full HD Smart LED TV (43PFT6130/94),https://cdn1.smartprix.com/rx-idy1s7J1Z-w280-h280/philips-mirage-serie.webp
889,Coocaa Y74 Pro 55 inch Ultra HD 4K Smart QLED TV (55Y74 Pro),https://cdn1.smartprix.com/rx-iB0uXdWvp-w280-h280/coocaa-y74-pro-55-in.webp
890,Coocaa S4U Plus 32 inch HD Ready Smart LED TV (32S4U Plus),https://cdn1.smartprix.com/rx-ixXfYT6ux-w280-h280/coocaa-s4u-plus-32-i.webp
891,LG NanoCell NANO 85A 86 inch Ultra HD 4K Smart LED TV (86NANO85A6A),https://cdn1.smartprix.com/rx-iO4iP6quX-w280-h280/lg-nanocell-nano-85a.webp
892,Sony Bravia 5 XR55A 75 inch Ultra HD 4K Smart Mini LED TV (K-75XR55A),https://cdn1.smartprix.com/rx-i3brCKqxS-w280-h280/sony-bravia-5-xr55a.webp
893,LG QNED 8CA 65 inch Ultra HD 4K Smart QNED TV (65QNED8CA6A),https://cdn1.smartprix.com/rx-iRcqB3lGQ-w280-h280/lg-qned-8ca-65-inch.webp
894,Thomson Phoenix 2025 Edition 43 inch Ultra HD 4K Smart QLED TV (43QAI1015),https://cdn1.smartprix.com/rx-ikqbGaGVZ-w280-h280/thomson-phoenix-2025.webp
895,TCL T89C 85 inch Ultra HD 4K Smart QLED TV (85T89C),https://cdn1.smartprix.com/rx-iOFb4sZ2o-w280-h280/tcl-t89c-85-inch-ult.webp
896,Haier W400UG 43 inch Ultra HD 4K Smart LED TV (LE43W400UG-N),https://cdn1.smartprix.com/rx-iDxfI21XC-w280-h280/haier-w400ug-43-inch.webp
897,Acerpure G Series 65 inch Smart QLED TV (AP65QG96MGS5),https://cdn1.smartprix.com/rx-ilnPQiS8U-w280-h280/acerpure-g-series-65.webp
898,LG Evo B4 65 inch Ultra HD 4K Smart OLED TV (OLED65B46LA),https://cdn1.smartprix.com/rx-iL1ahZrQa-w280-h280/lg-evo-b4-65-inch-ul.webp
899,TCL P8K 98 inch Ultra HD 4K Smart QLED TV (98P8K),https://cdn1.smartprix.com/rx-i01HGdccN-w280-h280/tcl-p8k-98-inch-ultr.webp
900,Blaupunkt 32QD7080 32 inch HD Ready Smart QLED TV,https://cdn1.smartprix.com/rx-iamUMMXFo-w280-h280/blaupunkt-32qd7080-3.webp
901,Blaupunkt 65QC7035 65 inch Ultra HD 4K Smart QLED TV,https://cdn1.smartprix.com/rx-i2MPFa4HL-w280-h280/blaupunkt-65qc7035-6.webp
902,LG QNED 8AA Series 43 inch Ultra HD 4K Smart QNED TV (43QNED8AA6A),https://cdn1.smartprix.com/rx-iKrrhXguQ-w280-h280/lg-qned-8aa-series-4.webp
903,Beston BS32HD1 32 inch HD Ready Smart LED TV,https://cdn1.smartprix.com/rx-iauVaaWSE-w280-h280/beston-bs32hd1-32-in.webp
904,Beston BS55UGTV 55 inch Ultra HD 4K Smart QLED TV,https://cdn1.smartprix.com/rx-idRuyMaCL-w280-h280/beston-bs55ugtv-55-i.webp
905,Beston BS32HGTV 32 inch HD Ready Smart LED TV,https://cdn1.smartprix.com/rx-iHNtMi3Rj-w280-h280/beston-bs32hgtv-32-i.webp
906,Beston BS43FHD 43 inch Full HD Smart LED TV,https://cdn1.smartprix.com/rx-iqflaZGUT-w280-h280/beston-bs43fhd-43-in.webp
907,Hisense E7Q PRO Series 100 inch Ultra HD 4K Smart QLED TV (100E7Q PRO),https://cdn1.smartprix.com/rx-i3y6fPiZC-w280-h280/hisense-e7q-pro-seri.webp
908,Beston BS40FGQ1 40 inch Full HD Smart LED TV,https://cdn1.smartprix.com/rx-ifRig0q7w-w280-h280/beston-bs40fgq1-40-i.webp
909,Beston BS75UGTV 75 inch Ultra HD 4K Smart QLED TV,https://cdn1.smartprix.com/rx-iQEogO17U-w280-h280/beston-bs75ugtv-75-i.webp
910,TCL T89C 75 inch Ultra HD 4K Smart QLED TV (75T89C),https://cdn1.smartprix.com/rx-i4q7cdoa4-w280-h280/tcl-t89c-75-inch-ult.webp
911,Philips Frameless 43 inch Full HD Smart LED TV (43PFT6130/94),https://cdn1.smartprix.com/rx-iBWg2dJmK-w280-h280/philips-frameless-43.webp
912,Philips Frameless 32 inch HD Ready Smart LED TV (32PFT6130/94),https://cdn1.smartprix.com/rx-iDi2MSDHd-w280-h280/philips-frameless-32.webp
913,TCL P7K 75 inch Ultra HD 4K Smart QLED TV (75P7K),https://cdn1.smartprix.com/rx-iqUs5qRqo-w280-h280/tcl-p7k-75-inch-ultr.webp
914,Croma CREL043UGQ024650 43 inch Ultra HD Smart QLED TV,https://cdn1.smartprix.com/rx-iSLIrLcwz-w280-h280/croma-crel043ugq0246.webp
915,LG evo AI G5 65 inch Ultra HD 4K Smart OLED TV (OLED65G56LA),https://cdn1.smartprix.com/rx-iO0hjzGKP-w280-h280/lg-evo-ai-g5-65-inch.webp
916,Samsung U8100F 65 inch Ultra HD 4K Smart LED TV (UA65U8100FULXL),https://cdn1.smartprix.com/rx-iQBLkRGoc-w280-h280/samsung-u8100f-65-in.webp
917,LG QNED 8XA 55 inch Ultra HD 4K Smart Mini LED TV (55QNED8XA6A),https://cdn1.smartprix.com/rx-iFMj4g65H-w280-h280/lg-qned-8xa-55-inch.webp
918,Hisense E5Q Series 32 inch HD Ready Smart QLED TV (32E5Q),https://cdn1.smartprix.com/rx-iccpu7UFZ-w280-h280/hisense-e5q-series-3.webp
919,Haier M95E Series 75 inch Ultra HD 4K Smart Mini LED TV (H75M95EUX),https://cdn1.smartprix.com/rx-ibP1P7T3b-w280-h280/haier-m95e-series-75.webp
920,Haier M95E Series 65 inch Ultra HD 4K Smart Mini LED TV (H65M95EUX),https://cdn1.smartprix.com/rx-ibP1P7T3b-w280-h280/haier-m95e-series-65.webp
921,TCL P71K 75 inch Ultra HD 4K Smart QLED TV (75P71K),https://cdn1.smartprix.com/rx-ipxUynp7V-w280-h280/tcl-p71k-75-inch-ult.webp
922,TCL T8C 75 inch Ultra HD 4K Smart QLED TV (75T8C),https://cdn1.smartprix.com/rx-icBy4Gseh-w280-h280/tcl-t8c-75-inch-ultr.webp
923,TCL P8K 65 inch Ultra HD 4K Smart QLED TV (65P8K),https://cdn1.smartprix.com/rx-i01HGdccN-w280-h280/tcl-p8k-65-inch-ultr.webp
924,TCL Q6CS 75 inch Ultra HD 4K Smart Mini LED TV (75Q6CS),https://cdn1.smartprix.com/rx-ixdftfVNS-w280-h280/tcl-q6cs-75-inch-ult.webp
925,TCL V6C 55 inch Ultra HD 4K Smart LED TV (55V6C),https://cdn1.smartprix.com/rx-iltevwq0A-w280-h280/tcl-v6c-55-inch-ultr.webp
926,Thomson 32TM3290-25 32 inch HD Ready LED TV,https://cdn1.smartprix.com/rx-iAiipxnXy-w280-h280/thomson-32tm3290-25.webp
927,Thomson 24TM2490-25 24 inch HD Ready TV,https://cdn1.smartprix.com/rx-ik2sw42ZM-w280-h280/thomson-24tm2490-25.webp
928,Haier H6E 55 inch Ultra HD 4K Smart QLED TV (55H6E),https://cdn1.smartprix.com/rx-imewBrSgi-w280-h280/haier-h6e-55-inch-ul.webp
929,Infinix W2 32 inch HD Ready Smart QLED TV (32W2Q),https://cdn1.smartprix.com/rx-iyrDG5nYy-w280-h280/infinix-w2-32-inch-h.webp
930,Haier C90 65 inch Ultra HD 4K Smart OLED TV (H65C90EUX),https://cdn1.smartprix.com/rx-iIiWAEucw-w280-h280/haier-c90-65-inch-ul.webp
931,Onida 55UIG-R 55 inch Ultra HD 4K Smart LED TV,https://cdn1.smartprix.com/rx-iCM6ox2Vz-w280-h280/onida-55uig-r-55-inc.webp
932,Samsung UE84AF 65 inch Ultra HD Smart LED TV (UA65UE84AFUXXL),https://cdn1.smartprix.com/rx-iRFMVRShI-w280-h280/samsung-ue84af-65-in.webp
933,Samsung QN85F 65 inch Ultra HD 4K Smart Neo QLED TV (QA65QN85FAUXXL),https://cdn1.smartprix.com/rx-iIoScRoNn-w280-h280/samsung-qn85f-65-inc.webp
934,Xiaomi FX Series 55 inch Ultra HD 4K Smart Fire TV (L55MB-FIN),https://cdn1.smartprix.com/rx-iDhAMDWQi-w280-h280/xiaomi-fx-series-55.webp
935,Samsung S90F 65 inch Ultra HD 4K Smart OLED TV (QA65S90FAEXXL),https://cdn1.smartprix.com/rx-iYZ7Q92LB-w280-h280/samsung-s90f-65-inch.webp
936,Xiaomi X Series 2025 43 inch Ultra HD 4K Smart LED TV (L43MB-AIN),https://cdn1.smartprix.com/rx-ilOeNR53t-w280-h280/xiaomi-x-series-2025.webp
937,Xiaomi A Series 2025 43 inch Full HD Smart LED TV (L43MB-AFIN),https://cdn1.smartprix.com/rx-iwoXLYX0y-w280-h280/xiaomi-a-series-2025.webp
938,Samsung QN90F 75 inch Ultra HD 4K Smart Neo QLED TV (QA75QN90FAUXXL),https://cdn1.smartprix.com/rx-iv8VJdSrn-w280-h280/samsung-qn90f-75-inc.webp
939,Samsung QN90F 85 inch Ultra HD 4K Smart Neo QLED TV (QA85QN90FAUXXL),https://cdn1.smartprix.com/rx-iv8VJdSrn-w280-h280/samsung-qn90f-85-inc.webp
940,Samsung Q8F 50 inch Ultra HD 4K Smart QLED TV (QA50Q8FAAULXL),https://cdn1.smartprix.com/rx-ic3SBCseL-w280-h280/samsung-q8f-50-inch.webp
941,TCL V6C 75 inch Ultra HD 4K Smart LED TV (75V6C),https://cdn1.smartprix.com/rx-in3Ls9Nvx-w280-h280/tcl-v6c-75-inch-ultr.webp
942,Samsung Q7F 75 inch Ultra HD 4K Smart QLED TV (QA75Q7FAAULXL),https://cdn1.smartprix.com/rx-iiYlI0C3y-w280-h280/samsung-q7f-75-inch.webp
943,Samsung The Frame LS03F 75 inch Ultra HD 4K Smart QLED TV (QA75LS03FAULXL),https://cdn1.smartprix.com/rx-ikA6TOYwr-w280-h280/samsung-the-frame-ls.webp
944,Samsung Q8F 85 inch Ultra HD 4K Smart QLED TV (QA85Q8FAAULXL),https://cdn1.smartprix.com/rx-ic3SBCseL-w280-h280/samsung-q8f-85-inch.webp
945,TCL V6C 65 inch Ultra HD 4K Smart LED TV (65V6C),https://cdn1.smartprix.com/rx-ifFI0OXZc-w280-h280/tcl-v6c-65-inch-ultr.webp
946,Samsung UE86AF 55 inch Ultra HD 4K Smart LED TV (UA55UE86AFULXL),https://cdn1.smartprix.com/rx-ieWGUn32B-w280-h280/samsung-ue86af-55-in.webp
947,Toshiba E38R 32 inch HD Ready Smart QLED TV (32E38RP),https://cdn1.smartprix.com/rx-iCc8csXkf-w280-h280/toshiba-e38r-32-inch.webp
948,Samsung H4500 32 inch HD Ready Smart LED TV (UA32H4500FUXXL),https://cdn1.smartprix.com/rx-iayAQlWDg-w280-h280/samsung-h4500-32-inc.webp
949,Realme TechLife 43UHDGDRVSAB 43 inch Ultra HD 4K Smart LED TV,https://cdn1.smartprix.com/rx-ig8fbLFfH-w280-h280/realme-techlife-43uh.webp
950,Thomson Phoenix 2025 Edition 65 inch Ultra HD 4K Smart QLED TV (65QAI1015),https://cdn1.smartprix.com/rx-iE8aVucZv-w280-h280/thomson-phoenix-2025.webp
951,Thomson Phoenix 2025 Edition 50 inch Ultra HD 4K Smart QLED TV (50QAI1015),https://cdn1.smartprix.com/rx-iMxtebh4o-w280-h280/thomson-phoenix-2025.webp
952,Samsung Q90F 65 inch Ultra HD 4K Smart Neo QLED TV (QA65QN90FAULXL),https://cdn1.smartprix.com/rx-iBwsSoPul-w280-h280/samsung-q90f-65-inch.webp
953,Thomson Phoenix 2025 Edition 55 inch Ultra HD 4K Smart QLED TV (55QAI1015),https://cdn1.smartprix.com/rx-i3DT3na8R-w280-h280/thomson-phoenix-2025.webp
954,TCL P7K 65 inch Ultra HD 4K Smart QLED TV (65P7K),https://cdn1.smartprix.com/rx-iqUs5qRqo-w280-h280/tcl-p7k-65-inch-ultr.webp
955,Samsung U8100F 50 inch Ultra HD 4K Smart LED TV (UA50U8100FULXL),https://cdn1.smartprix.com/rx-iFqFRAHAn-w280-h280/samsung-u8100f-50-in.webp
956,Samsung U8400F 50 inch Ultra HD 4K Smart LED TV (UA50U8400FULXL),https://cdn1.smartprix.com/rx-i2Jm1Y5X7-w280-h280/samsung-u8400f-50-in.webp
957,Samsung The Frame LS03F 43 inch Ultra HD 4K Smart QLED TV (QA43LS03FAULXL),https://cdn1.smartprix.com/rx-ikA6TOYwr-w280-h280/samsung-the-frame-ls.webp
958,Samsung Q7F 65 inch Ultra HD 4K Smart QLED TV (QA65Q7FAAULXL),https://cdn1.smartprix.com/rx-iiYlI0C3y-w280-h280/samsung-q7f-65-inch.webp
959,Samsung The Frame LS03F 65 inch Ultra HD 4K Smart QLED TV (QA65LS03FAULXL),https://cdn1.smartprix.com/rx-ikA6TOYwr-w280-h280/samsung-the-frame-ls.webp
960,Samsung Q7F 50 inch Ultra HD 4K Smart QLED TV (QA50Q7FAAULXL),https://cdn1.smartprix.com/rx-iiYlI0C3y-w280-h280/samsung-q7f-50-inch.webp
961,Lumio Vision 7 50 inch Ultra HD 4K Smart QLED TV (FTW2-ADSG),https://cdn1.smartprix.com/rx-iIfHtif7r-w280-h280/lumio-vision-7-50-in.webp
962,Haier K82 32 inch HD Ready Smart LED TV (H32K82FX),https://cdn1.smartprix.com/rx-iJ6Jia7fV-w280-h280/haier-k82-32-inch-hd.webp
963,Uniboom ULTIMA 24 inch HD Ready LED TV (24N-ULTIMA),https://cdn1.smartprix.com/rx-iuG2ONS2G-w280-h280/uniboom-ultima-24-in.webp
964,Uniboom ULTIMA 24 inch HD Ready Smart LED TV (24S-ULTIMA),https://cdn1.smartprix.com/rx-i8uW6EJgD-w280-h280/uniboom-ultima-24-in.webp
965,Vu Masterpiece Series 75 inch Ultra HD 4K Smart QLED TV (75MASTERPIECE),https://cdn1.smartprix.com/rx-iBQPrSDkp-w280-h280/vu-masterpiece-serie.webp
966,Foxsky FSELS PRO 24 inch HD Ready Smart LED TV (24 FSELS PRO),https://cdn1.smartprix.com/rx-ik9h43vxZ-w280-h280/foxsky-fsels-pro-24.webp
967,Reliance RW43GD4656FHD 43 inch Full HD Smart LED TV,https://cdn1.smartprix.com/rx-ibAWF20cD-w280-h280/reliance-rw43gd4656f.webp
968,Toshiba Z570RP 100 inch Ultra HD 4K Smart QLED TV (100Z570RP),https://cdn1.smartprix.com/rx-ifIZ9uibD-w280-h280/toshiba-z570rp-100-i.webp
969,LG Evo B4 55 inch Ultra HD 4K Smart OLED TV (OLED55B46LA),https://cdn1.smartprix.com/rx-iK8j811lD-w280-h280/lg-evo-b4-55-inch-ul.webp
970,Hyundai SHY50UGTU2 50 inch Ultra HD 4K Smart LED TV,https://cdn1.smartprix.com/rx-iP17VfGvl-w280-h280/hyundai-shy50ugtu2-5.webp
971,Toshiba C380RP 85 inch Ultra HD 4K Smart LED TV (85C380RP),https://cdn1.smartprix.com/rx-iKFusD2jN-w280-h280/toshiba-c380rp-85-in.webp
972,Onida NEXG Series 43 inch Ultra HD 4K Smart QLED TV (QZ43UI),https://cdn1.smartprix.com/rx-iY0Db6e1r-w280-h280/onida-nexg-series-43.webp
973,Black+Decker Series 1 55 inch Ultra HD 4K Smart LED TV (BXTVGU55UD2875ATIN),https://cdn1.smartprix.com/rx-iIFf0Slo0-w280-h280/black-decker-series.webp
974,Black+Decker Series 1 43 inch Ultra HD 4K Smart LED TV (BXTVGU43UD2875ATIN),https://cdn1.smartprix.com/rx-i1HM8wSeH-w280-h280/black-decker-series.webp
975,Reliance RW43GD8676FHD 43 inch Full HD Smart LED TV,https://cdn1.smartprix.com/rx-i1aUkAxwL-w280-h280/reliance-rw43gd8676f.webp
976,Reliance RW32GQ8676HD 32 inch HD Ready Smart QLED TV,https://cdn1.smartprix.com/rx-igRzYCkjE-w280-h280/reliance-rw32gq8676h.webp
977,Reliance RW32GD8676HD 32 inch HD Ready Smart LED TV,https://cdn1.smartprix.com/rx-ixCaUT1cL-w280-h280/reliance-rw32gd8676h.webp
978,InnoQ Spectra 43S-SPECTRA-V2 43 inch Full HD Smart LED TV,https://cdn1.smartprix.com/rx-iQKjSjB6h-w280-h280/innoq-spectra-43s-sp.webp
979,InnoQ 24N-MAX-V2 24 inch HD Ready LED TV,https://cdn1.smartprix.com/rx-iiestcW08-w280-h280/innoq-24n-max-v2-24.webp
980,Acer Super Series 85 inch Ultra HD 4K Smart QLED TV (AR85QDXGU2875AT),https://cdn1.smartprix.com/rx-ihoOUVSwr-w280-h280/acer-super-series-85.webp
981,Acer Super Series 75 inch Ultra HD 4K Smart QLED TV (AR75QDXGU2875AT),https://cdn1.smartprix.com/rx-iz88JK1Zi-w280-h280/acer-super-series-75.webp
982,Aiwa AS55QUHDX3 55 inch Ultra HD 4K Smart QLED TV,https://cdn1.smartprix.com/rx-i4znD5J45-w280-h280/aiwa-as55quhdx3-55-i.webp
983,T-Series 32TS81GT 32 inch HD Ready Smart QLED TV,https://cdn1.smartprix.com/rx-ix2qPh04q-w280-h280/t-series-32ts81gt-32.webp
984,Onida 32HAG1 32 inch HD Ready Smart LED TV,https://cdn1.smartprix.com/rx-ibsTbCHzI-w280-h280/onida-32hag1-32-inch.webp
985,Haier H55S90EUX 55 inch Ultra HD 4K Smart QLED TV,https://cdn1.smartprix.com/rx-iu1dCr7Rn-w280-h280/haier-h55s90eux-55-i.webp
986,Acer I Pro Series 55 inch Ultra HD 4K Smart LED TV (AR55UDIGU2875AT),https://cdn1.smartprix.com/rx-inqIBJFLx-w280-h280/acer-i-pro-series-55.webp
987,Coocaa 43C3U Plus 43 inch Full HD Smart LED TV,https://cdn1.smartprix.com/rx-iQ0G2VxKi-w280-h280/coocaa-43c3u-plus-43.webp
988,Sansui JSG32CSHD 32 inch HD Ready Smart LED TV,https://cdn1.smartprix.com/rx-iC3ovjpTX-w280-h280/sansui-jsg32cshd-32.webp
989,Acerpure Elevate Series 65 inch Ultra HD 4K Smart QLED TV (AP65UG51QEVTD),https://cdn1.smartprix.com/rx-i8j3MoUTO-w280-h280/acerpure-elevate-ser.webp
990,Wobble UD Series 55 inch Ultra HD 4K Smart LED TV (WB55GTAW9602UDFL),https://cdn1.smartprix.com/rx-iNUX0NO8Z-w280-h280/wobble-ud-series-55.webp
991,Wobble UD Series 50 inch Ultra HD 4K Smart LED TV (WB50GTAW9602UDFL),https://cdn1.smartprix.com/rx-iGslwNDID-w280-h280/wobble-ud-series-50.webp
992,Sony Bravia 3 S30 85 inch Ultra HD 4K Smart LED TV (K-85S30),https://cdn1.smartprix.com/rx-iUsOBWsIt-w280-h280/sony-bravia-3-s30-85.webp
993,BPL 50U-D5310 50 inch Ultra HD 4K Smart LED TV,https://cdn1.smartprix.com/rx-iP5pHwAT2-w280-h280/bpl-50u-d5310-50-inc.webp
994,Samsung DUE80 43 inch Ultra HD 4K Smart LED TV (UA43DUE80AKLXL),https://cdn1.smartprix.com/rx-iIhNJSTc8-w280-h280/samsung-due80-43-inc.webp
995,MarQ by Flipkart 24HDNDQEETB 24 inch HD Ready LED TV,https://cdn1.smartprix.com/rx-ighswyi2A-w280-h280/marq-by-flipkart-24h.webp
996,Bazeegar BAZQL43F1 43 inch Ultra HD 4K Smart QLED TV,https://cdn1.smartprix.com/rx-iOrgKVlLf-w280-h280/bazeegar-bazql43f1-4.webp
997,Sony Bravia 3 S30 75 inch Ultra HD 4K Smart LED TV (K-75S30),https://cdn1.smartprix.com/rx-iuJjrqvGk-w280-h280/sony-bravia-3-s30-75.webp
998,Wobble QD Series 50 inch Ultra HD 4K Smart QLED TV (WB50GTAW9602QD),https://cdn1.smartprix.com/rx-iLLJ2AfGP-w280-h280/wobble-qd-series-50.webp
999,Skylive SL40WS1 40 inch HD Ready Smart LED TV,https://cdn1.smartprix.com/rx-iKLWjy8iR-w280-h280/skylive-sl40ws1-40-i.webp
