Model,Price,Rating,Specs,Company,Spec_Score
TCL P7K 55 inch Ultra HD 4K Smart QLED TV (55P7K),"₹42,999",4.65,"55 in, QLED TV4K Resolution, 3840 x 2160 pixelsWifi, EthernetSmart TV2 Speakers, 20 W OutputCA75 + CA55 1.3GHz Processor, 2 GB RAM, 16 GB StorageHDR, Dolby Vision3 HDMI Ports, 2 USB Ports",flipkart,58
LG UA8200 55 inch Ultra HD 4K Smart LED TV (55UA82006LA),"₹41,999",4.55,"55 in, LED TV4K Resolution, 3840 x 2160 pixelsWifi, EthernetSmart TV2 Speakers, 20 W Output2 GB RAM, 8 GB StorageHDR3 HDMI Ports, 1 USB Ports",flipkart,55
Xiaomi FX Pro Series 55 inch Ultra HD 4K  Smart QLED TV (L55MB-FPIN),"₹36,999",4.35,"55 in, QLED TV4K Resolution, 3840 x 2160 pixelsWifi, EthernetSmart TV34 W OutputQuad Core A55 Processor, 2 GB RAM, 32 GB StorageHDR, High Frame Rate (HFR)3 HDMI Ports, 2 USB Ports",amazon,55
LG UA8200 43 inch Ultra HD 4K Smart LED TV (43UA82006LA),"₹30,999",4.4,"43 in, LED TV4K Resolution, 3840 x 2160 pixelsWifi, EthernetSmart TV2 Speakers, 20 W Output2 GB RAM, 8 GB StorageHDR3 HDMI Ports, 1 USB Ports",flipkart,52
Philips Lumina Series 75 inch Ultra HD 4K Smart QLED TV (75PQT8100/94),"₹74,999",4.05,"75 in, QLED TV4K Resolution, 3840 x 2160 pixelsWifi, EthernetSmart TV30 W Output2 GB RAM, 32 GB StorageHDR, Dolby Vision3 HDMI Ports, 2 USB Ports",amazon,67
Hisense U7Q 55 inch Ultra HD 4K Smart Mini LED TV (55U7Q),"₹49,999",4.2,"55 in, Mini LED TV4K Resolution, 3840 x 2160 pixelsWifi, EthernetSmart TV2 Speakers, 20 W OutputHDR, Dolby Vision4 HDMI Ports, 2 USB PortsDolby Atmos",flipkart,69
Sony Bravia II S25BM2 65 inch Ultra HD 4K Smart LED TV (K-65S25BM2),"₹80,990",4.5,"65 in, LED TV4K Resolution, 3840 x 2160 pixelsWifi, EthernetSmart TV2 Speakers, 20 W Output16 GB StorageHDR4 HDMI Ports, 2 USB Ports",amazon,62
Croma CREL032HOF024601 32 Inch HD Ready Smart LED TV,"₹4,494",4.45,"32 in, LED TV1366 x 768 pixelsWifi, EthernetSmart TV2 Speakers, 20 W Output2 HDMI Ports, 2 USB Ports178 ° Viewing AngleScreen Mirroring",croma,31
Realme TechLife CineSonic Q 55 inch Ultra HD 4K Smart QLED TV (55UHDGQRWSGQ),"₹22,499",4.2,"55 in, QLED TV4K Resolution, 3840 x 2160 pixelsWifi, EthernetSmart TV2 Speakers, 40 W OutputMediaTek Processor, 2 GB RAM, 16 GB StorageHDR, Dolby Vision3 HDMI Ports, 2 USB Ports",flipkart,55
Xiaomi TV FX Series 2026 55 inch Ultra HD 4K Smart QD-Mini LED TV (L55MC-FSMIN),"₹44,999",4.65,"55 in, Mini LED TV4K Resolution, 3840 x 2160 pixelsWifi, EthernetSmart TV20 W OutputQuad Core A55 Processor, 2 GB RAM, 32 GB StorageHDR3 HDMI Ports, 2 USB Ports",amazon,61
Samsung Vision AI M2EH 43 inch Ultra HD 4K Smart Mini LED TV (UA43M2EHAULXL),"₹34,490",4.55,"43 in, Mini LED TV4K Resolution, 3840 x 2160 pixelsWifi, EthernetSmart TV2 Speakers, 30 W OutputHDR, High Frame Rate (HFR)3 HDMI Ports, 1 USB PortsSupports Apps & Games",flipkart,58
Xiaomi A Series 2024 32 inch HD Ready Smart LED TV (L32MA-AIN),"₹8,999",4.5,"32 in, LED TV1366 x 768 pixelsWifi, EthernetSmart TV2 Speakers, 20 W OutputCortex A35 Processor, 1.5 GB RAM, 8 GB Storage2 HDMI Ports, 2 USB PortsDolby Audio",croma,38
TCL C7L 55 inch Ultra HD 4K Smart SQD-Mini LED TV (55C7L),"₹89,990",4.4,"55 in, Mini LED TV4K Resolution, 3840 x 2160 pixelsWifiSmart TVHDR, Dolby Vision3 HDMI PortsDolby Audio, Dolby Atmos178 ° Viewing Angle",croma,74
Samsung Vision AI M2EH 55 inch Ultra HD 4K Smart Mini LED TV (UA55M2EHAULXL),"₹45,990",4.7,"55 in, Mini LED TV4K Resolution, 3840 x 2160 pixelsWifi, EthernetSmart TV2 Speakers, 30 W OutputHDR, High Frame Rate (HFR)3 HDMI Ports, 1 USB PortsSupports Apps & Games",flipkart,61
Xiaomi X Pro 2025 43 inch Ultra HD 4K Smart QLED TV (L43MB-APIN),"₹29,999",4.3,"43 in, QLED TV4K Resolution, 3840 x 2160 pixelsWifi, EthernetSmart TV2 Speakers, 30 W OutputA55 Quad Core Processor Processor, 2 GB RAM, 32 GB StorageHDR, Dolby Vision3 HDMI Ports, 2 USB Ports",amazon,60
Realme TechLife CineSonic Q 43 inch Ultra HD 4K Smart QLED TV (43UHDGQRVS3Q),"₹19,299",4.25,"43 in, QLED TV4K Resolution, 3840 x 2160 pixelsWifi, EthernetSmart TV2 Speakers, 30 W OutputMediaTek Processor, 2 GB RAM, 16 GB StorageHDR, Dolby Vision3 HDMI Ports, 2 USB Ports",flipkart,52
TCL Q7D 65 inch Ultra HD 4K Smart RGB-Mini LED TV (65Q7D),"₹1,09,999",4.45,"65 in, Mini LED TV4K Resolution, 3840 x 2160 pixelsWifi, EthernetSmart TV2 Speakers, 20 W Output3 GB RAM, 64 GB StorageHDR, Dolby Vision4 HDMI Ports, 1 USB Ports",flipkart,80
Hisense Q6N 43 inch Ultra HD 4K Smart QLED TV (43Q6N),"₹23,599",4.2,"43 in, QLED TV4K Resolution, 3840 x 2160 pixelsWifi, EthernetSmart TV2 Speakers, 20 W OutputHDR, Dolby Vision, High Frame Rate (HFR)3 HDMI Ports, 2 USB PortsDolby Atmos",croma,63
TCL S5500 32 inch Full HD Smart LED TV (32S5500),"₹10,999",4.65,"32 in, LED TVFull HD, 1920 x 1080 pixelsWifi, EthernetSmart TV2 Speakers, 24 W Output1.5 GB RAM, 16 GB StorageHDR2 HDMI Ports, 1 USB Ports",flipkart,37
Samsung DUE76 43 inch Ultra HD 4K Smart LED TV (UA43DUE76AKLXL),"₹26,999",4.3,"43 in, LED TV4K Resolution, 3840 x 2160 pixelsWifi, EthernetSmart TV2 Speakers, 20 W OutputCrystal Processor 4K Processor, 2 GB RAM, 8 GB StorageHDR3 HDMI Ports, 1 USB Ports",flipkart,51
Lumio Vision 9 2026 55 inch Ultra HD 4K Smart QD-MiniLED TV (EPIC3-ADSI),"₹51,999",4.7,"55 in, Mini LED TV4K Resolution, 3840 x 2160 pixelsWifi, EthernetSmart TV2 Speakers, 24 W OutputMediatek Pentonic 700 Processor, 3 GB RAM, 64 GB StorageHDR, Dolby Vision, High Frame Rate (HFR)3 HDMI Ports, 3 USB Ports",amazon,71
Motorola Envision X 2025 43 inch Ultra HD 4K Smart QLED TV (43UHDGQMVSAQ),"₹24,999",4.05,"43 in, QLED TV4K Resolution, 3840 x 2160 pixelsWifi, EthernetSmart TV2 Speakers, 48 W OutputMediatek Processor Processor, 2 GB RAM, 32 GB StorageHDR, Dolby Vision3 HDMI Ports, 2 USB Ports",flipkart,56
Compaq HUEQ X 43 inch Ultra HD 4K Smart LED TV (CQV43AX1UD),"₹11,999",4.05,"43 in, LED TV4K Resolution, 3840 x 2160 pixelsWifi, EthernetSmart TV2 Speakers, 24 W Output2 HDMI Ports, 2 USB Ports178 ° Viewing AngleScreen Mirroring",flipkart,39
Sony Bravia 7 II 65 inch Ultra HD 4K Smart RGB LED TV (K-65XR70M2),"₹2,61,240",4.3,"65 in, LCD TV4K Resolution, 3840 x 2160 pixelsWifi, EthernetSmart TV2 Speakers, 20 W Output32 GB StorageHDR, Dolby Vision, High Frame Rate (HFR)4 HDMI Ports, 2 USB Ports",amazon,77
TCL T8D 55 inch Ultra HD 4K Smart QLED TV (55T8D),"₹50,990",4.2,"55 in, QLED TV4K Resolution, 3840 x 2160 pixelsWifi, EthernetSmart TV35 W Output3 GB RAM, 32 GB StorageHDR, Dolby Vision4 HDMI Ports, 1 USB Ports",amazon,71
Xiaomi TV FX Series 2026 43 inch Ultra HD 4K Smart QD-Mini LED TV (L43MC-FSMIN),"₹32,999",4.45,"43 in, Mini LED TV4K Resolution, 3840 x 2160 pixelsWifi, EthernetSmart TV2 Speakers, 20 W OutputQuad Core A55 Processor, 2 GB RAM, 32 GB StorageHDR3 HDMI Ports, 2 USB Ports",amazon,58
Hisense Q6N 55 inch Ultra HD 4K Smart QLED TV (55Q6N),"₹31,299",4.65,"55 in, QLED TV4K Resolution, 3840 x 2160 pixelsWifi, EthernetSmart TV2 Speakers, 20 W OutputHDR, Dolby Vision, High Frame Rate (HFR)3 HDMI Ports, 2 USB PortsDolby Atmos",croma,66
Lumio Vision 7 2026 43 inch Ultra HD 4K Smart QLED TV (FTW1-ADSJ),"₹29,999",4,"43 in, QLED TV4K Resolution, 3840 x 2160 pixelsWifi, EthernetSmart TV2 Speakers, 24 W OutputBOSS Flagship Processor Processor, 3 GB RAM, 64 GB StorageHDR, Dolby Vision3 HDMI Ports, 3 USB Ports",amazon,60
Croma CREL032HGQ331850 32 inch HD Ready Smart QLED TV,"₹12,990",4.35,"32 in, QLED TV1366 x 768 pixelsWifi, EthernetSmart TV2 Speakers, 20 W OutputQuad Core Processor, 1 GB RAM, 8 GB StorageHDR2 HDMI Ports, 2 USB Ports",croma,40
Motorola Envision X 2025 43 inch HD Ready Smart QLED TV (32UHDGQMVSAQ),"₹11,699",4.55,"32 in, QLED TV1366 x 768 pixelsWifi, EthernetSmart TV2 Speakers, 40 W Output1 GB RAM, 8 GB Storage2 HDMI Ports, 2 USB PortsSupports Apps & Games",flipkart,38
Hisense E7Q 50 inch Ultra HD 4K Smart QLED TV (50E7Q),"₹29,999",4.75,"50 in, QLED TV4K Resolution, 3840 x 2160 pixelsWifi, EthernetSmart TV30 W OutputHDR, Dolby Vision, High Frame Rate (HFR)3 HDMI Ports, 2 USB PortsDolby Atmos",flipkart,63
TCL Q6CS 55 inch Ultra HD 4K Smart Mini LED TV (55Q6CS),"₹45,999",4,"55 in, Mini LED TV4K Resolution, 3840 x 2160 pixelsWifi, EthernetSmart TV2 Speakers, 20 W OutputCA75 + CA55 Processor, 2 GB RAM, 16 GB StorageHDR, Dolby Vision3 HDMI Ports, 1 USB Ports",flipkart,63
Lumio Vision 7 2026 55 inch Ultra HD 4K Smart QLED TV (FTW3-ADSJ),"₹39,999",4.55,"55 in, QLED TV4K Resolution, 3840 x 2160 pixelsWifi, EthernetSmart TV2 Speakers, 30 W OutputBOSS Flagship Processor Processor, 3 GB RAM, 64 GB StorageHDR, Dolby Vision3 HDMI Ports, 3 USB Ports",amazon,63
TCL T69D 43 inch Ultra HD 4K Smart QLED TV (43T69D),"₹32,490",4.05,"43 in, QLED TV4K Resolution, 3840 x 2160 pixelsWifi, EthernetSmart TV2 Speakers, 24 W Output2 GB RAM, 16 GB StorageHDR, Dolby Vision3 HDMI Ports, 1 USB Ports",flipkart,58
LG QNED70 43 inch Ultra HD 4K Smart Mini LED TV (43QNED70BLA),"₹45,690",4.25,"43 in, Mini LED TV4K Resolution, 3840 x 2160 pixelsWifi, EthernetSmart TV2 Speakers, 20 W OutputHDR3 HDMI Ports, 1 USB PortsDolby Atmos",croma,58
Samsung UE83AH 50 inch Ultra HD 4K Smart LED TV (UA50UE83AHULXL),"₹37,490",4.3,"50 in, LED TV4K Resolution, 3840 x 2160 pixelsWifiSmart TV2 Speakers, 30 W OutputHDR3 HDMI Ports, 1 USB PortsSupports Apps & Games",amazon,55
Realme TechLife 32 inch HD Ready Smart QLED TV (32HDGQRASOQ),"₹11,199",4.65,"32 in, QLED TV1366 x 768 pixelsWifi, EthernetSmart TV2 Speakers, 20 W OutputMediatek Processor, 1 GB RAM, 8 GB StorageHDR3 HDMI Ports, 2 USB Ports",flipkart,43
VW Spectra Series 43 inch Full HD Smart QLED TV (VW43AQ3),"₹14,999",4.55,"43 in, QLED TVFull HD, 1920 x 1080 pixelsWifi, EthernetSmart TV2 Speakers, 24 W OutputHDR3 HDMI Ports, 1 USB PortsSupports Apps & Games",amazon,41
Hisense E8S 55 inch Ultra HD 4K Smart Mini LED TV (55E8S),"₹57,999",4.2,"55 in, Mini LED TV4K Resolution, 3840 x 2160 pixelsWifi, EthernetSmart TV2 Speakers, 20 W OutputHDR, Dolby Vision4 HDMI Ports, 2 USB PortsDolby Atmos",flipkart,69
Hisense E8S 65 inch Ultra HD 4K Smart Mini LED TV (65E8S),"₹76,990",4.25,"65 in, Mini LED TV4K Resolution, 3840 x 2160 pixelsWifi, EthernetSmart TV2 Speakers, 20 W OutputHDR, Dolby Vision4 HDMI Ports, 2 USB PortsDolby Atmos",flipkart,73
TCL T8D 65 inch Ultra HD 4K Smart QLED TV (65T8D),"₹65,990",4.45,"65 in, QLED TV4K Resolution, 3840 x 2160 pixelsWifi, EthernetSmart TV35 W Output3 GB RAM, 32 GB StorageHDR, Dolby Vision4 HDMI Ports, 1 USB Ports",amazon,74
Samsung M71H 43 inch Ultra HD 4K Smart Mini LED TV (UA43M71HAULXL),"₹44,690",4.65,"43 in, Mini LED TV4K Resolution, 3840 x 2160 pixelsWifi, EthernetSmart TV2 Speakers, 30 W OutputHDR3 HDMI Ports, 1 USB PortsSupports Apps & Games",croma,57
LG AI NANO NU87 43 inch Ultra HD 4K Smart LED TV (43NU870BPLA),"₹32,999",4.45,"43 in, LED TV4K Resolution, 3840 x 2160 pixelsWifi, EthernetSmart TV2 Speakers, 20 W OutputHDR3 HDMI Ports, 1 USB PortsDolby Atmos",amazon,50
LG Nano AI NU885 43 inch Ultra HD 4K Smart LED TV (43NU885BPLA),"₹36,299",4.55,"43 in, LED TV4K Resolution, 3840 x 2160 pixelsWifi, EthernetSmart TV2 Speakers, 20 W OutputHDR3 HDMI Ports, 1 USB PortsDolby Atmos",croma,54
TCL P8L 75 inch Ultra HD 4K Smart QLED TV (75P8L),"₹92,990",4.4,"75 in, QLED TV4K Resolution, 3840 x 2160 pixelsWifi, EthernetSmart TV2 Speakers, 20 W OutputMediaTek Pentonic 700(MT9653) Processor, 32 GB StorageHDR, Dolby Vision4 HDMI Ports, 1 USB Ports",croma,77
TCL Q6C 55 inch Ultra HD 4K Smart Mini LED TV (55Q6C),"₹52,990",4.45,"55 in, QLED TV4K Resolution, 3840 x 2160 pixelsWifi, EthernetSmart TV2 Speakers, 20 W OutputQuad Core Processor, 3 GB RAM, 32 GB StorageHDR, Dolby Vision, High Frame Rate (HFR)4 HDMI Ports, 1 USB Ports",amazon,68
TCL T8C 55 inch Ultra HD 4K Smart QLED TV (55T8C),"₹42,990",4.7,"55 in, QLED TV4K Resolution, 3840 x 2160 pixelsWifi, EthernetSmart TV2 Speakers, 20 W OutputQuad Core Processor, 3 GB RAM, 32 GB StorageHDR, Dolby Vision4 HDMI Ports, 1 USB Ports",amazon,64
Xiaomi FX Pro Series 43 inch Ultra HD 4K Smart QLED TV (L43MB-FPIN),"₹26,999",4.1,"43 in, QLED TV4K Resolution, 3840 x 2160 pixelsWifi, EthernetSmart TV30 W OutputQuad Core A55 Processor, 2 GB RAM, 32 GB StorageHDR3 HDMI Ports, 2 USB Ports",amazon,54
Xiaomi A Pro 2025 32 inch HD Ready Smart QLED TV (L32MB-APIN),"₹14,999",4.55,"32 in, QLED TV1366 x 768 pixelsWifiSmart TV2 Speakers, 20 W OutputA53 Quad Core Processor, 1 GB RAM, 8 GB Storage2 HDMI Ports, 2 USB PortsDolby Audio",flipkart,40
Acer V Pro 50 inch Ultra HD 4K Smart QLED TV (AR50QDQGR2851AD),"₹24,999",4.25,"50 in, QLED TV4K Resolution, 3840 x 2160 pixelsWifi, EthernetSmart TV2 Speakers, 36 W OutputHDR, Dolby Vision3 HDMI Ports, 2 USB PortsDolby Atmos",flipkart,57
TCL S5K 32 inch Full HD Smart QLED TV (32S5K),"₹15,990",4.75,"32 in, QLED TVFull HD, 1920 x 1080 pixelsWifi, EthernetSmart TV2 Speakers, 16 W Output1.1 GHz CA55x4 Processor, 8 GB StorageHDR3 HDMI Ports, 2 USB Ports",croma,41
LG AI NANO NU87 75 inch Ultra HD 4K Smart LED TV (75NU870BPLA),"₹99,999",4.75,"75 in, LED TV4K Resolution, 3840 x 2160 pixelsWifi, EthernetSmart TV2 Speakers, 20 W Output1.5 GB RAM, 8 GB StorageHDR3 HDMI Ports, 1 USB Ports",flipkart,65
Blaupunkt 32QC7020 32 inch HD Ready Smart QLED TV,"₹11,499",4.75,"32 in, QLED TV1366 x 768 pixelsWifiSmart TV48 W Output1 GB RAM, 8 GB Storage3 HDMI Ports, 2 USB PortsDolby Audio",flipkart,37
Blaupunkt 40QC7080 40 inch Full HD Smart QLED TV,"₹15,999",4.65,"40 in, QLED TVFull HD, 1920 x 1080 pixelsWifiSmart TV48 W Output1 GB RAM, 8 GB Storage3 HDMI Ports, 2 USB PortsDolby Audio",flipkart,40
LG evo AI QNED65 55 inch Ultra HD 4K Smart Mini LED TV (55QNED65BLA),"₹58,499",4.15,"55 in, Mini LED TV4K Resolution, 3840 x 2160 pixelsWifi, EthernetSmart TV2 Speakers, 20 W OutputHDR3 HDMI Ports, 1 USB PortsDolby Atmos",flipkart,59
Sony Bravia 3 II 65 inch Ultra HD 4K Smart LED TV (K-65XR35M2),"₹1,24,490",4.6,"65 in, LED TV4K Resolution, 3840 x 2160 pixelsWifi, EthernetSmart TV2 Speakers, 20 W OutputHDR, Dolby Vision4 HDMI Ports, 2 USB PortsDolby Audio, Dolby Atmos",croma,72
VW Frameless Series 40 inch HD Ready QLED TV (VW40S1),"₹10,999",4.5,"40 in, QLED TV1366 x 768 pixelsEthernetSmart TV: No2 Speakers, 24 W Output2 HDMI Ports, 2 USB Ports60 Hz, 16:9 Ratio",amazon,26
Sony Bravia 7 II 55 inch Ultra HD 4K Smart RGB LED TV (K-55XR70M2),"₹2,10,890",4.35,"55 in, LCD TV4K Resolution, 3840 x 2160 pixelsWifi, EthernetSmart TV4 Speakers, 40 W Output32 GB StorageHDR, Dolby Vision, High Frame Rate (HFR)4 HDMI Ports, 2 USB Ports",amazon,76
VW VW32MAX 32 inch HD Ready QLED TV,"₹7,999",4.45,"32 in, QLED TV1366 x 768 pixelsEthernetSmart TV: No2 Speakers, 24 W Output2 HDMI Ports, 2 USB Ports178 ° Viewing Angle60 Hz, 16:9 Ratio",amazon,26
TCL P6L 75 inch Ultra HD 4K Smart LED TV (75P6L),"₹72,990",4.05,"75 in, LED TV4K Resolution, 3840 x 2160 pixelsWifi, EthernetSmart TV2 Speakers, 30 W Output8 GB StorageHDR, Dolby Vision3 HDMI Ports",flipkart,62
TCL P8L 98 inch Ultra HD 4K Smart QLED TV (98P8L),"₹2,49,999",4.5,"98 in, QLED TV4K Resolution, 3840 x 2160 pixelsWifi, EthernetSmart TV2 Speakers, 20 W OutputMediaTek Pentonic 700(MT9653) Processor, 32 GB StorageHDR, Dolby Vision4 HDMI Ports, 1 USB Ports",flipkart,84
Hisense E8S 75 inch Ultra HD 4K Smart Mini LED TV (75E8S),"₹99,990",4.15,"75 in, Mini LED TV4K Resolution, 3840 x 2160 pixelsWifi, EthernetSmart TV2 Speakers, 20 W OutputHDR, Dolby Vision4 HDMI Ports, 2 USB PortsDolby Atmos",flipkart,77
TCL T8D 75 inch Ultra HD 4K Smart QLED TV (75T8D),"₹86,990",4.45,"75 in, QLED TV4K Resolution, 3840 x 2160 pixelsWifi, EthernetSmart TV35 W Output3 GB RAM, 32 GB StorageHDR, Dolby Vision4 HDMI Ports, 1 USB Ports",amazon,78
TCL P8L 85 inch Ultra HD 4K Smart QLED TV (85P8L),"₹1,49,999",4.35,"85 in, QLED TV4K Resolution, 3840 x 2160 pixelsWifi, EthernetSmart TV2 Speakers, 20 W OutputMediaTek Pentonic 700(MT9653) Processor, 32 GB StorageHDR, Dolby Vision4 HDMI Ports, 1 USB Ports",flipkart,81
Samsung R95H 85 inch Ultra HD 4K Smart Micro RGB TV (MRA85MR95HXUXXL),"₹6,59,990",4.35,"85 in, Micro RGB TV4K Resolution, 3840 x 2160 pixelsWifi, EthernetSmart TV70 W OutputHDR, High Frame Rate (HFR)4 HDMI Ports, 2 USB PortsDolby Atmos",flipkart,91
VW Pure View Series 24 inch HD Ready Smart LED TV (VW24A),"₹5,499",4.65,"24 in, LED TV1366 x 768 pixelsWifi, EthernetSmart TV2 Speakers, 20 W Output3 HDMI Ports, 2 USB PortsSupports Apps & GamesScreen Mirroring",flipkart,30
Samsung Vision AI S85F 55 inch Ultra HD 4K Smart OLED TV (QA55S85FAELXL),"₹82,999",4.2,"55 in, OLED TV4K Resolution, 3840 x 2160 pixelsWifi, EthernetSmart TV2 Speakers, 20 W OutputHDR, High Frame Rate (HFR)4 HDMI Ports, 2 USB PortsDolby Atmos",amazon,72
Acerpure Nitro 65 inch Ultra HD 4K Smart QLED TV (AP65UG75PNTO5),"₹39,999",4.2,"65 in, QLED TV4K Resolution, 3840 x 2160 pixelsWifi, EthernetSmart TV50 W Output2 GB RAM, 16 GB StorageHDR, Dolby Vision3 HDMI Ports, 2 USB Ports",flipkart,65
Samsung Vision AI QEF6 55 inch Ultra HD 4K Smart QLED TV (QA55QEF6AULXL),"₹43,990",4.75,"55 in, QLED TV4K Resolution, 3840 x 2160 pixelsWifi, EthernetSmart TV2 Speakers, 20 W OutputHDR, High Frame Rate (HFR)3 HDMI Ports, 1 USB PortsSupports Apps & Games",flipkart,55
Xiaomi X Series 2025 50 inch Ultra HD 4K Smart LED TV (L50MB-AIN),"₹27,999",4.1,"50 in, LED TV4K Resolution, 3840 x 2160 pixelsWifi, EthernetSmart TV2 Speakers, 30 W OutputQuad Core A55 Processor, 2 GB RAM, 8 GB StorageHDR, Dolby Vision3 HDMI Ports, 2 USB Ports",flipkart,53
Philips Lumina Series 43 inch Ultra HD 4K Smart QLED TV (43PQT8100/94),"₹26,999",4.1,"43 in, QLED TV4K Resolution, 3840 x 2160 pixelsWifi, EthernetSmart TV30 W Output2 GB RAM, 32 GB StorageHDR, Dolby Vision3 HDMI Ports, 2 USB Ports",amazon,59
Vu Vibe DV Series 43 inch Ultra HD 4K Smart QLED TV (43VIBE-DV),"₹26,490",4.4,"43 in, QLED TV4K Resolution, 3840 x 2160 pixelsWifi, EthernetSmart TV88 W Output2 GB RAM, 16 GB StorageHDR, Dolby Vision3 HDMI Ports, 2 USB Ports",amazon,60
LG evo AI C5 55 inch Ultra HD 4K Smart OLED TV (OLED55C5XLA),"₹1,05,888",4.75,"55 in, OLED TV4K Resolution, 3840 x 2160 pixelsWifi, EthernetSmart TV40 W OutputHDR, Dolby Vision, High Frame Rate (HFR)4 HDMI Ports, 3 USB PortsDolby Atmos",flipkart,80
Hisense E7Q 55 inch Ultra HD 4K Smart QLED TV (55E7Q),"₹34,999",4.6,"55 in, QLED TV4K Resolution, 3840 x 2160 pixelsWifi, EthernetSmart TV30 W OutputHDR, Dolby Vision, High Frame Rate (HFR)3 HDMI Ports, 2 USB PortsDolby Atmos",flipkart,64
TCL C6K 55 inch Ultra HD 4K Smart Mini LED TV (55C6K),"₹54,990",4.35,"55 in, Mini LED TV4K Resolution, 3840 x 2160 pixelsWifi, EthernetSmart TV2 Speakers, 20 W OutputHDR, Dolby Vision3 HDMI PortsDolby Atmos",croma,66
TCL T6C 43 inch Ultra HD 4K Smart QLED TV (43T6C),"₹31,999",4.45,"43 in, QLED TV4K Resolution, 3840 x 2160 pixelsWifi, EthernetSmart TV2 Speakers, 20 W OutputCA75 + CA55 1.3GHz Processor, 2 GB RAM, 16 GB StorageHDR, Dolby Vision3 HDMI Ports, 1 USB Ports",flipkart,58
TCL Q6C 65 inch Ultra HD 4K Smart Mini LED TV (65Q6C),"₹69,990",4.2,"65 in, Mini LED TV4K Resolution, 3840 x 2160 pixelsWifi, EthernetSmart TV2 Speakers, 20 W Output3 GB RAM, 32 GB StorageHDR, Dolby Vision, High Frame Rate (HFR)3 HDMI Ports, 1 USB Ports",amazon,72
Realme TechLife 55UHDGQRVSAQ 55 inch Ultra HD 4K Smart QLED TV,"₹25,999",4.5,"55 in, QLED TV4K Resolution, 3840 x 2160 pixelsWifi, EthernetSmart TV2 Speakers, 40 W OutputQuad Core Mediatek Processor Processor, 2 GB RAM, 32 GB StorageHDR, Dolby Vision3 HDMI Ports, 2 USB Ports",flipkart,56
TCL P7K 43 inch Ultra HD 4K Smart QLED TV (43P7K),"₹30,990",4.15,"43 in, QLED TV4K Resolution, 3840 x 2160 pixelsWifi, EthernetSmart TV2 Speakers, 30 W OutputCA75 + CA55 1.3GHz Processor, 2 GB RAM, 16 GB StorageHDR, Dolby Vision3 HDMI Ports, 2 USB Ports",flipkart,55
Xiaomi X Pro 2025 55 inch Ultra HD 4K Smart QLED TV (L55MB-APIN),"₹41,990",4.2,"55 in, QLED TV4K Resolution, 3840 x 2160 pixelsWifi, EthernetSmart TV2 Speakers, 34 W OutputQuad Core Processor, 2 GB RAM, 32 GB StorageHDR, Dolby Vision3 HDMI Ports, 2 USB Ports",amazon,63
TCL V5C 32 inch Full HD Smart QLED TV (32V5C),"₹15,490",4.15,"32 in, QLED TVFull HD, 1920 x 1080 pixelsWifi, EthernetSmart TV2 Speakers, 24 W OutputQuad Core Processor Processor, 1 GB RAM, 8 GB Storage2 HDMI Ports, 1 USB PortsDolby Audio",amazon,40
LG LR57 32 inch HD Ready Smart LED TV (32LR570B6LA),"₹14,690",4.65,"32 in, LED TV1366 x 768 pixelsWifi, EthernetSmart TV2 Speakers, 20 W Output1 GB RAM, 8 GB StorageHDR4 HDMI Ports, 2 USB Ports",flipkart,37
Foxsky 43FS 43 inch Ultra HD 4K Smart QLED TV,"₹13,999",4.15,"43 in, QLED TVFull HD, 1920 x 1080 pixelsWifiSmart TV2 Speakers, 30 W OutputQuad-Core Processor ProcessorHDR, Dolby Vision3 HDMI Ports, 2 USB Ports",flipkart,47
Xiaomi A Series 32 inch HD Ready Smart LED TV (L32M8-5AIN),"₹10,999",4.7,"32 in, LED TV1366 x 768 pixelsWifi, EthernetSmart TV2 Speakers, 20 W OutputQuad Core Cortex A35 Processor, 1.5 GB RAM, 8 GB Storage2 HDMI Ports, 2 USB PortsDolby Audio",flipkart,38
TCL P7L 55 inch Ultra HD 4K Smart QLED TV (55P7L),"₹47,990",4.35,"55 in, QLED TV4K Resolution, 3840 x 2160 pixelsWifiSmart TV2 Speakers, 20 W Output16 GB StorageHDR, Dolby Vision3 HDMI Ports, 2 USB Ports",croma,60
TCL P7L 65 inch Ultra HD 4K Smart QLED TV (65P7L),"₹64,990",4.3,"65 in, QLED TV4K Resolution, 3840 x 2160 pixelsWifiSmart TV2 Speakers, 20 W Output16 GB StorageHDR, Dolby Vision3 HDMI Ports, 2 USB Ports",croma,63
Samsung R85H 65 inch Ultra HD 4K Smart Micro RGB TV (MRA65R85HAULXL),"₹1,62,990",4.25,"65 in, Micro RGB TV4K Resolution, 3840 x 2160 pixelsWifi, EthernetSmart TV2 Speakers, 30 W OutputHDR, High Frame Rate (HFR)4 HDMI Ports, 2 USB PortsDolby Atmos",flipkart,77
Blaupunkt 43FQC7090 43 inch Full HD Smart QLED TV,"₹17,499",4.7,"43 in, QLED TVFull HD, 1920 x 1080 pixelsWifi, EthernetSmart TV48 W Output1 GB RAM, 8 GB Storage3 HDMI Ports, 2 USB PortsSupports Apps & Games",flipkart,38
Sony Bravia 3 II 55 inch Ultra HD 4K Smart LED TV (K-55XR35M2),"₹94,990",4.6,"55 in, LED TV4K Resolution, 3840 x 2160 pixelsWifi, EthernetSmart TV2 Speakers, 20 W OutputHDR, Dolby Vision4 HDMI Ports, 2 USB PortsDolby Audio, Dolby Atmos",amazon,68
Motorola 50UHDGQMWSDQ 50 inch Ultra HD 4K Smart QLED TV,"₹30,999",4.5,"50 in, QLED TV4K Resolution, 3840 x 2160 pixelsWifi, EthernetSmart TV50 W Output2 GB RAM, 32 GB StorageHDR, Dolby Vision3 HDMI Ports, 2 USB Ports",flipkart,57
Motorola 75UHDGMMWBIQ 75 inch Ultra HD 4K Smart QD-Mini LED TV,"₹66,999",4.15,"75 in, Mini LED TV4K Resolution, 3840 x 2160 pixelsWifi, EthernetSmart TV2 Speakers, 20 W OutputMediaTek MTK 9603 Processor, 2 GB RAM, 64 GB StorageHDR, Dolby Vision, High Frame Rate (HFR)3 HDMI Ports, 3 USB Ports",flipkart,70
Samsung Vision AI M2EH 65 inch Ultra HD 4K Smart Mini LED TV (UA65M2EHAULXL),"₹79,999",4.3,"65 in, Mini LED TV4K Resolution, 3840 x 2160 pixelsWifi, EthernetSmart TV2 Speakers, 30 W OutputHDR, High Frame Rate (HFR)3 HDMI Ports, 1 USB PortsSupports Apps & Games",flipkart,67
Samsung M80H 55 inch Ultra HD 4K Smart Mini LED TV (55M80HAU),"₹70,690",4.6,"55 in, Mini LED TV4K Resolution, 3840 x 2160 pixelsWifi, EthernetSmart TV2 Speakers, 20 W OutputHDR, High Frame Rate (HFR)3 HDMI Ports, 1 USB PortsSupports Apps & Games",croma,66
LG evo AI G6 65 inch Ultra HD 4K Smart OLED TV (OLED65G6PLA),"₹2,38,990",4,"65 in, OLED TV4K Resolution, 3840 x 2160 pixelsWifiSmart TV4 Speakers, 40 W OutputHDR, Dolby Vision, High Frame Rate (HFR)4 HDMI Ports, 3 USB PortsDolby Atmos",croma,83
Samsung Vision AI UE86AH 43 inch Ultra HD 4K Smart LED TV (UA43UE86AHULXL),"₹31,490",4.35,"32 in, LED TV4K Resolution, 3840 x 2160 pixelsWifiSmart TV2 Speakers, 30 W OutputHDR3 HDMI Ports, 1 USB PortsSupports Apps & Games",amazon,53
VW Spectra Series 40 inch Full HD Smart QLED TV (VW40AQ3),"₹13,499",4.2,"40 in, QLED TVFull HD, 1920 x 1080 pixelsWifi, EthernetSmart TV2 Speakers, 24 W OutputHDR3 HDMI Ports, 1 USB PortsSupports Apps & Games",amazon,40
LG Nano AI NU885 55 inch Ultra HD 4K Smart LED TV (55NU885BPLA),"₹49,999",4.4,"55 in, LED TV4K Resolution, 3840 x 2160 pixelsWifi, EthernetSmart TV2 Speakers, 20 W OutputHDR3 HDMI Ports, 1 USB PortsDolby Atmos",croma,57
LG evo AI QNED85BX 55 inch Ultra HD 4K Smart Mini LED TV (55QNED85BXA),"₹75,590",4.4,"55 in, Mini LED TV4K Resolution, 3840 x 2160 pixelsWifi, EthernetSmart TV2 Speakers, 20 W OutputHDR, Dolby Vision, High Frame Rate (HFR)4 HDMI Ports, 2 USB PortsDolby Atmos",croma,72
LG evo AI QNED82 55 inch Ultra HD 4K Smart Mini LED TV (55QNED82BLA),"₹67,599",4.7,"55 in, Mini LED TV4K Resolution, 3840 x 2160 pixelsWifi, EthernetSmart TV2 Speakers, 20 W Output2 GB RAM, 16 GB StorageHDR, Dolby Vision, High Frame Rate (HFR)3 HDMI Ports, 1 USB Ports",flipkart,68
Xiaomi MagiQ S 55 inch Ultra HD 4K Smart Mini LED TV (L55MC-IN),"₹51,999",4.4,"55 in, Mini LED TV4K Resolution, 3840 x 2160 pixelsWifi, EthernetSmart TV4 Speakers, 34 W OutputQuad cortex A55 Processor, 2 GB RAM, 32 GB StorageHDR, Dolby Vision3 HDMI Ports, 1 USB Ports",amazon,64
VW Pro Series VW43GQ2 43 inch Ultra HD 4K Smart QLED TV,"₹21,999",4.4,"43 in, QLED TV4K Resolution, 3840 x 2160 pixelsWifi, EthernetSmart TV60 W OutputQuad Core Processor, 2 GB RAM, 32 GB StorageHDR3 HDMI Ports, 2 USB Ports",amazon,51
iFFALCON U75A 55 inch Ultra HD 4K Smart QLED TV (55U75A),"₹49,999",4.45,"55 in, QLED TV4K Resolution, 3840 x 2160 pixelsWifi, EthernetSmart TV2 Speakers, 20 W Output3 GB RAMHDR, Dolby Vision4 HDMI Ports, 2 USB Ports",flipkart,63
Kenstar 32HDCQKAWCQ 32 inch HD Ready Smart QLED TV,"₹8,499",4,"32 in, QLED TV1366 x 768 pixelsWifi, EthernetSmart TV2 Speakers, 20 W Output1 GB RAM, 8 GB Storage3 HDMI Ports, 2 USB PortsSupports Apps & Games",flipkart,36
Philips 55MLED610/94 55 inch Ultra HD 4K Smart Mini LED TV,"₹45,999",4.7,"55 in, Mini LED TV4K Resolution, 3840 x 2160 pixelsWifi, EthernetSmart TV2 Speakers, 36 W Output2 GB RAM, 32 GB StorageHDR, Dolby Vision3 HDMI Ports, 2 USB Ports",amazon,66
VW Pure View Series 32 inch HD Ready Smart LED TV (VW32A),"₹7,999",4.35,"32 in, LED TV1366 x 768 pixelsWifi, EthernetSmart TV2 Speakers, 20 W Output3 HDMI Ports, 2 USB PortsSupports Apps & GamesScreen Mirroring",flipkart,31
Coocaa 55MINI75Q 55 inch Ultra HD 4K Smart Mini LED TV,"₹32,999",4.6,"55 in, Mini LED TV4K Resolution, 3840 x 2160 pixelsWifi, EthernetSmart TV2 Speakers, 36 W OutputA55 Quad core, 1.5GHz Processor, 2 GB RAM, 32 GB StorageHDR, Dolby Vision3 HDMI Ports, 2 USB Ports",amazon,62
Samsung Vision AI QEF6 43 inch Ultra HD 4K Smart QLED TV (QA43QEF6AULXL),"₹32,990",4.1,"43 in, QLED TV4K Resolution, 3840 x 2160 pixelsWifi, EthernetSmart TV2 Speakers, 20 W OutputHDR, High Frame Rate (HFR)3 HDMI Ports, 1 USB PortsSupports Apps & Games",flipkart,52
InnoQ Spectra 24N-MAXADK 24 inch HD Ready LED TV,"₹5,095",4.6,"24 in, LED TV1366 x 768 pixelsSmart TV: No2 Speakers, 30 W Output2 HDMI Ports, 2 USB Ports60 Hz, 16:09 Ratio",flipkart,19
VW OptimaX Series 40 inch Full HD Smart QLED TV (VW40AQ1),"₹13,099",4.75,"40 in, QLED TVFull HD, 1920 x 1080 pixelsWifi, EthernetSmart TV24 W OutputHDR2 HDMI Ports, 2 USB PortsSupports Apps & Games",flipkart,40
VW OptimaX Series 43 inch Full HD Smart QLED TV (VW43AQ1),"₹14,199",4.35,"43 in, LED TVFull HD, 1920 x 1080 pixelsWifi, EthernetSmart TV24 W OutputHDR2 HDMI Ports, 2 USB PortsSupports Apps & Games",flipkart,37
VW OptimaX Series 32 inch HD Ready Smart QLED TV (VW32AQ1),"₹8,999",4.7,"32 in, LED TV1366 x 768 pixelsWifi, EthernetSmart TV24 W Output2 HDMI Ports, 2 USB PortsSupports Apps & GamesScreen Mirroring",amazon,31
Vu Vibe DV Series 55 inch Ultra HD 4K Smart QLED TV (55VIBE-DV),"₹35,990",4.2,"55 in, QLED TV4K Resolution, 3840 x 2160 pixelsWifi, EthernetSmart TV88 W Output2 GB RAM, 16 GB StorageHDR, Dolby Vision3 HDMI Ports, 2 USB Ports",amazon,63
Xiaomi TV F 32 inch HD Ready Smart LED TV (L32MB-FIN),"₹12,999",4.6,"32 in, LED TV1366 x 768 pixelsWifi, EthernetSmart TV2 Speakers, 20 W OutputQuad Core A35 Processor, 1.5 GB RAM, 8 GB Storage2 HDMI Ports, 2 USB PortsDolby Audio",amazon,36
Blaupunkt 40QD7070 40 inch Full HD Smart LED TV,"₹13,499",4.75,"40 in, QLED TVFull HD, 1920 x 1080 pixelsWifi, EthernetSmart TV2 Speakers, 48 W OutputARM Cortex A55 Processor, 1 GB RAM, 8 GB StorageHDR3 HDMI Ports, 2 USB Ports",amazon,43
Hisense U7Q 65 inch Ultra HD 4K Smart Mini LED TV (65U7Q),"₹69,999",4.45,"65 in, Mini LED TV4K Resolution, 3840 x 2160 pixelsWifi, EthernetSmart TV2 Speakers, 20 W OutputHDR, Dolby Vision4 HDMI Ports, 2 USB PortsDolby Atmos",flipkart,73
Sony Bravia II S22BM2 43 inch Ultra HD 4K Smart LED TV (K-43S22BM2),"₹45,990",4.3,"43 in, LED TV4K Resolution, 3840 x 2160 pixelsWifi, EthernetSmart TV2 Speakers, 20 W OutputHDR4 HDMI Ports, 2 USB PortsDolby Audio, Dolby Atmos",amazon,53
Sony Bravia II S25BM2 55 inch Ultra HD 4K Smart LED TV (K-55S25BM2),"₹61,990",4.45,"55 in, LED TV4K Resolution, 3840 x 2160 pixelsWifi, EthernetSmart TV2 Speakers, 20 W Output16 GB StorageHDR4 HDMI Ports, 2 USB Ports",amazon,58
TCL T89C 55 inch Ultra HD 4K Smart QLED TV (55T89C),"₹44,999",4,"55 in, QLED TV4K Resolution, 3840 x 2160 pixelsWifi, EthernetSmart TV35 W OutputA73 x4 1.3GHz Processor, 3 GB RAM, 32 GB StorageHDR, Dolby Vision4 HDMI Ports, 1 USB Ports",flipkart,62
Samsung H4550 32 inch HD Ready Smart LED TV (UA32H4550FUXXL),"₹16,490",4.05,"32 in, LED TV1366 x 768 pixelsSmart TV2 Speakers, 20 W OutputHDR2 HDMI Ports, 1 USB PortsSupports Apps & Games16:9 Ratio",croma,34
Samsung QEF1 55 inch Ultra HD 4K Smart QLED TV (QAQ55EF1AULXL),"₹43,990",4.1,"55 in, QLED TV4K Resolution, 3840 x 2160 pixelsWifi, EthernetSmart TV2 Speakers, 20 W OutputHDR, High Frame Rate (HFR)3 HDMI Ports, 1 USB PortsSupports Apps & Games",amazon,59
TCL S5K 43 inch Full HD Smart QLED TV (43S5K),"₹24,990",4.55,"43 in, QLED TVFull HD, 1920 x 1080 pixelsWifi, EthernetSmart TV2 Speakers, 20 W OutputHDR3 HDMI Ports, 2 USB PortsDolby Audio",amazon,45
Samsung QN70F 55 inch Ultra HD 4K Smart Neo QLED TV (QA55QN70FAUXXL),"₹68,999",4.25,"55 in, Mini LED TV4K Resolution, 3840 x 2160 pixelsWifi, EthernetSmart TV2 Speakers, 20 W OutputHDR, High Frame Rate (HFR)4 HDMI Ports, 2 USB PortsUltra Slim",amazon,66
Samsung UE81A 43 inch Ultra HD 4K Smart LED TV (UA43UE81AFULXL),"₹28,490",4.7,"43 in, LED TV4K Resolution, 3840 x 2160 pixelsWifi, EthernetSmart TV2 Speakers, 20 W OutputHDR, High Frame Rate (HFR)3 HDMI Ports, 1 USB PortsSupports Apps & Games",amazon,53
LG UT73 43 inch Ultra HD 4K Smart LED TV (43UT73506LA),"₹25,990",4.75,"43 in, LED TV4K Resolution, 3840 x 2160 pixelsWifi, EthernetSmart TV2 Speakers, 20 W OutputHDR3 HDMI Ports, 2 USB PortsSupports Apps & Games",croma,45
Toshiba C450M 43 inch Ultra HD 4K Smart QLED TV (43C450ME),"₹21,999",4,"43 in, QLED TV4K Resolution, 3840 x 2160 pixelsWifi, EthernetSmart TV2 Speakers, 24 W OutputMT9602 ProcessorHDR, Dolby Vision3 HDMI Ports, 2 USB Ports",flipkart,56
TCL C69B 43 inch Ultra HD Smart QLED TV (43C69B),"₹34,999",4.55,"43 in, QLED TV4K Resolution, 3840 x 2160 pixelsWifi, EthernetSmart TV2 Speakers, 30 W OutputAiPQ Processor Processor, 2 GB RAM, 32 GB StorageHDR, Dolby Vision, High Frame Rate (HFR)3 HDMI Ports, 1 USB Ports",flipkart,56
MarQ by Flipkart 43FHDCDQEE1B 43 inch Full HD Smart LED TV,"₹12,999",4.5,"43 in, LED TVFull HD, 1920 x 1080 pixelsWifiSmart TV2 Speakers, 24 W OutputQuad Core Processor, 512 MB RAM2 HDMI Ports, 2 USB Ports178 ° Viewing Angle",flipkart,32
Panasonic MX740 43 inch Ultra HD 4K Smart LED TV (TH-43MX740DX),"₹21,999",4.35,"43 in, LED TV4K Resolution, 3840 x 2160 pixelsWifi, EthernetSmart TV2 Speakers, 20 W Output2 GB RAM, 16 GB StorageHDR3 HDMI Ports, 2 USB Ports",croma,50
Sony Bravia X64L 43 inch Ultra HD 4K Smart LED Google TV (KD-43X64L),"₹34,999",4.05,"43 in, LED TV4K Resolution, 3840 x 2160 pixelsWifi, EthernetSmart TV2 Speakers, 20 W OutputHDR3 HDMI Ports, 1 USB PortsDolby Audio",croma,49
Samsung T4380 32 inch HD Ready Smart LED TV (UA32T4380AKXXL),"₹13,990",4.4,"32 in, LED TV1366 x 768 pixelsWifiSmart TV2 Speakers, 20 W Output2 HDMI Ports, 1 USB PortsScreen Mirroring60 Hz",croma,31
Kodak 40ST5040 40 inch Full HD Smart QLED TV,"₹15,999",4.25,"40 in, QLED TVFull HD, 1920 x 1080 pixelsWifi, EthernetSmart TV2 Speakers, 40 W Output1 GB RAM, 8 GB Storage3 HDMI Ports, 2 USB PortsDolby Audio",flipkart,42
LG evo AI QNED65 43 inch Ultra HD 4K Smart Mini LED TV (43QNED65BLA),"₹44,999",4.2,"43 in, Mini LED TV4K Resolution, 3840 x 2160 pixelsWifi, EthernetSmart TV2 Speakers, 20 W OutputHDR3 HDMI Ports, 1 USB PortsDolby Atmos",flipkart,55
LG evo AI QNED85BX 65 inch Ultra HD 4K Smart Mini LED TV (65QNED85BXA),"₹1,12,990",4.6,"65 in, Mini LED TV4K Resolution, 3840 x 2160 pixelsWifi, EthernetSmart TV2 Speakers, 20 W OutputHDR, Dolby Vision, High Frame Rate (HFR)4 HDMI Ports, 2 USB PortsDolby Atmos",croma,78
LG evo AI C6 48 inch Ultra HD 4K Smart OLED TV (OLED48C6PLA),"₹1,12,890",4.75,"48 in, OLED TV4K Resolution, 3840 x 2160 pixelsWifi, EthernetSmart TV2 Speakers, 20 W OutputHDR, Dolby Vision, High Frame Rate (HFR)4 HDMI Ports, 2 USB PortsDolby Atmos",croma,79
LG evo AI G6 77 inch Ultra HD 4K Smart OLED TV (OLED77G6PLA),"₹4,36,990",4.35,"77 in, OLED TV4K Resolution, 3840 x 2160 pixelsWifiSmart TV4 Speakers, 40 W OutputHDR, Dolby Vision, High Frame Rate (HFR)4 HDMI Ports, 3 USB PortsDolby Atmos",croma,87
TCL P7L 43 inch Ultra HD 4K Smart QLED TV (43P7L),"₹34,990",4.35,,croma,
TCL P7L 50 inch Ultra HD 4K Smart QLED TV (50P7L),"₹38,990",4.15,"50 in, QLED TV4K Resolution, 3840 x 2160 pixelsWifiSmart TV2 Speakers, 20 W Output16 GB StorageHDR, Dolby Vision3 HDMI Ports, 2 USB Ports",croma,58
TCL P6L 65 inch Ultra HD 4K Smart LED TV (65P6L),"₹54,990",4.25,"65 in, LED TV4K Resolution, 3840 x 2160 pixelsWifi, EthernetSmart TV2 Speakers, 24 W Output8 GB StorageHDR3 HDMI Ports",amazon,54
TCL P8L 55 inch Ultra HD 4K Smart QLED TV (55P8L),"₹52,990",4.2,"55 in, QLED TV4K Resolution, 3840 x 2160 pixelsWifi, EthernetSmart TV2 Speakers, 20 W OutputMediaTek Pentonic 700(MT9653) Processor, 32 GB StorageHDR, Dolby Vision4 HDMI Ports, 1 USB Ports",croma,69
TCL P8L 65 inch Ultra HD 4K Smart QLED TV (65P8L),"₹69,990",4.55,"65 in, QLED TV4K Resolution, 3840 x 2160 pixelsWifi, EthernetSmart TV2 Speakers, 20 W OutputMediaTek Pentonic 700(MT9653) Processor, 32 GB StorageHDR, Dolby Vision4 HDMI Ports, 1 USB Ports",croma,73
TCL T6D 55 inch Ultra HD 4K Smart QLED TV (55T6D),"₹41,990",4.4,"55 in, QLED TV4K Resolution, 3840 x 2160 pixelsWifi, EthernetSmart TV2 Speakers, 24 W Output2 GB RAM, 16 GB StorageHDR, Dolby Vision3 HDMI Ports, 1 USB Ports",amazon,59
TCL T6D 43 inch Ultra HD 4K Smart QLED TV (43T6D),"₹32,990",4.3,"43 in, QLED TV4K Resolution, 3840 x 2160 pixelsWifi, EthernetSmart TV2 Speakers, 24 W Output2 GB RAM, 16 GB StorageHDR, Dolby Vision3 HDMI Ports, 1 USB Ports",amazon,56
Samsung Vision AI UE85AH 65 inch Ultra HD 4K Smart LED TV (UA65UE85AHULXL),"₹62,990",4.55,"65 in, LED TV4K Resolution, 3840 x 2160 pixelsWifiSmart TV2 Speakers, 30 W OutputHDR3 HDMI Ports, 1 USB PortsSupports Apps & Games",amazon,63
Samsung M70H 55 inch Ultra HD 4K Smart Mini LED TV (UA55M70HAULXL),"₹62,990",4,"55 in, Mini LED TV4K Resolution, 3840 x 2160 pixelsWifi, EthernetSmart TV2 Speakers, 20 W OutputHDR3 HDMI Ports, 1 USB PortsSupports Apps & Games",croma,61
TCL T89D 55 inch Ultra HD 4K Smart QLED TV (55T89D),"₹51,999",4.65,"55 in, QLED TV4K Resolution, 3840 x 2160 pixelsWifi, EthernetSmart TV35 W Output3 GB RAM, 32 GB StorageHDR, Dolby Vision4 HDMI Ports, 1 USB Ports",flipkart,67
Motorola 85UHDGMMWBIQ 85 inch Ultra HD 4K Smart QD-Mini LED TV,"₹1,09,999",4.1,"85 in, Mini LED TV4K Resolution, 3840 x 2160 pixelsWifi, EthernetSmart TV2 Speakers, 20 W OutputMediaTek MTK 9618 Processor, 2 GB RAM, 64 GB StorageHDR, Dolby Vision, High Frame Rate (HFR)3 HDMI Ports, 3 USB Ports",flipkart,76
Realme TechLife 40FHDGQRDDRQ 40 inch Full HD Smart QLED TV,"₹18,199",4.45,"40 in, QLED TVFull HD, 1920 x 1080 pixelsWifi, EthernetSmart TV2 Speakers, 26 W OutputRealtek Processor, 1 GB RAM, 8 GB StorageHDR3 HDMI Ports, 2 USB Ports",flipkart,44
Samsung UE84AH 43 inch Ultra HD 4K Smart LED TV (UA43UE84AHULXL),"₹31,490",4.3,"43 in, LED TV4K Resolution, 3840 x 2160 pixelsWifiSmart TV2 Speakers, 30 W OutputHDR3 HDMI Ports, 1 USB PortsSupports Apps & Games",flipkart,54
Toshiba E350SP 55 inch Ultra HD 4K Smart LED TV (55E350SP),"₹39,990",4.6,"55 in, LED TV4K Resolution, 3840 x 2160 pixelsWifi, EthernetSmart TV30 W OutputHDR, Dolby Vision3 HDMI Ports, 3 USB PortsDolby Atmos",amazon,53
Samsung Vision AI UE85AH 55 inch Ultra HD 4K Smart LED TV (UA55UE85AHULXL),"₹44,990",4.2,"55 in, LED TV4K Resolution, 3840 x 2160 pixelsWifiSmart TV2 Speakers, 30 W OutputHDR3 HDMI Ports, 1 USB PortsSupports Apps & Games",amazon,59
Croma CREL055UGQ331852 55 inch Ultra HD 4K Smart QLED TV,"₹38,990",4.2,"55 in, QLED TV4K Resolution, 3840 x 2160 pixelsWifi, EthernetSmart TV2 Speakers, 24 W Output2 GB RAM, 32 GB StorageHDR3 HDMI Ports, 2 USB Ports",croma,58
LG evo AI C6 55 inch Ultra HD 4K Smart OLED TV (OLED55C6PLA),"₹1,40,490",4.65,"55 in, OLED TV4K Resolution, 3840 x 2160 pixelsWifi, EthernetSmart TV2 Speakers, 20 W OutputHDR, Dolby Vision, High Frame Rate (HFR)4 HDMI Ports, 2 USB PortsDolby Atmos",croma,80
LG evo AI QNED82BX 55 inch Ultra HD 4K Smart Mini LED TV (55QNED82BXA),"₹68,490",4.55,"55 in, Mini LED TV4K Resolution, 3840 x 2160 pixelsWifi, EthernetSmart TV2 Speakers, 20 W OutputHDR, Dolby Vision, High Frame Rate (HFR)3 HDMI Ports, 1 USB PortsDolby Atmos",croma,67
VW Pro Series VW50GQ2 50 inch Ultra HD 4K Smart QLED TV,"₹25,999",4.5,"50 in, QLED TV4K Resolution, 3840 x 2160 pixelsWifi, EthernetSmart TV60 W OutputQuad Core Processor, 2 GB RAM, 32 GB StorageHDR3 HDMI Ports, 2 USB Ports",amazon,54
LG AI LB659 32 inch HD Ready Smart LED TV (32LB659BPLA),"₹18,390",4,"32 in, LED TV1366 x 768 pixelsWifi, EthernetSmart TV10 W OutputHDR2 HDMI Ports, 1 USB PortsDolby Atmos",croma,36
LG Nano AI NU885 50 inch Ultra HD 4K Smart LED TV (50NU885BPLA),"₹44,190",4.2,"50 in, LED TV4K Resolution, 3840 x 2160 pixelsWifi, EthernetSmart TV2 Speakers, 20 W OutputHDR3 HDMI Ports, 1 USB PortsDolby Atmos",croma,55
Samsung R85H 55 inch Ultra HD 4K Smart Micro RGB TV (MRA55R85HAULXL),"₹1,26,990",4.2,"55 in, Micro RGB TV4K Resolution, 3840 x 2160 pixelsWifi, EthernetSmart TV2 Speakers, 30 W OutputHDR, High Frame Rate (HFR)4 HDMI Ports, 2 USB PortsDolby Atmos",flipkart,75
LG AI NANO NU87 55 inch Ultra HD 4K Smart LED TV (55NU870BPLA),"₹45,999",4.05,"55 in, LED TV4K Resolution, 3840 x 2160 pixelsWifi, EthernetSmart TV2 Speakers, 20 W OutputHDR3 HDMI Ports, 1 USB PortsDolby Atmos",amazon,55
LG AI LB653 32 inch HD Ready Smart LED TV (32LB653BPLA),"₹17,690",4.55,"32 in, LED TV1366 x 768 pixelsWifiSmart TV2 Speakers, 10 W OutputHDR2 HDMI Ports, 1 USB PortsDolby Atmos",croma,38
LG AI LB655 32 inch HD Ready Smart LED TV (32LB655BPLA),"₹18,999",4.45,"32 in, LED TV1366 x 768 pixelsWifi, EthernetSmart TV10 W OutputHDR2 HDMI Ports, 1 USB PortsDolby Atmos",amazon,36
LG evo AI QNED82 65 inch Ultra HD 4K Smart Mini LED TV (65QNED82BLA),"₹96,999",4.35,"65 in, Mini LED TV4K Resolution, 3840 x 2160 pixelsWifi, EthernetSmart TV2 Speakers, 20 W Output2 GB RAM, 16 GB StorageHDR, Dolby Vision, High Frame Rate (HFR)3 HDMI Ports, 1 USB Ports",amazon,74
Motorola 32HDGQMSAQ 32 inch HD Ready Smart QLED TV,"₹11,699",4.75,"32 in, QLED TV1366 x 768 pixelsWifi, EthernetSmart TV2 Speakers, 40 W Output1 GB RAM, 8 GB Storage2 HDMI Ports, 2 USB PortsDolby Audio",flipkart,41
Motorola 55UHDGQMGSDQ 55 inch Ultra HD 4K Smart QLED TV,"₹32,999",4.7,"55 in, QLED TV4K Resolution, 3840 x 2160 pixelsWifi, EthernetSmart TV50 W Output2 GB RAM, 32 GB StorageHDR, Dolby Vision3 HDMI Ports, 2 USB Ports",flipkart,62
Xiaomi MagiQ S 65 inch Ultra HD 4K Smart Mini LED TV (L65MC-IN),"₹71,999",4.7,"65 in, Mini LED TV4K Resolution, 3840 x 2160 pixelsWifi, EthernetSmart TV4 Speakers, 34 W OutputQuad cortex A55 Processor, 2 GB RAM, 32 GB StorageHDR, Dolby Vision3 HDMI Ports, 1 USB Ports",amazon,67
Acerpure Nitro Z 43 inch Ultra HD 4K Smart QLED TV (AP43UGMT96ELNZ5),"₹22,999",4.7,"42.52 in, QLED TV4K Resolution, 3840 x 2160 pixelsWifi, EthernetSmart TV2 Speakers, 40 W Output2 GB RAM, 32 GB StorageHDR3 HDMI Ports, 2 USB Ports",flipkart,56
Foxsky 40FS QLED 40 inch Full HD QLED TV,"₹11,999",4.5,"40 in, QLED TVFull HD, 1920 x 1080 pixelsWifiSmart TV2 Speakers, 30 W Output8 GB Storage3 HDMI Ports, 2 USB PortsSupports Apps & Games",flipkart,36
Xiaomi X Pro 2025 75 inch Ultra HD 4K Smart QLED TV (L75MB-APIN),"₹75,975",4.35,"75 in, QLED TV4K Resolution, 3840 x 2160 pixelsWifi, EthernetSmart TV34 W OutputQuad Core Processor, 2 GB RAM, 32 GB StorageHDR, Dolby Vision3 HDMI Ports, 2 USB Ports",flipkart,68
LG QNED92 55 inch Ultra HD 4K Smart Mini LED TV (55QNED92ALA),"₹84,990",4.3,"55 in, Mini LED TV4K Resolution, 3840 x 2160 pixelsWifi, EthernetSmart TV2 Speakers, 20 W OutputHDR, Dolby Vision, High Frame Rate (HFR)4 HDMI Ports, 2 USB PortsDolby Atmos",flipkart,67
Foxsky FS43MINILED 43 inch Ultra HD 4K Smart Mini LED TV,"₹20,499",4.1,"43 in, Mini LED TV4K Resolution, 3840 x 2160 pixelsEthernetSmart TV2 Speakers, 40 W Output1 GB RAM, 8 GB Storage2 HDMI Ports, 2 USB PortsSupports Apps & Games",flipkart,45
Philips 65MLED610/94 65 inch Ultra HD 4K Smart Mini LED TV,"₹57,999",4.7,"65 in, Mini LED TV4K Resolution, 3840 x 2160 pixelsWifi, EthernetSmart TV2 Speakers, 36 W Output2 GB RAM, 32 GB StorageHDR, Dolby Vision3 HDMI Ports, 2 USB Ports",amazon,68
VW Pro Series 43 inch Ultra HD 4K Smart QLED TV (VW43GQ1),"₹21,999",4.65,"43 in, QLED TV4K Resolution, 3840 x 2160 pixelsWifi, EthernetSmart TV2 Speakers, 48 W Output2 GB RAM, 16 GB StorageHDR3 HDMI Ports, 2 USB Ports",flipkart,50
Hisense Q6Q 43 inch Ultra HD 4K Smart QLED TV (43Q6Q),"₹27,490",4.2,"43 in, QLED TV4K Resolution, 3840 x 2160 pixelsWifi, EthernetSmart TV2 Speakers, 20 W OutputHi-View Engine Processor, 2 GB RAM, 16 GB StorageHDR, Dolby Vision3 HDMI Ports, 2 USB Ports",flipkart,56
Hisense U8Q Series 75 inch Ultra HD 4K Smart Mini LED TV (75U8Q),"₹1,59,999",4.75,"75 in, Mini LED TV4K Resolution, 3840 x 2160 pixelsWifi, EthernetSmart TV90 W OutputQuad Core ProcessorHDR, Dolby Vision3 HDMI Ports, 2 USB Ports",amazon,84
VW Nano Sync Series 55 inch Ultra HD 4K Smart QLED TV (VW55JQ1),"₹23,799",4,"55 in, QLED TV4K Resolution, 3840 x 2160 pixelsWifi, EthernetSmart TV2 Speakers, 40 W Output2 GB RAM, 16 GB StorageHDR3 HDMI Ports, 2 USB Ports",flipkart,50
Thomson NeoX 55 inch Ultra HD 4K Smart QLED TV (55NEOX0011),"₹32,999",4.55,"55 in, QLED TV4K Resolution, 3840 x 2160 pixelsWifiSmart TV70 W OutputMT9062 Processor, 2 GB RAM, 32 GB StorageHDR, Dolby Vision3 HDMI Ports, 2 USB Ports",flipkart,60
Hisense E75Q 43 inch Ultra HD 4K Smart QLED TV (43E75Q),"₹28,990",4.2,"43 in, QLED TV4K Resolution, 3840 x 2160 pixelsWifi, EthernetSmart TV4 Speakers, 48 W OutputHDR3 HDMI Ports, 2 USB PortsSupports Apps & Games",amazon,50
Acer Ultra I Series 43 inch Ultra HD 4K Smart LED TV (AR43UDGGU2875BD),"₹22,999",4.3,"43 in, LED TV4K Resolution, 3840 x 2160 pixelsWifi, EthernetSmart TV2 Speakers, 30 W OutputDual Core Processor, 2 GB RAM, 16 GB StorageHDR, Dolby Vision3 HDMI Ports, 2 USB Ports",flipkart,51
Acerpure Nitro 75 inch Ultra HD 4K Smart QLED TV (AP75UG75PNTO5),"₹53,999",4.25,"75 in, QLED TV4K Resolution, 3840 x 2160 pixelsWifi, EthernetSmart TV50 W Output2 GB RAM, 16 GB StorageHDR, Dolby Vision3 HDMI Ports, 2 USB Ports",flipkart,67
Blaupunkt BP43JQD0016 43 inch Ultra HD 4K Smart QLED TV,"₹18,499",4.1,"43 in, QLED TV4K Resolution, 3840 x 2160 pixelsWifi, EthernetSmart TV2 Speakers, 40 W OutputAmlogic Chipset Processor, 2 GB RAM, 8 GB Storage3 HDMI Ports, 2 USB PortsDolby Audio",flipkart,43
Acerpure Nitro 55 inch Ultra HD 4K Smart QLED TV (AP55UG75PNTO5),"₹29,999",4.6,"55 in, QLED TV4K Resolution, 3840 x 2160 pixelsWifi, EthernetSmart TV50 W Output2 GB RAM, 16 GB StorageHDR, Dolby Vision3 HDMI Ports, 2 USB Ports",flipkart,60
Panasonic TH-32PS660DX 32 inch HD Ready Smart LED TV,"₹13,999",4.1,"32 in, LED TV1366 x 768 pixelsWifiSmart TV2 Speakers, 20 W OutputQuad Core Processor, 1.5 GB RAM, 16 GB Storage2 HDMI Ports, 1 USB PortsSupports Apps & Games",flipkart,35
TCL S5K 50 inch Full HD Smart QLED TV (50S5K),"₹29,990",4.7,"50 in, QLED TVFull HD, 1920 x 1080 pixelsWifi, EthernetSmart TV2 Speakers, 20 W OutputHDR3 HDMI Ports, 2 USB PortsDolby Audio",amazon,47
Realme TechLife 55UHDGQRDDVQ 55 inch Ultra HD 4K Smart LED TV,"₹31,499",4.05,"55 in, QLED TV4K Resolution, 3840 x 2160 pixelsWifi, EthernetSmart TV2 Speakers, 40 W OutputQuad Core Processor, 16 GB Storage3 HDMI Ports, 2 USB PortsSupports Apps & Games",flipkart,48
Vu GloQLED Series 50 inch Ultra HD 4K Smart QLED TV (50GLOQLED25),"₹28,599",4.75,"50 in, QLED TV4K Resolution, 3840 x 2160 pixelsWifi, EthernetSmart TV2 Speakers, 24 W Output1.5GHz VuOn Processor Processor, 2 GB RAM, 16 GB StorageHDR, Dolby Vision3 HDMI Ports, 2 USB Ports",flipkart,61
Xiaomi A Series 2025 32 inch HD Ready Smart LED TV (L32MB-AIN),"₹13,999",4.5,"32 in, LED TV1366 x 768 pixelsWifi, EthernetSmart TV2 Speakers, 20 W OutputA53 Quad Core Processor, 1 GB RAM, 8 GB Storage2 HDMI Ports, 2 USB PortsDolby Audio",amazon,33
TCL C72K 55 inch Ultra HD 4K Smart Mini LED TV (55C72K),"₹79,999",4.2,"55 in, Mini LED TV4K Resolution, 3840 x 2160 pixelsWifi, EthernetSmart TV2 Speakers, 20 W OutputA73 Processor, 3 GB RAM, 64 GB StorageHDR, Dolby Vision, High Frame Rate (HFR)4 HDMI Ports, 1 USB Ports",flipkart,71
Philips Lumina Series 50 inch Ultra HD 4K Smart QLED TV (50PQT8100/94),"₹34,999",4.25,"50 in, QLED TV4K Resolution, 3840 x 2160 pixelsWifi, EthernetSmart TV30 W Output2 GB RAM, 32 GB StorageHDR, Dolby Vision3 HDMI Ports, 2 USB Ports",amazon,60
TCL C7K 85 inch Ultra HD 4K Smart Mini LED TV (85C7K),"₹2,29,999",4.55,"85 in, Mini LED TV4K Resolution, 3840 x 2160 pixelsWifi, EthernetSmart TV60 W Output3 GB RAM, 64 GB StorageHDR, Dolby Vision3 HDMI Ports, 2 USB Ports",flipkart,78
Xiaomi G Series 32 inch HD Ready Smart QLED TV (L32MB-APIN),"₹12,999",4.15,"32 in, QLED TV1366 x 768 pixelsWifi, EthernetSmart TV2 Speakers, 20 W OutputQuad Core A53 Processor, 1 GB RAM, 8 GB Storage2 HDMI Ports, 2 USB PortsDolby Audio",flipkart,40
TCL C6K 65 inch Ultra HD 4K Smart Mini LED TV (65C6K),"₹68,656",4.65,"65 in, Mini LED TV4K Resolution, 3840 x 2160 pixelsWifi, EthernetSmart TV2 Speakers, 20 W OutputHDR, Dolby Vision3 HDMI PortsDolby Atmos",flipkart,66
Coocaa 32Q74 32 inch HD Ready Smart QLED TV,"₹8,999",4.6,"32 in, QLED TV1366 x 768 pixelsWifi, EthernetSmart TV2 Speakers, 30 W OutputA55, 1.5GHz Processor, 8 GB StorageHDR2 HDMI Ports, 2 USB Ports",flipkart,38
LG UA8200 50 inch Ultra HD 4K Smart LED TV (50UA82006LA),"₹38,990",4.55,"50 in, LED TV4K Resolution, 3840 x 2160 pixelsWifi, EthernetSmart TV2 Speakers, 20 W Output2 GB RAM, 8 GB StorageHDR3 HDMI Ports, 1 USB Ports",flipkart,51
TCL C6KS 55 inch Ultra HD 4K Smart Mini LED TV (55C6KS),"₹44,999",4.05,"55 in, Mini LED TV4K Resolution, 3840 x 2160 pixelsWifi, EthernetSmart TV2 Speakers, 20 W OutputHDR, Dolby Vision3 HDMI Ports, 1 USB PortsDolby Atmos",flipkart,59
Hisense E7Q 65 inch Ultra HD 4K Smart QLED TV (65E7Q),"₹49,999",4.3,"65 in, QLED TV4K Resolution, 3840 x 2160 pixelsWifi, EthernetSmart TV30 W OutputHDR, Dolby Vision, High Frame Rate (HFR)3 HDMI Ports, 2 USB PortsDolby Atmos",flipkart,67
Hisense U7Q 75 inch Ultra HD 4K Smart Mini LED TV (75U7Q),"₹99,999",4.3,"75 in, Mini LED TV4K Resolution, 3840 x 2160 pixelsWifi, EthernetSmart TV2 Speakers, 20 W OutputHDR, Dolby Vision4 HDMI Ports, 2 USB PortsDolby Atmos",amazon,78
Sony Bravia II S25BM2 75 inch Ultra HD 4K Smart LED TV (K-75S25BM2),"₹1,21,990",4.65,"75 in, LED TV4K Resolution, 3840 x 2160 pixelsWifi, EthernetSmart TV2 Speakers, 20 W Output16 GB StorageHDR4 HDMI Ports, 2 USB Ports",amazon,67
Hisense E7Q Series 43 inch Ultra HD 4K Smart QLED TV (43E7Q),"₹26,999",4.35,"43 in, QLED TV4K Resolution, 3840 x 2160 pixelsWifi, EthernetSmart TV30 W OutputHDR, Dolby Vision3 HDMI Ports, 2 USB PortsDolby Atmos",amazon,59
TCL V6C 43 inch Ultra HD 4K Smart LED TV (43V6C),"₹27,990",4.4,"43 in, LED TV4K Resolution, 3840 x 2160 pixelsWifi, EthernetSmart TV20 Speakers, 10 W OutputQuad Core Processor, 2 GB RAM, 16 GB StorageHDR3 HDMI Ports, 1 USB Ports",amazon,48
TCL Q6CS 65 inch Ultra HD 4K Smart Mini LED TV (65Q6CS),"₹63,999",4.75,"65 in, Mini LED TV4K Resolution, 3840 x 2160 pixelsWifi, EthernetSmart TV40 W OutputCA75*2 + CA55*2 Processor, 2 GB RAM, 16 GB StorageHDR, Dolby Vision3 HDMI Ports, 1 USB Ports",flipkart,69
Sony Bravia 2 II S25M2 55 inch Ultra HD 4K Smart LED TV (K-55S25M2),"₹65,990",4.6,"55 in, LED TV4K Resolution, 3840 x 2160 pixelsWifi, EthernetSmart TV2 Speakers, 20 W Output16 GB StorageHDR4 HDMI Ports, 2 USB Ports",amazon,56
Motorola Envision X 2025 55 inch Ultra HD 4K Smart QLED TV (55UHDGQMVSAQ),"₹32,999",4.35,"55 in, QLED TV4K Resolution, 3840 x 2160 pixelsWifi, EthernetSmart TV2 Speakers, 48 W OutputMediatek Processor Processor, 2 GB RAM, 32 GB StorageHDR, Dolby Vision3 HDMI Ports, 2 USB Ports",flipkart,57
Haier M80F 55 inch Ultra HD 4K Smart Mini LED TV (H55M80FUX),"₹66,990",4.25,"55 in, Mini LED TV4K Resolution, 3840 x 2160 pixelsWifiSmart TV50 W Output2 GB RAM, 32 GB StorageHDR, Dolby Vision4 HDMI Ports, 2 USB Ports",croma,69
Motorola Envision X 2025 65 inch Ultra HD 4K Smart QLED TV (65UHDGQMVSAQ),"₹45,999",4.05,"65 in, QLED TV4K Resolution, 3840 x 2160 pixelsWifi, EthernetSmart TV2 Speakers, 48 W OutputMediatek Processor Processor, 2 GB RAM, 32 GB StorageHDR, Dolby Vision3 HDMI Ports, 2 USB Ports",flipkart,60
Samsung UE84AF 43 inch Ultra HD Smart LED TV (UA43UE84AFUXXL),"₹28,990",4.05,"43 in, LED TV4K Resolution, 3840 x 2160 pixelsWifi, EthernetSmart TV2 Speakers, 20 W OutputHDR, High Frame Rate (HFR)3 HDMI Ports, 1 USB PortsSupports Apps & Games",flipkart,52
Xiaomi FX Series 43 inch Ultra HD 4K Smart Fire TV (L43MB-FIN),"₹23,999",4.4,"43 in, LED TV4K Resolution, 3840 x 2160 pixelsWifi, EthernetSmart TV2 Speakers, 24 W OutputQuad Core A55 Processor, 2 GB RAM, 32 GB StorageHDR3 HDMI Ports, 2 USB Ports",amazon,48
Samsung S95F 65 inch Ultra HD 4K Smart OLED TV (QA65S95FAUXXL),"₹1,98,890",4.4,"65 in, OLED TV4K Resolution, 3840 x 2160 pixelsWifi, EthernetSmart TV70 W OutputHDR, High Frame Rate (HFR)4 HDMI Ports, 4 USB PortsDolby Atmos",croma,83
Samsung H4520 32 inch HD Ready Smart LED TV (UA32H4520FUXXL),"₹15,989",4.5,"32 in, LED TV1366 x 768 pixelsWifiSmart TV2 Speakers, 20 W OutputHDR2 HDMI Ports, 1 USB PortsSupports Apps & Games",flipkart,37
Samsung QN70F 65 inch Ultra HD 4K Smart Neo QLED TV (QA65QN70FAUXXL),"₹1,02,999",4.2,"65 in, Mini LED TV4K Resolution, 3840 x 2160 pixelsWifi, EthernetSmart TV2 Speakers, 20 W OutputHDR, High Frame Rate (HFR)4 HDMI Ports, 2 USB PortsUltra Slim",flipkart,71
Xiaomi X Series 2025 55 inch Ultra HD 4K Smart LED TV (L55MB-AIN),"₹36,999",4.7,"55 in, LED TV4K Resolution, 3840 x 2160 pixelsWifi, EthernetSmart TV2 Speakers, 34 W OutputQuad Core A55 Processor, 2 GB RAM, 8 GB StorageHDR, Dolby Vision3 HDMI Ports, 2 USB Ports",amazon,55
Samsung S90F 55 inch Ultra HD 4K Smart OLED TV (QA55S90FAEXXL),"₹1,04,999",4.55,"55 in, OLED TV4K Resolution, 3840 x 2160 pixelsWifi, EthernetSmart TV40 W OutputHDR, High Frame Rate (HFR)4 HDMI Ports, 2 USB PortsDolby Atmos",flipkart,78
Samsung QN90F 65 inch Ultra HD 4K Smart Neo QLED TV (QA65QN90FAUXXL),"₹1,72,491",4.6,"65 in, Mini LED TV4K Resolution, 3840 x 2160 pixelsWifi, EthernetSmart TV60 W OutputHDR, High Frame Rate (HFR)4 HDMI Ports, 2 USB PortsDolby Atmos",flipkart,77
Hisense E7Q PRO Series 55 inch Ultra HD 4K Smart QLED TV (55E7Q PRO),"₹40,999",4.55,"55 in, QLED TV4K Resolution, 3840 x 2160 pixelsWifi, EthernetSmart TV2 Speakers, 20 W OutputHDR, Dolby Vision, High Frame Rate (HFR)4 HDMI Ports, 2 USB PortsDolby Atmos",amazon,67
TCL P6K 43 inch Ultra HD 4K Smart LED TV (43P6K),"₹25,900",4.5,"43 in, LED TV4K Resolution, 3840 x 2160 pixelsWifi, EthernetSmart TV2 Speakers, 20 W OutputHDR3 HDMI Ports, 1 USB PortsDolby Audio",flipkart,46
iFFALCON U65 65 inch Ultra HD 4K Smart LED TV (65U65),"₹39,999",4.2,"65 in, LED TV4K Resolution, 3840 x 2160 pixelsWifi, EthernetSmart TV2 Speakers, 20 W OutputCA75+CA55 1.3GHz Processor, 2 GB RAM, 16 GB StorageHDR3 HDMI Ports, 1 USB Ports",flipkart,51
TCL V5C 40 inch Full HD Smart QLED TV (40V5C),"₹20,990",4.05,"40 in, QLED TVFull HD, 1920 x 1080 pixelsWifi, EthernetSmart TV2 Speakers, 24 W OutputQuad Core Processor Processor, 1 GB RAM, 8 GB Storage2 HDMI Ports, 1 USB PortsDolby Audio",amazon,42
TCL T6C 55 inch Ultra HD 4K Smart QLED TV (55T6C),"₹40,999",4.7,"55 in, QLED TV4K Resolution, 3840 x 2160 pixelsWifi, EthernetSmart TV2 Speakers, 20 W OutputCA75 + CA55 1.3GHz Processor, 2 GB RAM, 16 GB StorageHDR, Dolby Vision3 HDMI Ports, 1 USB Ports",flipkart,61
iFFALCON S55 40 inch Full HD Smart LED TV (40S55),"₹18,999",4.7,"40 in, LED TVFull HD, 1920 x 1080 pixelsWifiSmart TV2 Speakers, 24 W OutputCA55x4 @1.1GHz Processor, 1 GB RAM, 8 GB StorageHDR2 HDMI Ports, 1 USB Ports",flipkart,38
Samsung Q7F 55 inch Ultra HD 4K Smart QLED TV (QA55Q7FAAULXL),"₹52,490",4.7,"55 in, QLED TV4K Resolution, 3840 x 2160 pixelsWifi, EthernetSmart TV2 Speakers, 20 W OutputHDR, High Frame Rate (HFR)3 HDMI Ports, 1 USB PortsSupports Apps & Games",amazon,56
Samsung U8100F 43 inch Ultra HD 4K Smart LED TV (UA43U8100FULXL),"₹30,590",4.2,"43 in, LED TV4K Resolution, 3840 x 2160 pixelsWifiSmart TV2 Speakers, 20 W OutputHDR, High Frame Rate (HFR)3 HDMI Ports, 1 USB PortsSupports Apps & Games",croma,50
Samsung Q7F 43 inch Ultra HD 4K Smart QLED TV (QA43Q7FAAULXL),"₹39,852",4.6,"43 in, QLED TV4K Resolution, 3840 x 2160 pixelsWifi, EthernetSmart TV2 Speakers, 20 W OutputHDR, High Frame Rate (HFR)3 HDMI Ports, 1 USB PortsSupports Apps & Games",flipkart,54
Lumio Vision 7 43 inch Ultra HD 4K Smart QLED TV (FTW1-ADSG),"₹28,999",4.7,"43 in, QLED TV4K Resolution, 3840 x 2160 pixelsWifi, EthernetSmart TV24 W OutputBOSS Processor Processor, 3 GB RAM, 16 GB StorageHDR, Dolby Vision3 HDMI Ports, 3 USB Ports",flipkart,57
Xiaomi X Pro 2025 65 inch Ultra HD 4K Smart QLED TV (L65MB-APIN),"₹55,999",4.25,"65 in, QLED TV4K Resolution, 3840 x 2160 pixelsWifi, EthernetSmart TV2 Speakers, 34 W OutputQuad Core Processor, 2 GB RAM, 32 GB StorageHDR, Dolby Vision3 HDMI Ports, 2 USB Ports",amazon,67
TCL S4K 32 inch HD Ready Smart QLED TV (32S4K),"₹14,990",4,"32 in, QLED TV1366 x 768 pixelsWifiSmart TV2 Speakers, 16 W OutputQuad Core Processor, 8 GB StorageHDR3 HDMI Ports, 2 USB Ports",amazon,39
Thomson Alpha 24 inch HD Ready Smart QLED TV (24AlphaQ001),"₹6,799",4.3,"24 in, LED TV1366 x 768 pixelsWifiSmart TV24 W OutputA35 x 4 Processor, 512 MB RAM, 4 GB Storage2 HDMI Ports, 2 USB Ports178 ° Viewing Angle",flipkart,31
LG LR600 32 inch HD Ready Smart LED TV (32LR600B6LC),"₹15,990",4.1,"32 in, LED TV1366 x 768 pixelsWifi, EthernetSmart TV2 Speakers, 20 W Output1 GB RAM, 8 GB StorageHDR2 HDMI Ports, 1 USB Ports",croma,35
Thomson 43TJQ0012 43 inch Ultra HD 4K Smart QLED TV,"₹18,999",4.1,"43 in, QLED TV4K Resolution, 3840 x 2160 pixelsWifi, EthernetSmart TV2 Speakers, 40 W OutputARM Cortex A53 Processor, 2 GB RAM, 8 GB StorageHDR3 HDMI Ports, 2 USB Ports",flipkart,46
Foxsky FS55GATV 55 inch Ultra HD 4K Smart QLED TV,"₹27,999",4.45,"55 in, QLED TV4K Resolution, 3840 x 2160 pixelsWifi, EthernetSmart TV2 Speakers, 30 W Output2 GB RAM, 16 GB StorageHDR, Dolby Vision, High Frame Rate (HFR)2 HDMI Ports, 2 USB Ports",amazon,62
Vu Masterpiece Frame Series 2025 55 inch Ultra HD 4K Smart QLED TV (55MASTERPIECE),"₹49,990",4.15,"55 in, QLED TV4K Resolution, 3840 x 2160 pixelsWifi, EthernetSmart TV6 Speakers, 124 W Output3 GB RAM, 16 GB StorageHDR, Dolby Vision, High Frame Rate (HFR)3 HDMI Ports, 2 USB Ports",amazon,69
Foxsky 32FS 32 inch HD Ready Smart QLED TV,"₹8,999",4.1,"32 in, QLED TV1366 x 768 pixelsWifiSmart TV2 Speakers, 30 W OutputQuad-Core Processor ProcessorHDR3 HDMI Ports, 2 USB Ports",flipkart,39
Infinix 43GU1Q 43 inch Ultra HD 4K Smart QLED TV,"₹19,999",4.25,"43 in, QLED TV4K Resolution, 3840 x 2160 pixelsWifi, EthernetSmart TV2 Speakers, 40 W OutputQuad Core Processor, 2 GB RAM, 16 GB StorageHDR3 HDMI Ports, 2 USB Ports",flipkart,49
Acer Super Series 43 inch Ultra HD 4K Smart QLED TV (AR43QDXGU2875AT),"₹26,999",4.75,"43 in, QLED TV4K Resolution, 3840 x 2160 pixelsWifi, EthernetSmart TV60 W Output2 GB RAM, 16 GB StorageHDR, Dolby Vision3 HDMI Ports, 2 USB Ports",amazon,57
Realme TechLife CineSonic 65 inch Ultra HD 4K Smart LED TV (65UHDGDRWSXP),"₹35,999",4.15,"65 in, LED TV4K Resolution, 3840 x 2160 pixelsWifi, EthernetSmart TV2 Speakers, 44 W OutputMediaTek Processor, 2 GB RAM, 16 GB StorageHDR3 HDMI Ports, 2 USB Ports",flipkart,50
Realme TechLife CineSonic Q 50 inch Ultra HD 4K Smart QLED TV (50UHDGQRWSGQ),"₹28,999",4.25,"50 in, QLED TV4K Resolution, 3840 x 2160 pixelsWifi, EthernetSmart TV2 Speakers, 30 W OutputMediaTek Processor, 2 GB RAM, 16 GB StorageHDR, Dolby Vision3 HDMI Ports, 2 USB Ports",flipkart,54
Realme TechLife CineSonic 43 inch Ultra HD 4K Smart LED TV (43UHDGDRVS3E),"₹18,299",4.15,"43 in, LED TV4K Resolution, 3840 x 2160 pixelsWifi, EthernetSmart TV2 Speakers, 30 W OutputMediaTek Processor, 2 GB RAM, 16 GB StorageHDR3 HDMI Ports, 2 USB Ports",flipkart,45
Sony Bravia 3 S30 55 inch Ultra HD 4K Smart LED TV (K-55S30),"₹77,990",4.6,"55 in, LED TV4K Resolution, 3840 x 2160 pixelsWifi, EthernetSmart TV2 Speakers, 20 W Output16 GB StorageHDR, Dolby Vision4 HDMI Ports, 2 USB Ports",amazon,63
Haier S800QT 55 inch Ultra HD 4K Smart QLED TV (55S800QT),"₹50,400",4.55,"65 in, QLED TV4K Resolution, 3840 x 2160 pixelsWifi, EthernetSmart TV2 Speakers, 24 W Output2 GB RAM, 32 GB StorageHDR, Dolby Vision4 HDMI Ports, 2 USB Ports",flipkart,66
Sony Bravia 7 Series 55 inch Ultra HD 4K Smart Mini LED TV (K-55XR70),"₹1,49,990",4.6,"55 in, Mini LED TV4K Resolution, 3840 x 2160 pixelsWifi, EthernetSmart TV4 Speakers, 40 W Output32 GB StorageHDR, Dolby Vision, High Frame Rate (HFR)4 HDMI Ports, 2 USB Ports",flipkart,80
Haier S800QT 43 inch Ultra HD 4K Smart QLED TV (43S800QT),"₹33,990",4.35,"43 in, QLED TV4K Resolution, 3840 x 2160 pixelsWifi, EthernetSmart TV2 Speakers, 24 W Output2 GB RAM, 32 GB StorageHDR, Dolby Vision4 HDMI Ports, 2 USB Ports",flipkart,61
Motorola Envision X Spectra 50 inch Ultra HD 4K Smart Mini LED TV (50UHDGMMWKRQ),"₹28,999",4.55,"50 in, Mini LED TV4K Resolution, 3840 x 2160 pixelsWifi, EthernetSmart TV2 Speakers, 20 W Output16 GB StorageHDR, Dolby Vision3 HDMI Ports, 2 USB Ports",flipkart,55
Samsung DUE70 43 inch Ultra HD 4K Smart LED TV (UA43DUE70BKLXL),"₹25,999",4.3,"43 in, LED TV4K Resolution, 3840 x 2160 pixelsWifi, EthernetSmart TV2 Speakers, 20 W OutputHDR3 HDMI Ports, 1 USB PortsSupports Apps & Games",flipkart,49
LG C3 55 inch Ultra HD 4K Smart OLED TV (OLED55C3PSA),"₹94,990",4.1,"55 in, OLED TV4K Resolution, 3840 x 2160 pixelsWifi, EthernetSmart TV2 Speakers, 40 W OutputHDR, Dolby Vision4 HDMI Ports, 3 USB PortsSupports Apps & Games",flipkart,72
Hisense E7K 43 inch Ultra HD 4K Smart QLED TV (43E7K),"₹21,199",4.7,"43 in, QLED TV4K Resolution, 3840 x 2160 pixelsWifi, EthernetSmart TV2 Speakers, 24 W OutputQuad Core Processor, 1 GB RAM, 8 GB StorageHDR, Dolby Vision3 HDMI Ports, 2 USB Ports",flipkart,55
Panasonic MX750 43 inch Ultra HD 4K Smart LED TV (TH-43MX750DX),"₹26,299",4.55,"43 in, LED TV4K Resolution, 3840 x 2160 pixelsWifi, EthernetSmart TV2 Speakers, 20 W Output2 GB RAM, 16 GB StorageHDR3 HDMI Ports, 2 USB Ports",croma,51
Foxsky 32 FSELS PRO 32 inch Full HD Smart LED TV,"₹8,299",4.4,"32 in, LED TVFull HD, 1920 x 1080 pixelsWifiSmart TV2 Speakers, 30 W Output2 HDMI Ports, 2 USB PortsSupports Apps & GamesScreen Mirroring",flipkart,31
MarQ 32HDCDQEE1B 32 Full HD Smart LED TV,"₹8,999",4.6,"32 in, LED TVFull HD, 1920 x 1080 pixelsWifiSmart TV2 Speakers, 24 W OutputQuad Core Processor2 HDMI Ports, 2 USB Ports178 ° Viewing Angle",flipkart,31
LG UR75 43 inch Ultra HD 4K Smart LED TV (43UR7500PSC),"₹25,999",4.55,"43 in, LED TV4K Resolution, 3840 x 2160 pixelsWifi, EthernetSmart TV2 Speakers, 20 W OutputHDR3 HDMI Ports, 2 USB PortsSupports Apps & Games",flipkart,49
Xiaomi Mi X Pro 50 inch Ultra HD 4K Smart LED TV (L50M8-5XIN),"₹29,999",4.4,"50 in, LED TV4K Resolution, 3840 x 2160 pixelsWifi, EthernetSmart TV2 Speakers, 40 W OutputA55 CPU Processor, 2 GB RAM, 16 GB StorageHDR, Dolby Vision3 HDMI Ports, 2 USB Ports",croma,54
Xiaomi Mi X Pro 43 inch Ultra HD 4K Smart LED TV (L43M8-5XIN),"₹24,999",4.15,"43 in, LED TV4K Resolution, 3840 x 2160 pixelsWifi, EthernetSmart TV2 Speakers, 30 W OutputA55 CPU Processor, 2 GB RAM, 16 GB StorageHDR, Dolby Vision3 HDMI Ports, 2 USB Ports",croma,53
Blaupunkt BLA49BU680 49-inch Ultra HD 4K Smart LED TV,"₹17,999",4.15,"49 in, LED TV4K Resolution, 3840 x 2160 pixelsWifi, EthernetSmart TV4 Speakers, 40 W OutputCortex-A53 Processor, 1 GB RAM, 8 GB Storage3 HDMI Ports, 2 USB Ports178 ° Viewing Angle",flipkart,42
Samsung The Frame LS03H 55 inch Ultra HD 4K Smart QLED TV (QA55LS03HEUXXL),"₹93,990",4.45,"55 in, QLED TV4K Resolution, 3840 x 2160 pixelsWifi, EthernetSmart TV2 Speakers, 20 W OutputHDR, High Frame Rate (HFR)4 HDMI Ports, 2 USB PortsDolby Atmos",croma,71
iFFLACON U65A 65 inch Ultra HD 4K Smart LED TV (65U65A),"₹44,999",4.45,"65 in, LED TV4K Resolution, 3840 x 2160 pixelsWifi, EthernetSmart TV2 Speakers, 24 W Output2 GB RAM, 16 GB Storage3 HDMI Ports, 1 USB PortsDolby Audio",flipkart,52
AKAI AL43GS-SF5P 43 inch Full HD Smart LED TV,"₹21,490",4.05,"43 in, LED TVFull HD, 1920 x 1080 pixelsSmart TV25 W OutputARM CA55 Quad-Core Processor, 1.5 GB RAM, 8 GB StorageHDR2 HDMI Ports, 1 USB PortsSupports Apps & Games",flipkart,38
iFFLACON U65A 43 inch Ultra HD 4K Smart LED TV (43U65A),"₹26,999",4.25,"43 in, LED TV4K Resolution, 3840 x 2160 pixelsWifi, EthernetSmart TV2 Speakers, 24 W Output2 GB RAM, 16 GB Storage3 HDMI Ports, 1 USB PortsDolby Audio",flipkart,48
Kodak 43FST5050 43 inch Full HD Smart QLED TV,"₹17,999",4.05,"43 in, QLED TVFull HD, 1920 x 1080 pixelsWifi, EthernetSmart TV2 Speakers, 40 W OutputRealtek Processor, 1 GB RAM, 8 GB Storage3 HDMI Ports, 2 USB PortsSupports Apps & Games",flipkart,42
Kodak 32ST5020 32 inch HD Ready Smart QLED TV,"₹11,999",4.35,"32 in, QLED TV1366 x 768 pixelsWifi, EthernetSmart TV2 Speakers, 40 W OutputRealtek Processor, 1 GB RAM, 8 GB Storage3 HDMI Ports, 2 USB PortsSupports Apps & Games",flipkart,38
LG evo AI QNED82 75 inch Ultra HD 4K Smart Mini LED TV (75QNED82BLA),"₹1,39,999",4.1,"75 in, Mini LED TV4K Resolution, 3840 x 2160 pixelsWifi, EthernetSmart TV2 Speakers, 20 W OutputHDR, Dolby Vision, High Frame Rate (HFR)3 HDMI Ports, 1 USB PortsDolby Atmos",flipkart,78
LG evo AI QNED85B 86 inch Ultra HD 4K Smart Mini LED TV (86QNED85BLA),"₹3,03,390",4,"86 in, Mini LED TV4K Resolution, 3840 x 2160 pixelsWifi, EthernetSmart TV2 Speakers, 20 W OutputHDR, Dolby Vision, High Frame Rate (HFR)4 HDMI Ports, 2 USB PortsDolby Atmos",croma,81
Sony Bravia 3 II 85 inch Ultra HD 4K Smart LED TV (K-85XR35M2),"₹2,95,690",4.25,"85 in, LED TV4K Resolution, 3840 x 2160 pixelsWifi, EthernetSmart TV2 Speakers, 20 W OutputHDR, Dolby Vision4 HDMI Ports, 2 USB PortsDolby Audio, Dolby Atmos",croma,77
TCL P7L 75 inch Ultra HD 4K Smart QLED TV (75P7L),"₹84,990",4.5,"75 in, QLED TV4K Resolution, 3840 x 2160 pixelsWifiSmart TV2 Speakers, 30 W Output16 GB StorageHDR, Dolby Vision3 HDMI Ports, 2 USB Ports",croma,67
TCL P6L 43 inch Ultra HD 4K Smart LED TV (43P6L),"₹31,990",4.15,"43 in, LED TV4K Resolution, 3840 x 2160 pixelsWifi, EthernetSmart TV2 Speakers, 24 W Output8 GB StorageHDR3 HDMI Ports",amazon,48
Samsung R85H 75 inch Ultra HD 4K Smart Micro RGB TV (MRA75R85HAULXL),"₹3,16,990",4.25,"75 in, Micro RGB TV4K Resolution, 3840 x 2160 pixelsWifi, EthernetSmart TV2 Speakers, 30 W OutputHDR, High Frame Rate (HFR)4 HDMI Ports, 2 USB PortsDolby Atmos",croma,82
TCL P6L 55 inch Ultra HD 4K Smart LED TV (55P6L),"₹39,990",4.65,"55 in, LED TV4K Resolution, 3840 x 2160 pixelsWifi, EthernetSmart TV2 Speakers, 24 W Output8 GB StorageHDR3 HDMI Ports",amazon,51
TCL T6D 65 inch Ultra HD 4K Smart QLED TV (65T6D),"₹58,990",4.55,"65 in, QLED TV4K Resolution, 3840 x 2160 pixelsWifi, EthernetSmart TV2 Speakers, 24 W Output2 GB RAM, 16 GB StorageHDR, Dolby Vision3 HDMI Ports, 1 USB Ports",amazon,62
LG evo AI G6 55 inch Ultra HD 4K Smart OLED TV (OLED55G6PLA),"₹1,81,490",4,"55 in, OLED TV4K Resolution, 3840 x 2160 pixelsWifiSmart TV4 Speakers, 40 W OutputHDR, Dolby Vision, High Frame Rate (HFR)4 HDMI Ports, 3 USB PortsDolby Atmos",croma,81
LG evo AI C6 77 inch Ultra HD 4K Smart OLED TV (OLED77C6PLA),"₹4,09,990",4.75,"77 in, OLED TV4K Resolution, 3840 x 2160 pixelsWifi, EthernetSmart TV2 Speakers, 20 W OutputHDR, Dolby Vision, High Frame Rate (HFR)4 HDMI Ports, 2 USB PortsDolby Atmos",croma,81
Samsung S90H 48 inch Ultra HD 4K Smart OLED TV (QA48S90HAELXL),"₹1,22,490",4.75,"48 in, OLED TV4K Resolution, 3840 x 2160 pixelsWifi, EthernetSmart TV2 Speakers, 20 W OutputHDR, High Frame Rate (HFR)4 HDMI Ports, 2 USB PortsDolby Atmos",croma,79
Samsung QN80H 55 inch Ultra HD 4K Smart QLED TV (55QN80HAUXXL),"₹1,00,990",4.45,"55 in, QLED TV4K Resolution, 3840 x 2160 pixelsWifi, EthernetSmart TV30 W OutputHDR, High Frame Rate (HFR)4 HDMI Ports, 2 USB PortsDolby Atmos",croma,72
Samsung U8500H 55 inch Ultra HD 4K Smart LED TV (UA55U8500HULXL),"₹54,790",4.4,"55 in, LED TV4K Resolution, 3840 x 2160 pixelsWifiSmart TV2 Speakers, 30 W OutputHDR, High Frame Rate (HFR)3 HDMI Ports, 1 USB PortsSupports Apps & Games",croma,58
Samsung QN70H 50 inch Ultra HD 4K Smart QLED TV (QA50QN70HAULXL),"₹60,990",4.5,"50 in, QLED TV4K Resolution, 3840 x 2160 pixelsWifi, EthernetSmart TV2 Speakers, 20 W OutputHDR3 HDMI Ports, 2 USB PortsSupports Apps & Games",croma,56
Samsung U8500H 85 inch Ultra HD 4K Smart LED TV (UA85U8500HULXL),"₹2,08,990",4.25,"85 in, LED TV4K Resolution, 3840 x 2160 pixelsWifiSmart TV2 Speakers, 20 W OutputHDR, High Frame Rate (HFR)3 HDMI Ports, 1 USB PortsSupports Apps & Games",croma,71
Samsung UE83AH 55 inch Ultra HD 4K Smart LED TV (UA55UE83AHULXL),"₹44,990",4.4,"55 in, LED TV4K Resolution, 3840 x 2160 pixelsWifiSmart TV2 Speakers, 30 W OutputHDR3 HDMI Ports, 1 USB PortsSupports Apps & Games",flipkart,57
LG Nano AI NU885 85 inch Ultra HD 4K Smart LED TV (85NU885BPLA),"₹2,01,690",4.4,"85 in, LED TV4K Resolution, 3840 x 2160 pixelsWifi, EthernetSmart TV2 Speakers, 20 W OutputHDR3 HDMI Ports, 1 USB PortsDolby Atmos",croma,70
TCL T89D 75 inch Ultra HD 4K Smart QLED TV (75T89D),"₹89,999",4.6,"75 in, QLED TV4K Resolution, 3840 x 2160 pixelsWifi, EthernetSmart TV35 W Output3 GB RAM, 32 GB StorageHDR, Dolby Vision4 HDMI Ports, 1 USB Ports",flipkart,73
Samsung Vision AI S85H 65 inch Ultra HD 4K Smart OLED TV (QA65S85HAELXL),"₹1,44,999",4.3,"65 in, OLED TV4K Resolution, 3840 x 2160 pixelsWifi, EthernetSmart TV2 Speakers, 20 W OutputHDR4 HDMI Ports, 2 USB PortsDolby Atmos",flipkart,77
VW Pro Series VW65GQ2 65 inch Ultra HD 4K Smart QLED TV,"₹39,999",4.45,"65 in, QLED TV4K Resolution, 3840 x 2160 pixelsWifi, EthernetSmart TV60 W OutputQuad Core Processor, 2 GB RAM, 32 GB StorageHDR3 HDMI Ports, 2 USB Ports",amazon,57
Hisense E5S 43 inch Full HD Smart QLED TV (43E5S),"₹21,999",4.6,"43 in, QLED TVFull HD, 1920 x 1080 pixelsWifi, EthernetSmart TV2 Speakers, 26 W OutputHDR3 HDMI Ports, 2 USB PortsDolby Audio",flipkart,45
Motorola 65UHDGMMWBIQ 65 inch Ultra HD 4K Smart QD-Mini LED TV,"₹55,999",4.55,"65 in, Mini LED TV4K Resolution, 3840 x 2160 pixelsWifi, EthernetSmart TV2 Speakers, 20 W OutputMediaTek MTK 9603 Processor, 2 GB RAM, 64 GB StorageHDR, Dolby Vision, High Frame Rate (HFR)3 HDMI Ports, 3 USB Ports",flipkart,68
Croma CREL032HGL024653 32 inch HD Ready Smart LED TV,"₹11,990",4.5,"32 in, LED TV1366 x 768 pixelsWifi, EthernetSmart TV2 Speakers, 20 W Output1 GB RAM, 8 GB StorageHDR2 HDMI Ports, 2 USB Ports",croma,38
Samsung S90H 55 inch Ultra HD 4K Smart OLED TV (QA55S90HAELXL),"₹1,44,490",4.45,"55 in, OLED TV4K Resolution, 3840 x 2160 pixelsWifi, EthernetSmart TV2 Speakers, 20 W OutputHDR, High Frame Rate (HFR)4 HDMI Ports, 2 USB PortsDolby Atmos",croma,80
Samsung M80H 65 inch Ultra HD 4K Smart Mini LED TV (65M80HAU),"₹1,03,790",4.4,"65 in, Mini LED TV4K Resolution, 3840 x 2160 pixelsWifi, EthernetSmart TV2 Speakers, 20 W OutputHDR, High Frame Rate (HFR)3 HDMI Ports, 1 USB PortsSupports Apps & Games",croma,73
Samsung M80H 75 inch Ultra HD 4K Smart Mini LED TV (75M80HAU),"₹1,53,790",4.65,"75 in, Mini LED TV4K Resolution, 3840 x 2160 pixelsWifi, EthernetSmart TV2 Speakers, 20 W OutputHDR, High Frame Rate (HFR)3 HDMI Ports, 1 USB PortsSupports Apps & Games",croma,74
Samsung Vision AI M2EH 75 inch Ultra HD 4K Smart Mini LED TV (UA75M2EHAULXL),"₹1,02,990",4.35,"75 in, Mini LED TV4K Resolution, 3840 x 2160 pixelsWifi, EthernetSmart TV2 Speakers, 20 W OutputHDR, High Frame Rate (HFR)3 HDMI Ports, 1 USB PortsSupports Apps & Games",flipkart,70
LG AI NANO NU87 50 inch Ultra HD 4K Smart LED TV (50NU870BPLA),"₹39,999",4.75,"50 in, LED TV4K Resolution, 3840 x 2160 pixelsWifi, EthernetSmart TV2 Speakers, 20 W OutputHDR3 HDMI Ports, 1 USB PortsDolby Atmos",amazon,52
Samsung QN2EH 55 inch Ultra HD 4K Smart QLED TV (QA55QN2EHAULXL),"₹70,990",4.25,"55 in, QLED TV4K Resolution, 3840 x 2160 pixelsWifiSmart TV2 Speakers, 20 W OutputHDR3 HDMI Ports, 2 USB PortsSupports Apps & Games",amazon,63
LG evo AI C6 65 inch Ultra HD 4K Smart OLED TV (OLED65C6PLA),"₹1,94,990",4,"65 in, OLED TV4K Resolution, 3840 x 2160 pixelsWifi, EthernetSmart TV2 Speakers, 20 W OutputHDR, Dolby Vision, High Frame Rate (HFR)4 HDMI Ports, 2 USB PortsDolby Atmos",croma,78
Samsung M70H 50 inch Ultra HD 4K Smart Mini LED TV (UA50M70HAULXL),"₹50,490",4.15,"50 in, Mini LED TV4K Resolution, 3840 x 2160 pixelsWifi, EthernetSmart TV2 Speakers, 20 W OutputHDR3 HDMI Ports, 1 USB PortsSupports Apps & Games",croma,59
Samsung M70H 65 inch Ultra HD 4K Smart Mini LED TV (UA65M70HAULXL),"₹88,990",4,"65 in, Mini LED TV4K Resolution, 3840 x 2160 pixelsWifi, EthernetSmart TV2 Speakers, 20 W OutputHDR3 HDMI Ports, 1 USB PortsSupports Apps & Games",amazon,66
Samsung M70H 85 inch Ultra HD 4K Smart Mini LED TV (UA85M70HAULXL),"₹2,33,390",4.2,"85 in, Mini LED TV4K Resolution, 3840 x 2160 pixelsWifi, EthernetSmart TV2 Speakers, 20 W OutputHDR3 HDMI Ports, 1 USB PortsSupports Apps & Games",croma,73
LG evo AI QNED82BX 65 inch Ultra HD 4K Smart Mini LED TV (65QNED82BXA),"₹1,02,290",4.5,"65 in, Mini LED TV4K Resolution, 3840 x 2160 pixelsWifi, EthernetSmart TV2 Speakers, 20 W OutputHDR, Dolby Vision, High Frame Rate (HFR)3 HDMI Ports, 1 USB PortsDolby Atmos",croma,73
Samsung M70H 75 inch Ultra HD 4K Smart Mini LED TV (UA75M70HAULXL),"₹1,20,990",4.75,"75 in, Mini LED TV4K Resolution, 3840 x 2160 pixelsWifi, EthernetSmart TV2 Speakers, 20 W OutputHDR3 HDMI Ports, 1 USB PortsSupports Apps & Games",amazon,70
Samsung Vision AI S95H 77 inch Ultra HD 4K Smart OLED TV (QA77S95HXULXL),"₹4,34,990",4.65,"77 in, OLED TV4K Resolution, 3840 x 2160 pixelsWifi, EthernetSmart TV70 W OutputHDR4 HDMI Ports, 3 USB PortsDolby Atmos",croma,87
Reliance RW32MP8676HD 32 inch HD Ready Smart LED TV,"₹10,490",4,"32 in, LED TV1366 x 768 pixelsWifiSmart TV2 Speakers, 24 W OutputA53 x 4 1.5 GHz Processor, 512 MB RAM, 4 GB StorageHDR3 HDMI Ports, 2 USB Ports",flipkart,30
Samsung QN70H 55 inch Ultra HD 4K Smart QLED TV (QA55QN70HAULXL),"₹86,990",4.75,"55 in, QLED TV4K Resolution, 3840 x 2160 pixelsWifi, EthernetSmart TV2 Speakers, 20 W OutputHDR3 HDMI Ports, 2 USB PortsSupports Apps & Games",croma,59
Samsung QN80H 75 inch Ultra HD 4K Smart QLED TV (75QN80HAUXXL),"₹1,89,990",4.1,"75 in, QLED TV4K Resolution, 3840 x 2160 pixelsWifi, EthernetSmart TV30 W OutputHDR, High Frame Rate (HFR)4 HDMI Ports, 2 USB PortsDolby Atmos",croma,78
Samsung QN80H 65 inch Ultra HD 4K Smart QLED TV (65QN80HAUXXL),"₹1,33,490",4.75,"65 in, QLED TV4K Resolution, 3840 x 2160 pixelsWifi, EthernetSmart TV30 W OutputHDR, High Frame Rate (HFR)4 HDMI Ports, 2 USB PortsDolby Atmos",croma,76
LG AI LB650 32 inch HD Ready Smart LED TV (32LB650BPLA),"₹17,499",4.75,"32 in, LED TV1366 x 768 pixelsWifi, EthernetSmart TV2 Speakers, 10 W OutputAlpha 5 AI Processor Gen9 Processor, 1.5 GB RAM, 8 GB StorageHDR2 HDMI Ports, 1 USB Ports",amazon,35
Samsung S90H 65 inch Ultra HD 4K Smart OLED TV (QA65S90HAELXL),"₹1,92,990",4.7,"65 in, OLED TV4K Resolution, 3840 x 2160 pixelsWifi, EthernetSmart TV2 Speakers, 20 W OutputHDR, High Frame Rate (HFR)4 HDMI Ports, 2 USB PortsDolby Atmos",flipkart,82
Hisense E6S Series 50 inch Ultra HD 4K Smart LED TV (50E6S),"₹31,990",4.5,"50 in, LED TV4K Resolution, 3840 x 2160 pixelsWifi, EthernetSmart TV30 W OutputHDR, Dolby Vision3 HDMI Ports, 2 USB PortsDolby Atmos",amazon,52
Hisense E6S Series 43 inch Ultra HD 4K Smart LED TV (43E6S),"₹26,990",4.4,"43 in, LED TV4K Resolution, 3840 x 2160 pixelsWifi, EthernetSmart TV30 W OutputHDR, Dolby Vision3 HDMI Ports, 2 USB PortsDolby Atmos",amazon,51
Toshiba E36RP Series 32 inch HD Ready Smart QLED TV (32E36RP),"₹15,990",4.15,"32 in, QLED TV1366 x 768 pixelsWifi, EthernetSmart TV26 W OutputHDR3 HDMI Ports, 2 USB PortsDolby Audio",amazon,42
Realme TechLife 43UHDGDRWSDB 43 inch Ultra HD 4K Smart LED TV,"₹22,499",4.2,"43 in, LED TV4K Resolution, 3840 x 2160 pixelsWifi, EthernetSmart TV2 Speakers, 30 W Output2 GB RAM, 32 GB StorageHDR3 HDMI Ports, 2 USB Ports",flipkart,46
Haier K85 Series 55 inch Ultra HD 4K Smart LED TV (H55K85FUX),"₹45,990",4.6,"55 in, LED TV4K Resolution, 3840 x 2160 pixelsWifi, EthernetSmart TV2 Speakers, 20 W Output4 HDMI Ports, 2 USB PortsSupports Apps & Games60 Hz, 16:9 Ratio",flipkart,45
realme TechLife 32HDGQRGSAQ 32 inch HD Ready Smart QLED TV,"₹11,199",4.3,"32 in, QLED TV1366 x 768 pixelsWifi, EthernetSmart TV2 Speakers, 20 W Output1 GB RAM, 8 GB StorageHDR2 HDMI Ports, 2 USB Ports",flipkart,42
Xiaomi MagiQ S 75 inch Ultra HD 4K Smart Mini LED TV (L75MC-IN),"₹99,999",4.3,"75 in, Mini LED TV4K Resolution, 3840 x 2160 pixelsWifi, EthernetSmart TV4 Speakers, 34 W OutputQuad cortex A55 Processor, 2 GB RAM, 32 GB StorageHDR, Dolby Vision3 HDMI Ports, 1 USB Ports",flipkart,71
realme TechLife 43UHDGQRASDQ 43 inch Ultra HD 4K Smart QLED TV,"₹23,499",4.15,"43 in, QLED TV4K Resolution, 3840 x 2160 pixelsWifi, EthernetSmart TV2 Speakers, 40 W Output2 GB RAM, 16 GB StorageHDR, Dolby Vision3 HDMI Ports, 2 USB Ports",flipkart,54
Philips 75MLED610/94 75 inch Ultra HD 4K Smart Mini LED TV,"₹89,999",4.2,"75 in, Mini LED TV4K Resolution, 3840 x 2160 pixelsWifi, EthernetSmart TV2 Speakers, 36 W Output2 GB RAM, 32 GB StorageHDR, Dolby Vision3 HDMI Ports, 2 USB Ports",amazon,73
Foxsky FS75MINILED 75 inch Ultra HD 4K Smart Mini LED TV,"₹64,999",4.65,"75 in, Mini LED TV4K Resolution, 3840 x 2160 pixelsEthernetSmart TV2 Speakers, 40 W Output1 GB RAM, 8 GB Storage2 HDMI Ports, 2 USB PortsSupports Apps & Games",flipkart,55
Onida 55UFD 55 inch Ultra HD 4K Smart LED TV,"₹30,999",4.3,"55 in, LED TV4K Resolution, 3840 x 2160 pixelsWifi, EthernetSmart TVHDR3 HDMI Ports, 2 USB PortsSupports Apps & Games60 Hz, 16:9 Ratio",amazon,43
Onida Q43UFD 43 inch Ultra HD 4K Smart QLED TV,"₹24,499",4.25,"43 in, QLED TV4K Resolution, 3840 x 2160 pixelsWifi, EthernetSmart TVHDR3 HDMI Ports, 2 USB PortsSupports Apps & Games60 Hz, 16:9 Ratio",amazon,43
Bush BH32S YPRO/Q 32 inch HD Ready Smart QLED TV,"₹8,499",4,"32 in, QLED TV1366 x 768 pixelsWifi, EthernetSmart TV2 Speakers, 20 W Output512 MB RAM, 8 GB Storage2 HDMI Ports, 2 USB PortsSupports Apps & Games",flipkart,33
Bush BH32S YPRO 32 inch HD Ready Smart LED TV,"₹8,299",4.2,"32 in, LED TV1366 x 768 pixelsWifi, EthernetSmart TV2 Speakers, 20 W Output512 MB RAM, 8 GB Storage2 HDMI Ports, 2 USB PortsSupports Apps & Games",flipkart,31
Bush BH43S YPRO/U 43 inch Ultra HD 4K Smart LED TV,"₹19,999",4.65,"43 in, LED TV4K Resolution, 3840 x 2160 pixelsWifi, EthernetSmart TV2 Speakers, 20 W Output512 MB RAM, 8 GB Storage2 HDMI Ports, 2 USB PortsSupports Apps & Games",flipkart,40
VW Pro Series 75 inch Ultra HD 4K Smart QLED TV (VW75GQ1),"₹55,199",4.15,"75 in, QLED TV4K Resolution, 3840 x 2160 pixelsWifiSmart TV2 Speakers, 48 W Output2 GB RAM, 16 GB StorageHDR3 HDMI Ports, 2 USB Ports",flipkart,57
LG AI UA7380 43 inch Ultra HD 4K Smart LED TV (43UA73806LA),"₹31,990",4.15,"43 in, LED TV4K Resolution, 3840 x 2160 pixelsWifi, EthernetSmart TV2 Speakers, 20 W OutputHDR3 HDMI Ports, 2 USB PortsSupports Apps & Games",flipkart,46
LG QNED92 75 inch Ultra HD 4K Smart Mini LED TV (75QNED92ALA),"₹1,89,999",4.35,"75 in, Mini LED TV4K Resolution, 3840 x 2160 pixelsWifi, EthernetSmart TV2 Speakers, 20 W OutputHDR, Dolby Vision, High Frame Rate (HFR)4 HDMI Ports, 2 USB PortsDolby Atmos",flipkart,74
Uniboom Optima 24 inch HD Ready Smart LED TV (24S-ULT-AED),"₹6,990",4.7,"24 in, LED TV1366 x 768 pixelsWifi, EthernetSmart TV30 W Output2 HDMI Ports, 1 USB PortsSupports Apps & Games60 Hz, 16:9 Ratio",amazon,30
RGL RGS4001 40 inch Full HD Smart LED TV,"₹17,987",4.25,"40 in, LED TVFull HD, 1920 x 1080 pixelsWifi, EthernetSmart TV30 W Output2 HDMI Ports, 2 USB PortsSupports Apps & GamesScreen Mirroring",flipkart,36
Onida Karaoke Series 65 inch Ultra HD 4K Smart LED TV (65UGID),"₹45,999",4.45,"65 in, LED TV4K Resolution, 3840 x 2160 pixelsWifi, EthernetSmart TV2 Speakers, 20 W OutputHDR, Dolby Vision3 HDMI Ports, 1 USB PortsDolby Atmos",flipkart,55
Onida Karaoke Series 50 inch Ultra HD 4K Smart LED TV (50UGFHD),"₹29,499",4.35,"50 in, LED TV4K Resolution, 3840 x 2160 pixelsWifi, EthernetSmart TV2 Speakers, 20 W OutputHDR, Dolby Vision3 HDMI Ports, 1 USB PortsDolby Atmos",flipkart,50
Onida Karaoke Series 55 inch Ultra HD 4K Smart LED TV (55UGFHD),"₹32,499",4.55,"55 in, LED TV4K Resolution, 3840 x 2160 pixelsWifi, EthernetSmart TV2 Speakers, 20 W OutputHDR, Dolby Vision3 HDMI Ports, 1 USB PortsDolby Atmos",flipkart,52
Croma CREL032HCL024601 32 inch HD Ready Smart LED TV,"₹9,990",4.15,"32 in, LED TV1366 x 768 pixelsWifi, EthernetSmart TV24 W Output1 GB RAM, 4 GB Storage3 HDMI Ports, 2 USB PortsSupports Apps & Games",croma,31
Onida Nexg Karaoke Series 55 inch Ultra HD 4K Smart QLED TV (Q55UGI120),"₹36,499",4.25,"55 in, QLED TV4K Resolution, 3840 x 2160 pixelsWifi, EthernetSmart TV20 W OutputHDR, Dolby Vision3 HDMI Ports, 2 USB PortsDolby Atmos",amazon,58
Wobble K Series 55 inch Ultra HD 4K Smart LED TV (WB55UDAGU2875D25),"₹32,999",4.45,"55 in, LED TV4K Resolution, 3840 x 2160 pixelsWifi, EthernetSmart TV36 W OutputQuad Core Processor, 2 GB RAM, 16 GB StorageHDR, Dolby Vision3 HDMI Ports, 2 USB Ports",flipkart,52
Foxsky FS50MINILED 50 inch Ultra HD 4K Smart Mini LED TV,"₹25,999",4.55,"50 in, Mini LED TV4K Resolution, 3840 x 2160 pixelsEthernetSmart TV2 Speakers, 40 W Output1 GB RAM, 8 GB Storage2 HDMI Ports, 2 USB PortsSupports Apps & Games",flipkart,47
Foxsky FS55MINILED 55 inch Ultra HD 4K Smart Mini LED TV,"₹30,999",4.3,"55 in, Mini LED TV4K Resolution, 3840 x 2160 pixelsEthernetSmart TV2 Speakers, 40 W Output1 GB RAM, 8 GB Storage2 HDMI Ports, 2 USB PortsSupports Apps & Games",flipkart,48
Foxsky FS65MINILED 65 inch Ultra HD 4K Smart Mini LED TV,"₹43,999",4.55,"65 in, Mini LED TV4K Resolution, 3840 x 2160 pixelsEthernetSmart TV2 Speakers, 40 W Output1 GB RAM, 8 GB Storage2 HDMI Ports, 2 USB PortsSupports Apps & Games",flipkart,51
Realme TechLife 50UHDGDRWSDB 50 inch Ultra HD 4K Smart LED TV,"₹28,999",4,"50 in, LED TV4K Resolution, 3840 x 2160 pixelsWifi, EthernetSmart TV2 Speakers, 30 W Output2 GB RAM, 32 GB StorageHDR3 HDMI Ports, 2 USB Ports",flipkart,47
Motorola 43UHDGQMWSDQ 43 inch Ultra HD 4K Smart QLED TV,"₹24,599",4.3,"43 in, QLED TV4K Resolution, 3840 x 2160 pixelsWifi, EthernetSmart TV2 Speakers, 30 W OutputMediatek Processor, 2 GB RAM, 32 GB StorageHDR3 HDMI Ports, 2 USB Ports",flipkart,47
Elista TDU50GA 50 inch Ultra HD 4K Smart LED TV,"₹27,021",4.05,"50 in, LED TV4K Resolution, 3840 x 2160 pixelsWifi, EthernetSmart TV2 Speakers, 20 W Output2 GB RAM, 16 GB StorageHDR3 HDMI Ports, 2 USB Ports",flipkart,45
Haier W4G 32 inch HD Ready Smart LED TV (32W4G),"₹15,990",4.3,"32 in, LED TV1366 x 768 pixelsWifi, EthernetSmart TV2 Speakers, 16 W Output1 GB RAM, 8 GB Storage2 HDMI Ports, 2 USB PortsSupports Apps & Games",amazon,33
Haier H5E 50 inch Ultra HD 4K Smart LED TV (50H5E),"₹36,490",4.6,"50 in, LED TV4K Resolution, 3840 x 2160 pixelsWifi, EthernetSmart TV2 Speakers, 20 W OutputARM Advanced Multi-Core Cortex CA55 Processor, 2 GB RAM, 32 GB StorageHDR4 HDMI Ports, 2 USB Ports",amazon,50
Haier H5E 43 inch Ultra HD 4K Smart LED TV (43H5E),"₹29,490",4.6,"43 in, LED TV4K Resolution, 3840 x 2160 pixelsWifi, EthernetSmart TV2 Speakers, 20 W OutputARM Advanced Multi-Core Cortex CA55 Processor, 2 GB RAM, 32 GB StorageHDR4 HDMI Ports, 2 USB Ports",amazon,48
Coocaa 65MINI75Q 65 inch Ultra HD 4K Smart Mini LED TV,"₹45,999",4.2,"65 in, Mini LED TV4K Resolution, 3840 x 2160 pixelsWifi, EthernetSmart TV2 Speakers, 36 W OutputA55 Quad core, 1.5GHz Processor, 2 GB RAM, 32 GB StorageHDR, Dolby Vision3 HDMI Ports, 2 USB Ports",amazon,64
Panasonic PX800D 55 inch Ultra HD 4K Smart LED TV (TH-55PX800DX),"₹48,990",4.45,"55 in, LED TV4K Resolution, 3840 x 2160 pixelsWifi, EthernetSmart TV2 Speakers, 20 W Output2 GB RAM, 16 GB StorageHDR, Dolby Vision3 HDMI Ports, 2 USB Ports",flipkart,61
Hisense Q6Q 55 inch Ultra HD 4K Smart QLED TV (55Q6Q),"₹39,190",4.35,"55 in, QLED TV4K Resolution, 3840 x 2160 pixelsWifi, EthernetSmart TV2 Speakers, 30 W OutputHi-View Engine Processor, 2 GB RAM, 16 GB StorageHDR, Dolby Vision3 HDMI Ports, 2 USB Ports",flipkart,60
Hisense Q6Q 65 inch Ultra HD 4K Smart QLED TV (65Q6Q),"₹53,890",4.15,"65 in, QLED TV4K Resolution, 3840 x 2160 pixelsWifi, EthernetSmart TV2 Speakers, 30 W OutputHi-View Engine Processor, 2 GB RAM, 16 GB StorageHDR, Dolby Vision3 HDMI Ports, 2 USB Ports",flipkart,63
VZY W43UHQG5 Ultra HD 4K Smart QLED TV,"₹27,500",4.55,"43 in, QLED TV4K Resolution, 3840 x 2160 pixelsWifi, EthernetSmart TV2 Speakers, 24 W Output2 GB RAM, 16 GB StorageHDR, Dolby Vision2 HDMI Ports, 2 USB Ports",amazon,54
Kodak IconiK Series 65 inch Ultra HD 4K Smart Mini LED TV (K65Mini502),"₹57,999",4.75,"65 in, Mini LED TV4K Resolution, 3840 x 2160 pixelsWifi, EthernetSmart TV6 Speakers, 108 W OutputMediaTek ProcessorHDR, Dolby Vision3 HDMI Ports, 2 USB Ports",amazon,67
Haier M92 75 inch Ultra HD 4K Smart Mini LED TV (H75M92FUX),"₹1,29,990",4.25,"75 in, Mini LED TV4K Resolution, 3840 x 2160 pixelsWifi, EthernetSmart TV2 Speakers, 50 W Output4 GB RAM, 64 GB StorageHDR, Dolby Vision4 HDMI Ports, 2 USB Ports",amazon,82
VZY X32HDLG5 32 inch HD Ready Smart LED TV,"₹15,990",4.2,"32 in, LED TV1366 x 768 pixelsWifiSmart TV2 Speakers, 20 W OutputAIPQ Processor, 1 GB RAM, 8 GB StorageHDR2 HDMI Ports, 2 USB Ports",amazon,36
Panasonic TH-65PX740DX 65 inch Ultra HD 4K Smart LED TV,"₹66,980",4.65,"65 in, LED TV4K Resolution, 3840 x 2160 pixelsWifi, EthernetSmart TV2 Speakers, 20 W Output2 GB RAM, 16 GB StorageHDR3 HDMI Ports, 2 USB Ports",flipkart,60
VZY X43UHQG5AV 43 inch Ultra HD 4K Smart QLED TV,"₹29,725",4.45,"43 in, QLED TV4K Resolution, 3840 x 2160 pixelsSmart TV40 W OutputCA55 x 4@1.5GHz Processor, 2 GB RAM, 16 GB StorageHDR, Dolby Vision2 HDMI Ports, 2 USB PortsDolby Atmos",flipkart,55
Acerpure Nitro 100 inch Ultra HD 4K Smart QLED TV (AP100UG75PNTO5),"₹2,09,999",4.7,"100 in, QLED TV4K Resolution, 3840 x 2160 pixelsWifi, EthernetSmart TV60 W Output3 GB RAM, 32 GB StorageHDR, Dolby Vision3 HDMI Ports, 2 USB Ports",flipkart,80
VZY X55UHQG5AV 55 inch Ultra HD 4K Smart QLED TV,"₹38,500",4.2,"55 in, QLED TV4K Resolution, 3840 x 2160 pixelsSmart TV50 W OutputARM Cortex –A72 x 2 +A55 x 2 Processor, 2 GB RAM, 16 GB StorageHDR, Dolby Vision3 HDMI Ports, 2 USB PortsDolby Atmos",amazon,55
Onida MZ50MIN 50 inch Ultra HD 4K Smart Mini LED TV,"₹43,999",4.45,"50 in, Mini LED TV4K Resolution, 3840 x 2160 pixelsWifi, EthernetSmart TV2 Speakers, 20 W OutputHDR, Dolby Vision3 HDMI Ports, 2 USB PortsDolby Atmos",amazon,57
Toshiba M450RP Series 50 inch Ultra HD 4K Smart QLED TV (50M450RP),"₹32,990",4,"50 in, QLED TV4K Resolution, 3840 x 2160 pixelsWifi, EthernetSmart TV2 Speakers, 24 W OutputHDR, Dolby Vision3 HDMI Ports, 2 USB PortsDolby Atmos",amazon,56
Toshiba M450RP Series 43 inch Ultra HD 4K Smart QLED TV (43M450RP),"₹31,990",4.7,"43 in, QLED TV4K Resolution, 3840 x 2160 pixelsWifi, EthernetSmart TV2 Speakers, 24 W OutputHDR, Dolby Vision3 HDMI Ports, 2 USB PortsDolby Atmos",amazon,55
Acer Ultra I Series 32 inch HD Ready Smart LED TV (AR32HDJGU2841BD),"₹11,999",4.5,"32 in, LED TV1366 x 768 pixelsWifiSmart TVHDR3 HDMI Ports, 2 USB PortsDolby AudioSupports Apps & Games",amazon,33
Onida Nexg Series 55 inch Ultra HD 4K Smart LED TV (55UZI),"₹29,499",4.45,"55 in, LED TV4K Resolution, 3840 x 2160 pixelsWifi, EthernetSmart TV2 Speakers, 20 W OutputHDR3 HDMI Ports, 2 USB PortsSupports Apps & Games",flipkart,46
Blaupunkt SonicQ 55 inch Ultra HD 4K Smart QLED TV (55SQ0303),"₹33,999",4.5,"55 in, QLED TV4K Resolution, 3840 x 2160 pixelsWifi, EthernetSmart TV80 W OutputMT9062 Processor, 2 GB RAM, 32 GB StorageHDR, Dolby Vision3 HDMI Ports, 2 USB Ports",flipkart,55
Thomson NeoX 65 inch Ultra HD 4K Smart QLED TV (65NEOX0011),"₹44,999",4,"65 in, QLED TV4K Resolution, 3840 x 2160 pixelsWifi, EthernetSmart TV70 W OutputMT9062 Processor, 2 GB RAM, 32 GB StorageHDR, Dolby Vision3 HDMI Ports, 2 USB Ports",flipkart,64
Blaupunkt SonicQ 65 inch Ultra HD 4K Smart QLED TV (65SQ0303),"₹45,999",4.2,"65 in, QLED TV4K Resolution, 3840 x 2160 pixelsWifi, EthernetSmart TV80 W OutputMT9062 Processor, 2 GB RAM, 32 GB StorageHDR, Dolby Vision3 HDMI Ports, 2 USB Ports",flipkart,58
Kodak MotionX 55 inch Ultra HD 4K Smart QLED TV (55MX8888),"₹32,999",4.45,"55 in, QLED TV4K Resolution, 3840 x 2160 pixelsWifi, EthernetSmart TV70 W OutputMT9062 Processor, 2 GB RAM, 32 GB Storage3 HDMI Ports, 2 USB PortsDolby Atmos",flipkart,57
Thomson NeoX 75 inch Ultra HD 4K Smart QLED TV (75NEOX0011),"₹64,999",4.65,"75 in, QLED TV4K Resolution, 3840 x 2160 pixelsWifi, EthernetSmart TV70 W OutputMT9062 Processor, 2 GB RAM, 32 GB StorageHDR, Dolby Vision3 HDMI Ports, 2 USB Ports",flipkart,67
Blaupunkt SonicQ 75 inch Ultra HD 4K Smart QLED TV (75SQ0303),"₹65,999",4.35,"75 in, QLED TV4K Resolution, 3840 x 2160 pixelsWifi, EthernetSmart TV80 W OutputMT9062 Processor, 2 GB RAM, 32 GB StorageHDR, Dolby Vision3 HDMI Ports, 2 USB Ports",flipkart,64
LG UA8300 55 inch Ultra HD 4K Smart LED TV (55UA83006LA),"₹48,990",4.65,"55 in, LED TV4K Resolution, 3840 x 2160 pixelsWifi, EthernetSmart TV2 Speakers, 20 W OutputHDR3 HDMI Ports, 1 USB PortsDolby Atmos",flipkart,52
Acer Ultra V Series 32 inch HD Ready Smart QLED TV (AR32QDVGU2841BD),"₹13,499",4.2,"32 in, QLED TV1366 x 768 pixelsWifi, EthernetSmart TV2 Speakers, 30 W Output1 GB RAM, 8 GB StorageHDR3 HDMI Ports, 2 USB Ports",amazon,43
Acer Ultra V Series 43 inch Ultra HD 4K Smart QLED TV (AR43QDVGU2875BD),"₹23,999",4.75,"43 in, QLED TV4K Resolution, 3840 x 2160 pixelsWifi, EthernetSmart TV2 Speakers, 30 W Output2 GB RAM, 16 GB StorageHDR, Dolby Vision3 HDMI Ports, 2 USB Ports",flipkart,55
Acer Ultra V Series 55 inch Ultra HD 4K Smart QLED TV (AR55QDVGU2875BD),"₹33,999",4.05,"55 in, QLED TV4K Resolution, 3840 x 2160 pixelsWifi, EthernetSmart TV36 W Output2 GB RAM, 16 GB StorageHDR, Dolby Vision3 HDMI Ports, 2 USB Ports",amazon,56
Philips Harmony Series 75 inch Ultra HD 4K Smart QLED TV (75PQT8300/94),"₹72,999",4.4,"75 in, QLED TV4K Resolution, 3840 x 2160 pixelsWifiSmart TV5 Speakers, 50 W OutputA73 Processor, 3 GB RAM, 16 GB StorageHDR, Dolby Vision3 HDMI Ports, 2 USB Ports",flipkart,67
Wobble K Series 40 inch Full HD Smart LED TV (WB40FDAGU2841D25),"₹15,999",4.7,"40 in, LED TVFull HD, 1920 x 1080 pixelsWifi, EthernetSmart TV30 W OutputQuad Core Processor, 1.5 GB RAM, 16 GB StorageHDR3 HDMI Ports, 2 USB Ports",flipkart,38
Wobble K Series 32 inch HD Ready Smart LED TV (WB32HDAGU2841D25),"₹11,999",4,"32 in, LED TV1366 x 768 pixelsWifi, EthernetSmart TV30 W OutputQuad Core Processor, 1.5 GB RAM, 16 GB StorageHDR3 HDMI Ports, 2 USB Ports",flipkart,36
Croma CREL055UGL333850 55 inch Ultra HD 4K Smart LED TV,"₹29,990",4,"55 in, LED TV4K Resolution, 3840 x 2160 pixelsWifiSmart TV2 Speakers, 20 W OutputQuad Core Processor, 16 GB StorageHDR3 HDMI Ports, 2 USB Ports",croma,46
Acer AR40FDGGU2841BD 40 inch Full HD Smart LED TV,"₹15,999",4.15,"40 in, LED TVFull HD, 1920 x 1080 pixelsWifi, EthernetSmart TV2 Speakers, 26 W OutputHDR3 HDMI Ports, 2 USB PortsSupports Apps & Games",flipkart,36
Acer Ultra I Series 50 inch Ultra HD 4K Smart LED TV (AR50UDGGU2875BD),"₹24,999",4.65,"50 in, LED TV4K Resolution, 3840 x 2160 pixelsWifi, EthernetSmart TV36 W OutputDual Core Processor, 2 GB RAM, 16 GB StorageHDR, Dolby Vision3 HDMI Ports, 2 USB Ports",amazon,53
Acerpure Elevate Neo Series 55 inch Ultra HD 4K Smart QLED TV (AP43UG75PELN5),"₹35,999",4.25,"55 in, QLED TV4K Resolution, 3840 x 2160 pixelsWifi, EthernetSmart TV40 W Output2 GB RAM, 16 GB StorageHDR, Dolby Vision3 HDMI Ports, 2 USB Ports",amazon,55
Hisense E75Q 65 inch Ultra HD 4K Smart QLED TV (65E75Q),"₹55,898",4.1,"65 in, QLED TV4K Resolution, 3840 x 2160 pixelsWifi, EthernetSmart TV4 Speakers, 48 W OutputHDR3 HDMI Ports, 2 USB PortsDolby Atmos",flipkart,57
Hisense E75Q 55 inch Ultra HD 4K Smart QLED TV (55E75Q),"₹38,990",4.25,"55 in, QLED TV4K Resolution, 3840 x 2160 pixelsWifi, EthernetSmart TV4 Speakers, 48 W OutputHDR3 HDMI Ports, 2 USB Ports178 ° Viewing Angle",amazon,53
Metz QP425G 55 inch Ultra HD 4K Smart QLED TV (55QP425G),"₹49,999",4.35,"55 in, QLED TV4K Resolution, 3840 x 2160 pixelsWifi, EthernetSmart TV2 Speakers, 30 W OutputA55, 1.5GHz Processor, 32 GB StorageHDR, Dolby Vision3 HDMI Ports, 2 USB Ports",flipkart,63
Hisense E75Q 50 inch Ultra HD 4K Smart QLED TV (50E75Q),"₹34,990",4.2,"50 in, QLED TV4K Resolution, 3840 x 2160 pixelsWifi, EthernetSmart TV4 Speakers, 48 W OutputHDR3 HDMI Ports, 2 USB PortsSupports Apps & Games",amazon,51
Realme TechLife 75UHDGQRWSTQ 75 inch Ultra HD 4K Smart QLED TV,"₹61,499",4.75,"75 in, QLED TV4K Resolution, 3840 x 2160 pixelsWifi, EthernetSmart TV2 Speakers, 30 W OutputQuad Core Processor, 2 GB RAM, 32 GB Storage3 HDMI Ports, 2 USB PortsSupports Apps & Games",flipkart,56
Vu GloQLED Series 75 inch Ultra HD 4K Smart QLED TV (75GLOQLED25),"₹58,499",4.15,"75 in, QLED TV4K Resolution, 3840 x 2160 pixelsWifi, EthernetSmart TV2 Speakers, 24 W Output1.5GHz VuOn Processor Processor, 2 GB RAM, 16 GB StorageHDR, Dolby Vision3 HDMI Ports, 2 USB Ports",flipkart,67
Blaupunkt Quantum Dot 43 inch Ultra HD 4K Smart QLED TV (43QC7005),"₹20,999",4.6,"43 in, QLED TV4K Resolution, 3840 x 2160 pixelsWifi, EthernetSmart TV50 W OutputARM Cortex A55 Processor, 2 GB RAM, 16 GB Storage3 HDMI Ports, 2 USB PortsDolby Atmos",flipkart,49
Kodal Matrix 55 inch Ultra HD 4K Smart QLED TV (55ST5025),"₹30,999",4.65,"55 in, QLED TV4K Resolution, 3840 x 2160 pixelsWifi, EthernetSmart TV60 W OutputA55 Processor, 2 GB RAM, 16 GB StorageHDR3 HDMI Ports, 2 USB Ports",flipkart,53
Thomson 50TJQ0022 50 inch Ultra HD 4K Smart QLED TV,"₹24,999",4.6,"50 in, QLED TV4K Resolution, 3840 x 2160 pixelsWifi, EthernetSmart TV48 W OutputAmlogic Chipset Processor, 2 GB RAM, 8 GB Storage3 HDMI Ports, 2 USB PortsDolby Audio",flipkart,45
BPL 43UF6340 43 inch Ultra HD 4K Smart QLED TV,"₹24,490",4.3,"43 in, QLED TV4K Resolution, 3840 x 2160 pixelsWifiSmart TV2 Speakers, 20 W Output1 HDMI Ports, 2 USB PortsSupports Apps & GamesScreen Mirroring",flipkart,41
Croma CREL032HGQ024650 32 inch HD Ready Smart QLED TV,"₹15,990",4.35,"32 in, QLED TV1366 x 768 pixelsWifiSmart TV40 W Output1 GB RAM, 8 GB StorageHDR2 HDMI Ports, 2 USB Ports",croma,38
LG QNED 8CA 86 inch Ultra HD 4K Smart QNED TV (86QNED8CA6A),"₹2,43,999",4.6,"86 in, QNED TV4K Resolution, 3840 x 2160 pixelsWifi, EthernetSmart TV2 Speakers, 20 W OutputHDR3 HDMI Ports, 1 USB PortsDolby Atmos",flipkart,67
Sony Bravia 2 II S25M2 50 inch Ultra HD 4K Smart LED TV (K-50S25M2),"₹66,490",4.2,"50 in, LED TV4K Resolution, 3840 x 2160 pixelsWifi, EthernetSmart TV2 Speakers, 20 W Output16 GB StorageHDR4 HDMI Ports, 2 USB Ports",amazon,55
Sansui JSW32HG5 32 inch HD Ready Smart LED TV,"₹13,490",4.25,"32 in, LED TV1366 x 768 pixelsWifi, EthernetSmart TV2 Speakers, 20 W OutputHDR2 HDMI Ports, 2 USB PortsDolby Audio",flipkart,36
Coocaa Y74 Plus 55 inch Ultra HD 4K Smart LED TV (55Y74 Plus),"₹24,999",4.15,"55 in, LED TV4K Resolution, 3840 x 2160 pixelsWifiSmart TV2 Speakers, 20 W OutputA55 1.5GHz Processor, 32 GB StorageHDR3 HDMI Ports, 2 USB Ports",flipkart,47
Sansui JSW55UG23Q 55 inch Ultra HD 4K Smart QLED TV,"₹40,490",4.65,"55 in, QLED TV4K Resolution, 3840 x 2160 pixelsWifi, EthernetSmart TV2 Speakers, 30 W OutputQuad Core Processor, 2 GB RAM, 32 GB StorageHDR, Dolby Vision3 HDMI Ports, 2 USB Ports",flipkart,63
Sansui JSW43UG23Q 43 inch Ultra HD 4K Smart QLED TV,"₹32,490",4.45,"43 in, QLED TV4K Resolution, 3840 x 2160 pixelsWifi, EthernetSmart TV2 Speakers, 30 W OutputQuad Core Processor, 2 GB RAM, 32 GB StorageHDR, Dolby Vision3 HDMI Ports, 2 USB Ports",amazon,55
TCL S49K 32 inch Full HD Smart QLED TV (32S49K),"₹14,790",4.45,"32 in, QLED TV1366 x 768 pixelsWifiSmart TV2 Speakers, 20 W OutputHDR2 HDMI Ports, 2 USB PortsDolby Audio",flipkart,37
TCL NXTFRAME 65 inch Ultra HD 4K Smart QLED TV (65A300W),"₹79,999",4.7,"65 in, QLED TV4K Resolution, 3840 x 2160 pixelsWifi, EthernetSmart TV2 Speakers, 20 W Output3 GB RAM, 64 GB StorageHDR, Dolby Vision4 HDMI Ports, 2 USB Ports",flipkart,73
TCL C72K 85 inch Ultra HD 4K Smart Mini LED TV (85C72K),"₹2,29,999",4.55,"85 in, Mini LED TV4K Resolution, 3840 x 2160 pixelsWifi, EthernetSmart TV2 Speakers, 20 W OutputA73 Processor, 3 GB RAM, 64 GB StorageHDR, Dolby Vision, High Frame Rate (HFR)4 HDMI Ports, 1 USB Ports",flipkart,80
TCL C8K 75 inch Ultra HD 4K Smart QD-Mini LED TV (75C8K),"₹1,79,999",4,"75 in, Mini LED TV4K Resolution, 3840 x 2160 pixelsWifi, EthernetSmart TV3 GB RAM, 64 GB StorageHDR, Dolby Vision4 HDMI Ports, 2 USB PortsDolby Atmos",flipkart,81
Croma CREL043UGQ333850 43 inch Ultra HD 4K Smart QLED TV,"₹21,990",4.3,"43 in, QLED TV4K Resolution, 3840 x 2160 pixelsWifiSmart TV2 Speakers, 20 W Output2 GB RAM, 32 GB StorageHDR3 HDMI Ports, 2 USB Ports",croma,49
Kodak Matrix 65 inch Ultra HD 4K Smart QLED TV (65ST5035),"₹41,999",4,"65 in, QLED TV4K Resolution, 3840 x 2160 pixelsWifi, EthernetSmart TV60 W Output2 GB RAM, 16 GB StorageHDR3 HDMI Ports, 2 USB Ports",flipkart,56
Panasonic TH-32PS670DX 32 inch HD Ready Smart LED TV,"₹16,979",4.05,"32 in, LED TV1366 x 768 pixelsWifi, EthernetSmart TV2 Speakers, 20 W Output1.5 GB RAM, 8 GB Storage2 HDMI Ports, 2 USB PortsSupports Apps & Games",flipkart,34
TCL C8K 85 inch Ultra HD 4K Smart QD-Mini LED TV (85C8K),"₹2,69,999",4.75,"85 in, Mini LED TV4K Resolution, 3840 x 2160 pixelsWifi, EthernetSmart TV3 GB RAM, 64 GB StorageHDR, Dolby Vision4 HDMI Ports, 2 USB PortsDolby Atmos",flipkart,84
Motorola 50UHDGQMVSAQ 50 inch Ultra HD 4K Smart QLED TV,"₹30,499",4.4,"50 in, QLED TV4K Resolution, 3840 x 2160 pixelsWifi, EthernetSmart TV48 W OutputQuad Core Processor, 2 GB RAM, 32 GB StorageHDR, Dolby Vision3 HDMI Ports, 2 USB Ports",flipkart,54
Sansui JSW50UG23Q 50 inch Ultra HD 4K Smart QLED TV,"₹36,990",4.6,"50 in, QLED TV4K Resolution, 3840 x 2160 pixelsWifi, EthernetSmart TV2 Speakers, 30 W OutputHDR, Dolby Vision3 HDMI Ports, 2 USB PortsSupports Apps & Games",amazon,54
Croma CREL032HGQ333850 32 inch HD Ready Smart QLED TV,"₹10,994",4,"32 in, QLED TV1366 x 768 pixelsWifiSmart TV2 Speakers, 20 W OutputQuad Core Processor, 1 GB RAM, 8 GB StorageHDR3 HDMI Ports, 2 USB Ports",croma,40
Blaupunkt Sigma 40SigmaQ008 40 inch Full HD Smart LED TV,"₹13,999",4.05,"40 in, LED TVFull HD, 1920 x 1080 pixelsWifiSmart TV2 Speakers, 36 W OutputA35 Processor, 512 MB RAM, 4 GB Storage2 HDMI Ports, 2 USB PortsSupports Apps & Games",flipkart,33
Croma CREL043UGL333850 43 inch Ultra HD 4K Smart LED TV,"₹19,990",4.25,"43 in, LED TV4K Resolution, 3840 x 2160 pixelsWifi, EthernetSmart TV2 Speakers, 20 W OutputQuad Core Processor, 2 GB RAM, 32 GB StorageHDR3 HDMI Ports, 2 USB Ports",croma,45
Infinix 32GH3Q 32 inch HD Ready Smart QLED TV,"₹10,999",4.75,"32 in, QLED TV1366 x 768 pixelsWifi, EthernetSmart TV2 Speakers, 20 W OutputQuad Core Processor3 HDMI Ports, 2 USB PortsSupports Apps & Games",flipkart,35
Coocaa S4U Pro 32 inch HD Ready Smart LED TV (32S4U Pro),"₹8,599",4.6,"31.5 in, LED TV1366 x 768 pixelsWifiSmart TV2 Speakers, 20 W OutputQuad Core Processor, 4 GB Storage2 HDMI Ports, 2 USB PortsDolby Audio",flipkart,29
Reliance RGT32MP2784FHD 32 inch Full HD Smart LED TV,"₹11,205",4.25,"32 in, LED TVFull HD, 1920 x 1080 pixelsWifiSmart TV2 Speakers, 24 W OutputARM Cortex-55X4 Processor, 512 MB RAM, 8 GB StorageHDR3 HDMI Ports, 3 USB Ports",flipkart,35
InnoQ Spectra 24S-SPCTADK 24 inch HD Ready Smart LED TV,"₹5,989",4.4,"24 in, LED TV1366 x 768 pixelsWifiSmart TV2 Speakers, 30 W Output2 HDMI Ports, 2 USB PortsSupports Apps & Games60 Hz, 16:09 Ratio",flipkart,30
Uniboom ULTIMA 24N-ULT-AED 24 inch HD Ready LED TV,"₹5,490",4.1,"24 in, LED TV1366 x 768 pixelsSmart TV: No2 Speakers, 30 W Output1 HDMI Ports, 2 USB Ports60 Hz, 16:09 Ratio",amazon,19
Uniboom ULTIMA 40S-ULT-AED 40 inch Full HD Smart LED TV,"₹11,790",4.2,"40 in, LED TVFull HD, 1920 x 1080 pixelsSmart TV2 Speakers, 30 W Output2 HDMI Ports, 2 USB PortsSupports Apps & Games60 Hz, 16:09 Ratio",amazon,31
Blaupunkt BQD75Mini7088 75 inch Ultra HD 4K Smart Mini LED TV,"₹94,999",4.35,"75 in, LED TV4K Resolution, 3840 x 2160 pixelsWifi, EthernetSmart TV6 Speakers, 108 W OutputMediatek Processor, 2 GB RAM, 16 GB StorageHDR, Dolby Vision3 HDMI Ports, 2 USB Ports",flipkart,70
Realme TechLife 65UHDGDRDDVB 65 inch Ultra HD 4K Smart LED TV,"₹42,499",4.6,"65 in, LED TV4K Resolution, 3840 x 2160 pixelsWifi, EthernetSmart TV2 Speakers, 30 W OutputQuad Core Processor, 2 GB RAM, 16 GB Storage3 HDMI Ports, 2 USB PortsSupports Apps & Games",flipkart,49
Uniboom Ultima‎ 32S-ULT-AED 32 inch HD Ready Smart LED TV,"₹8,995",4.6,"32 in, LED TV1366 x 768 pixelsWifi, EthernetSmart TV2 Speakers, 30 W OutputSupports Apps & GamesScreen Mirroring60 Hz, 16:9 Ratio",amazon,31
Croma CREL032HGL024650 32 inch HD Ready Smart LED TV,"₹10,494",4.4,"32 in, LED TV1366 x 768 pixelsWifi, EthernetSmart TV2 Speakers, 20 W Output1 GB RAM, 8 GB StorageHDR2 HDMI Ports, 2 USB Ports",croma,36
Toshiba M450RP Series 65 inch Ultra HD 4K Smart QLED TV (65M450RP),"₹55,990",4,"65 in, QLED TV4K Resolution, 3840 x 2160 pixelsWifi, EthernetSmart TV2 Speakers, 24 W OutputHDR, Dolby Vision3 HDMI Ports, 2 USB PortsDolby Atmos",amazon,60
Vu GloQLED Series 65 inch Ultra HD 4K Smart QLED TV (65GLOQLED25),"₹47,999",4.4,"65 in, QLED TV4K Resolution, 3840 x 2160 pixelsWifi, EthernetSmart TV2 Speakers, 24 W Output1.5GHz VuOn Processor Processor, 2 GB RAM, 16 GB StorageHDR, Dolby Vision3 HDMI Ports, 2 USB Ports",amazon,66
Croma CREL050UGQ331850 50 inch Ultra HD 4K Smart QLED TV,"₹31,990",4.3,"50 in, QLED TV4K Resolution, 3840 x 2160 pixelsWifi, EthernetSmart TV2 Speakers, 20 W Output2 GB RAM, 32 GB StorageHDR3 HDMI Ports, 2 USB Ports",croma,53
Vu GloQLED Series 43 inch Ultra HD 4K Smart QLED TV (43GLOQLED25),"₹23,990",4.15,"43 in, QLED TV4K Resolution, 3840 x 2160 pixelsWifi, EthernetSmart TV2 Speakers, 24 W Output1.5GHz VuOn Processor Processor, 2 GB RAM, 16 GB StorageHDR, Dolby Vision3 HDMI Ports, 2 USB Ports",amazon,59
Haier A9UG 43 inch Ultra HD 4K Smart LED TV (43A9UG),"₹26,500",4.15,"43 in, LED TV4K Resolution, 3840 x 2160 pixelsWifi, EthernetSmart TV2 Speakers, 20 W Output2 GB RAM, 32 GB StorageHDR3 HDMI Ports, 2 USB Ports",flipkart,44
Realme TechLife 32HDGQRDDAQ 32 inch HD Ready Smart QLED TV,"₹10,999",4.05,"32 in, QLED TV1366 x 768 pixelsWifiSmart TV2 Speakers, 26 W Output1 GB RAM, 8 GB StorageHDR3 HDMI Ports, 2 USB Ports",flipkart,36
Sony Bravia 5 XR55A 98 inch Ultra HD 4K Smart Mini LED TV (K-98XR55A),"₹5,46,690",4,"98 in, Mini LED TV4K Resolution, 3840 x 2160 pixelsWifi, EthernetSmart TV2 Speakers, 20 W OutputHDR, Dolby Vision, High Frame Rate (HFR)4 HDMI Ports, 2 USB PortsDolby Audio, Dolby Atmos",croma,82
Kenstar 55UHDTDKEETB 55 inch Ultra HD 4K Smart LED TV,"₹25,299",4.3,"55 in, LED TV4K Resolution, 3840 x 2160 pixelsWifi, EthernetSmart TV2 Speakers, 24 W OutputQuad Core Processor, 1.5 GB RAM, 8 GB Storage3 HDMI Ports, 2 USB PortsDolby Audio",flipkart,45
Kenstar 50UHDTDKEETB 50 inch Ultra HD 4K Smart LED TV,"₹21,799",4,"50 in, LED TV4K Resolution, 3840 x 2160 pixelsWifi, EthernetSmart TV2 Speakers, 24 W OutputQuad Core Processor, 1.5 GB RAM, 8 GB Storage3 HDMI Ports, 2 USB PortsDolby Audio",flipkart,43
Haier S80F 65 inch Ultra HD 4K Smart QLED TV (H65S80FUX),"₹65,990",4.7,"65 in, QLED TV4K Resolution, 3840 x 2160 pixelsWifi, EthernetSmart TV2 Speakers, 30 W Output2 GB RAM, 32 GB StorageHDR, High Frame Rate (HFR)4 HDMI Ports, 2 USB Ports",croma,64
Motorola 32HDGQMDDAQ 32 inch HD Ready Smart QLED TV,"₹11,699",4.35,"32 in, QLED TV1366 x 768 pixelsWifi, EthernetSmart TV2 Speakers, 40 W Output1 GB RAM, 8 GB Storage3 HDMI Ports, 2 USB PortsSupports Apps & Games",flipkart,38
iFFALCON U75 75 inch Ultra HD 4K Smart LED TV (75U75),"₹69,999",4.7,"75 in4K Resolution, 3840 x 2160 pixelsWifi, EthernetSmart TV2 Speakers, 30 W OutputA73 Processor, 3 GB RAM, 32 GB StorageHDR, Dolby Vision3 HDMI Ports, 1 USB Ports",flipkart,61
Thomson Masterclass Series 75 inch Ultra HD 4K Smart Mini LED TV (TH75QDMini1022),"₹94,999",4.25,"75 in, Mini LED TV4K Resolution, 3840 x 2160 pixelsWifiSmart TV108 W OutputMediatek Processor, 2 GB RAM, 16 GB StorageHDR, Dolby Vision3 HDMI Ports, 2 USB Ports",flipkart,70
iFFALCON U75 65 inch Ultra HD 4K Smart QLED TV (65U75),"₹49,999",4.45,"65 in, QLED TV4K Resolution, 3840 x 2160 pixelsWifi, EthernetSmart TV2 Speakers, 20 W OutputA73 Processor, 3 GB RAM, 32 GB StorageHDR, Dolby Vision4 HDMI Ports, 1 USB Ports",flipkart,63
Kodak SE 32 inch HD Ready Smart QLED TV (32QSE5080),"₹9,149",4.75,"32 in, QLED TV1366 x 768 pixelsWifiSmart TV2 Speakers, 36 W OutputAmLogic Processor, 512 MB RAM, 4 GB Storage3 HDMI Ports, 2 USB PortsSupports Apps & Games",amazon,32
Kodak SE 40 inch Full HD Smart QLED TV (40QSE5009),"₹13,999",4.4,"40 in, QLED TVFull HD, 1920 x 1080 pixelsWifiSmart TV2 Speakers, 36 W OutputAmLogic Processor, 512 MB RAM, 4 GB Storage3 HDMI Ports, 2 USB PortsSupports Apps & Games",flipkart,35
Kodak SE 24 inch HD Ready Smart QLED TV (24QSE5007),"₹6,899",4.6,"24 in, QLED TV1366 x 768 pixelsWifiSmart TV2 Speakers, 24 W OutputAmLogic Processor, 512 MB RAM, 4 GB Storage2 HDMI Ports, 2 USB PortsSupports Apps & Games",flipkart,31
Toshiba C380RP 65 inch Ultra HD 4K Smart LED TV (65C380RP),"₹44,999",4.3,"65 in, LED TV4K Resolution, 3840 x 2160 pixelsWifi, EthernetSmart TV2 Speakers, 20 W OutputQuad Core/MT9603 Processor, 16 GB StorageHDR, Dolby Vision3 HDMI Ports, 2 USB Ports",amazon,58
Hisense E63N 50 inch Ultra HD 4K Smart LED TV (50E63N),"₹26,999",4,"50 in, LED TV4K Resolution, 3840 x 2160 pixelsWifi, EthernetSmart TV2 Speakers, 30 W OutputHDR3 HDMI Ports, 2 USB PortsDolby Atmos",amazon,48
Xiaomi F Series 43 inch Ultra HD 4K Smart LED TV (L43MB-FIN),"₹23,999",4.4,"43 in, LED TV4K Resolution, 3840 x 2160 pixelsWifi, EthernetSmart TV2 Speakers, 24 W OutputQuad Core A55 Processor, 2 GB RAM, 32 GB Storage3 HDMI Ports, 2 USB PortsDolby Audio",flipkart,45
Toshiba V Series 40 inch Full HD Smart LED TV (40V35RP),"₹19,999",4.25,"40 in, LED TVFull HD, 1920 x 1080 pixelsWifi, EthernetSmart TV2 Speakers, 20 W Output3 HDMI Ports, 2 USB PortsDolby AtmosSupports Apps & Games",flipkart,38
Philips Lumina Series 65 inch Ultra HD 4K Smart QLED TV (65PQT8100/94),"₹55,999",4.75,"65 in, QLED TV4K Resolution, 3840 x 2160 pixelsWifi, EthernetSmart TV30 W Output2 GB RAM, 32 GB StorageHDR, Dolby Vision3 HDMI Ports, 2 USB Ports",amazon,65
Toshiba V Series 32 inch HD Ready Smart LED TV (32V35RP),"₹13,990",4.7,"32 in, LED TV1366 x 768 pixelsWifi, EthernetSmart TV2 Speakers, 20 W Output3 HDMI Ports, 2 USB PortsDolby AtmosSupports Apps & Games",amazon,35
NU LED43UGNX 2025 43 inch Ultra HD 4K Smart LED TV,"₹24,999",4.55,"43 in, LED TV4K Resolution, 3840 x 2160 pixelsWifi, EthernetSmart TV2 Speakers, 20 W OutputHDR3 HDMI Ports, 2 USB PortsDolby Audio",flipkart,45
NU LED55UGNX 2025 55 inch Ultra HD 4K Smart LED TV,"₹34,999",4.55,"55 in, LED TV4K Resolution, 3840 x 2160 pixelsWifi, EthernetSmart TV2 Speakers, 20 W OutputHDR3 HDMI Ports, 2 USB PortsDolby Audio",flipkart,48
NU LED43FGNX 2025 43 inch Full HD Smart LED TV,"₹19,999",4,"43 in, LED TVFull HD, 1920 x 1080 pixelsWifi, EthernetSmart TV2 Speakers, 24 W Output1.5 GB RAM, 8 GB StorageHDR3 HDMI Ports, 2 USB Ports",amazon,41
Croma CREL065UGL024650 65 inch Ultra HD 4K Smart LED TV,"₹52,990",4.5,"65 in, LED TV4K Resolution, 3840 x 2160 pixelsWifi, EthernetSmart TV2 Speakers, 20 W Output2 GB RAM, 32 GB StorageHDR3 HDMI Ports, 2 USB Ports",croma,56
Philips Mirage Series 32 inch Full HD Smart LED TV (32PFT6130/94),"₹13,499",4,"32 in, LED TV1366 x 768 pixelsWifi, EthernetSmart TV2 Speakers, 24 W Output1.5 GB RAM, 8 GB StorageHDR2 HDMI Ports, 2 USB Ports",amazon,39
Coocaa Y74 Pro 65 inch Ultra HD 4K Smart QLED TV (65Y74 Pro),"₹40,999",4.25,"65 in, QLED TV4K Resolution, 3840 x 2160 pixelsWifi, EthernetSmart TV2 Speakers, 40 W OutputA55, 1.5GHz Processor, 2 GB RAM, 32 GB StorageHDR, Dolby Vision3 HDMI Ports, 2 USB Ports",amazon,61
Coocaa Y74 Pro 43 inch Ultra HD 4K Smart QLED TV (43Y74 Pro),"₹26,999",4.6,"43 in, QLED TV4K Resolution, 3840 x 2160 pixelsWifi, EthernetSmart TV2 Speakers, 40 W OutputA55, 1.5GHz Processor, 2 GB RAM, 32 GB StorageHDR, Dolby Vision3 HDMI Ports, 2 USB Ports",amazon,56
Sony Bravia 5 XR55A 65 inch Ultra HD 4K Smart Mini LED TV (K-65XR55A),"₹1,69,390",4.2,"65 in, Mini LED TV4K Resolution, 3840 x 2160 pixelsWifi, EthernetSmart TV2 Speakers, 20 W OutputHDR, Dolby Vision, High Frame Rate (HFR)4 HDMI Ports, 2 USB PortsDolby Audio, Dolby Atmos",croma,77
LG evo AI G5 55 inch Ultra HD 4K Smart OLED TV (OLED55G56LA),"₹1,64,999",4.1,"55 in, OLED TV4K Resolution, 3840 x 2160 pixelsWifi, EthernetSmart TV60 W OutputHDR, Dolby Vision, High Frame Rate (HFR)4 HDMI Ports, 3 USB PortsDolby Atmos",flipkart,79
Philips Harmony Series 55 inch Ultra HD 4K Smart QLED TV (55PQT8300/94),"₹41,999",4.3,"55 in, QLED TV4K Resolution, 3840 x 2160 pixelsWifiSmart TV50 W OutputA73 Processor, 16 GB StorageHDR, Dolby Vision3 HDMI Ports, 2 USB Ports",amazon,58
LG NanoCell NANO83 65 inch Ultra HD 4K Smart LED TV (65NANO83A6A),"₹74,590",4.65,"65 in, LED TV4K Resolution, 3840 x 2160 pixelsWifi, EthernetSmart TV2 Speakers, 20 W OutputHDR3 HDMI Ports, 2 USB PortsDolby Atmos",croma,57
Xiaomi F Pro 55 inch Ultra HD 4K Smart QLED TV (L55MB-FPIN),"₹36,999",4.45,"55 in, QLED TV4K Resolution, 3840 x 2160 pixelsWifi, EthernetSmart TV34 W OutputQuad Core A55 Processor, 2 GB RAM, 32 GB StorageHDR3 HDMI Ports, 2 USB Ports",flipkart,55
Haier C90 55 inch Ultra HD 4K Smart OLED TV (H55C90EUX),"₹1,04,999",4.55,"55 in, OLED TV4K Resolution, 3840 x 2160 pixelsWifi, EthernetSmart TV50 W Output3 GB RAM, 32 GB StorageHDR, Dolby Vision4 HDMI Ports, 2 USB Ports",flipkart,78
Sony Bravia 5 XR55A 85 inch Ultra HD 4K Smart Mini LED TV (K-85XR55A),"₹3,67,640",4.65,"85 in, Mini LED TV4K Resolution, 3840 x 2160 pixelsWifi, EthernetSmart TV2 Speakers, 20 W OutputHDR, Dolby Vision, High Frame Rate (HFR)4 HDMI Ports, 2 USB PortsDolby Audio, Dolby Atmos",amazon,81
Sony Bravia 5 XR55A 55 inch Ultra HD 4K Smart Mini LED TV (K-55XR55A),"₹1,39,890",4.7,"55 in, Mini LED TV4K Resolution, 3840 x 2160 pixelsWifi, EthernetSmart TV2 Speakers, 20 W OutputHDR, Dolby Vision, High Frame Rate (HFR)4 HDMI Ports, 2 USB PortsDolby Audio, Dolby Atmos",croma,75
Kodak Jio Tele Series 43 inch Ultra HD 4K Smart QLED TV (KQ43JTV0010),"₹18,999",4.3,"43 in, QLED TV4K Resolution, 3840 x 2160 pixelsWifi, EthernetSmart TV40 W OutputAmlogic Processor, 2 GB RAM, 8 GB Storage3 HDMI Ports, 2 USB PortsDolby Audio",amazon,44
Sony Bravia 5 65 inch Ultra HD 4K Smart Mini LED TV (K-65XR50),"₹1,56,990",4,"65 in, Mini LED TV4K Resolution, 3840 x 2160 pixelsWifi, EthernetSmart TV2 Speakers, 20 W OutputHDR, Dolby Vision, High Frame Rate (HFR)4 HDMI Ports, 2 USB PortsDolby Audio, Dolby Atmos",amazon,76
Vu Vibe DV Series 75 inch Ultra HD 4K Smart QLED TV (75VIBE-DV),"₹63,990",4.7,"75 in, QLED TV4K Resolution, 3840 x 2160 pixelsWifi, EthernetSmart TV88 W Output2 GB RAM, 16 GB StorageHDR, Dolby Vision3 HDMI Ports, 2 USB Ports",amazon,68
Vu Vibe DV Series 50 inch Ultra HD 4K Smart QLED TV (50VIBE-DV),"₹37,495",4.4,"50 in, QLED TV4K Resolution, 3840 x 2160 pixelsWifi, EthernetSmart TV88 W Output2 GB RAM, 16 GB StorageHDR, Dolby Vision3 HDMI Ports, 2 USB Ports",flipkart,62
Haier A7 32 inch HD Ready Smart LED TV (LE32A7-N),"₹14,599",4.3,"32 in, LED TV1366 x 768 pixelsWifi, EthernetSmart TV2 Speakers, 16 W Output3 HDMI Ports, 2 USB PortsSupports Apps & Games60 Hz, 16:09 Ratio",flipkart,31
Vu Vibe DV Series 65 inch Ultra HD 4K Smart QLED TV (65VIBE-DV),"₹49,990",4.55,"65 in, QLED TV4K Resolution, 3840 x 2160 pixelsWifi, EthernetSmart TV88 W Output2 GB RAM, 16 GB StorageHDR, Dolby Vision3 HDMI Ports, 2 USB Ports",amazon,66
Sony Bravia 8 II 55 inch Ultra HD 4K Smart OLED TV (K-55XR80M2),"₹2,41,790",4,"55 in, OLED TV4K Resolution, 3840 x 2160 pixelsWifi, EthernetSmart TV2 Speakers, 30 W Output32 GB StorageHDR, Dolby Vision, High Frame Rate (HFR)4 HDMI Ports, 2 USB Ports",amazon,83
Sony BRAVIA 5 55 inch Ultra HD 4K Smart Mini LED TV (K-55XR50),"₹1,29,990",4.65,"55 in, Mini LED TV4K Resolution, 3840 x 2160 pixelsWifi, EthernetSmart TV2 Speakers, 20 W OutputHDR, Dolby Vision, High Frame Rate (HFR)4 HDMI Ports, 2 USB PortsDolby Audio, Dolby Atmos",amazon,74
Sony Bravia 8 II 65 inch Ultra HD 4K Smart OLED TV (K-65XR80M2),"₹3,32,490",4.05,"65 in, OLED TV4K Resolution, 3840 x 2160 pixelsWifi, EthernetSmart TV2 Speakers, 30 W Output32 GB StorageHDR, Dolby Vision, High Frame Rate (HFR)4 HDMI Ports, 2 USB Ports",amazon,85
Coocaa S4U Plus 43 inch Full HD Smart LED TV (43S4U Plus),"₹15,499",4.4,"43 in, LED TVFull HD, 1920 x 1080 pixelsWifi, EthernetSmart TV2 Speakers, 30 W OutputA35x4-2GHz Processor, 4 GB Storage2 HDMI Ports, 1 USB PortsDolby Audio",flipkart,33
Sony Bravia 2 II S22M2 50 inch Ultra HD 4K Smart LED TV (K-50S22M2),"₹64,590",4.55,"50 in, LED TV4K Resolution, 3840 x 2160 pixelsWifi, EthernetSmart TV2 Speakers, 20 W Output16 GB StorageHDR4 HDMI Ports, 2 USB Ports",amazon,55
Blaupunkt 55QC7025 55 inch Ultra HD 4K Smart QLED TV,"₹30,999",4.75,"55 in, QLED TV4K Resolution, 3840 x 2160 pixelsWifi, EthernetSmart TV4 Speakers, 70 W OutputARM Cortex A55 Processor, 2 GB RAM, 16 GB StorageHDR3 HDMI Ports, 2 USB Ports",flipkart,54
Blaupunkt 50QC7015 50 inch Ultra HD 4K Smart QLED TV,"₹27,999",4.3,"50 in, QLED TV4K Resolution, 3840 x 2160 pixelsWifiSmart TV2 Speakers, 50 W OutputARM Cortex A55 Processor, 2 GB RAM, 16 GB StorageHDR3 HDMI Ports, 2 USB Ports",flipkart,53
Haier H32S80FFX 32 inch Full HD Smart LED TV,"₹18,999",4.2,"32 in, QLED TVFull HD, 1920 x 1080 pixelsEthernetSmart TV2 Speakers, 20 W OutputARM Cortex Advanced Processor, 1.5 GB RAM, 8 GB StorageHDR4 HDMI Ports, 2 USB Ports",croma,37
Hisense U7Q 100 inch Ultra HD 4K Smart Mini LED TV (100U7Q),"₹2,69,999",4.05,"100 in, Mini LED TV4K Resolution, 3840 x 2160 pixelsWifi, EthernetSmart TV2 Speakers, 30 W OutputHDR, Dolby Vision4 HDMI Ports, 2 USB PortsDolby Atmos",flipkart,84
Hisense U7Q 85 inch Ultra HD 4K Smart Mini LED TV (85U7Q),"₹1,49,999",4.05,"85 in, Mini LED TV4K Resolution, 3840 x 2160 pixelsWifi, EthernetSmart TV2 Speakers, 30 W OutputHDR, Dolby Vision4 HDMI Ports, 2 USB PortsDolby Atmos",flipkart,82
Hisense E7Q 75 inch Ultra HD 4K Smart QLED TV (75E7Q),"₹69,999",4.1,"75 in, QLED TV4K Resolution, 3840 x 2160 pixelsWifi, EthernetSmart TV30 W OutputHDR, Dolby Vision, High Frame Rate (HFR)3 HDMI Ports, 2 USB PortsDolby Atmos",amazon,71
LG NanoCell NANO 85A 75 inch Ultra HD 4K Smart LED TV (75NANO85A6A),"₹99,990",4.05,"75 in, LED TV4K Resolution, 3840 x 2160 pixelsWifi, EthernetSmart TV2 Speakers, 20 W OutputHDR3 HDMI Ports, 2 USB PortsDolby Atmos",croma,65
Hisense E7Q 85 inch Ultra HD 4K Smart QLED TV (85E7Q),"₹1,19,999",4.1,"85 in, QLED TV4K Resolution, 3840 x 2160 pixelsWifi, EthernetSmart TV30 W OutputHDR, Dolby Vision, High Frame Rate (HFR)3 HDMI Ports, 2 USB PortsDolby Atmos",amazon,79
Beston BS65UGTV 65 inch Ultra HD 4K Smart QLED TV,"₹36,399",4.25,"65 in, QLED TV4K Resolution, 3840 x 2160 pixelsWifi, EthernetSmart TV35 W OutputMediaTek Pro Processor ProcessorHDR3 HDMI Ports, 2 USB Ports",flipkart,55
Sony Bravia II S22BM2 50 inch Ultra HD 4K Smart LED TV (K-50S22BM2),"₹60,990",4,"50 in, LED TV4K Resolution, 3840 x 2160 pixelsWifi, EthernetSmart TV2 Speakers, 20 W OutputHDR4 HDMI Ports, 2 USB PortsDolby Audio, Dolby Atmos",amazon,55
TCL C6K 75 inch Ultra HD 4K Smart Mini LED TV (75C6K),"₹1,06,991",4.25,"75 in, Mini LED TV4K Resolution, 3840 x 2160 pixelsWifi, EthernetSmart TV2 Speakers, 20 W OutputHDR, Dolby Vision3 HDMI PortsDolby Atmos",flipkart,76
Samsung UE85AF 75 inch Ultra HD 4K Smart LED TV (UA75UE85AFUXXL),"₹84,990",4.75,"75 in, LED TV4K Resolution, 3840 x 2160 pixelsWifiSmart TV2 Speakers, 20 W OutputHDR3 HDMI Ports, 1 USB PortsSupports Apps & Games",amazon,60
TCL Q6C 75 inch Ultra HD 4K Smart Mini LED TV (75Q6C),"₹99,990",4.5,"75 in, Mini LED TV4K Resolution, 3840 x 2160 pixelsWifi, EthernetSmart TV2 Speakers, 20 W Output3 GB RAM, 32 GB StorageHDR, Dolby Vision, High Frame Rate (HFR)4 HDMI Ports, 1 USB Ports",amazon,76
LG evo AI C5 65 inch Ultra HD 4K Smart OLED TV (OLED65C5XLA),"₹1,79,990",4.25,"65 in, OLED TV4K Resolution, 3840 x 2160 pixelsWifi, EthernetSmart TV40 W OutputHDR, Dolby Vision, High Frame Rate (HFR)4 HDMI Ports, 3 USB PortsDolby Atmos",flipkart,78
LG evo AI G5 77 inch Ultra HD 4K Smart OLED TV (OLED77G56LA),"₹4,12,290",4.35,"77 in, OLED TV4K Resolution, 3840 x 2160 pixelsWifi, EthernetSmart TV60 W OutputHDR, Dolby Vision, High Frame Rate (HFR)4 HDMI Ports, 3 USB PortsSupports Apps & Games",croma,81
Sony Bravia 2 II S22M2 43 inch Ultra HD 4K Smart LED TV (K-43S22M2),"₹50,190",4.35,"43 in, LED TV4K Resolution, 3840 x 2160 pixelsWifi, EthernetSmart TV2 Speakers, 20 W Output16 GB StorageHDR4 HDMI Ports, 2 USB Ports",amazon,51
LG LR68 32 inch HD Ready Smart LED TV (32LR686B6LA),"₹13,599",4,"32 in, LED TV1366 x 768 pixelsWifi, EthernetSmart TV2 Speakers, 20 W OutputHDR2 HDMI Ports, 1 USB PortsSupports Apps & Games",croma,34
Reliance RW55GD8676UHD 55 inch Ultra HD 4K Smart LED TV,"₹34,307",4.7,"55 in, LED TV4K Resolution, 3840 x 2160 pixelsWifi, EthernetSmart TV2 Speakers, 24 W OutputA53@1.5GHZ Processor, 2 GB RAM, 16 GB StorageHDR2 HDMI Ports, 2 USB Ports",flipkart,45
TCL T8C 85 inch Ultra HD 4K Smart QLED TV (85T8C),"₹1,29,990",4.5,"85 in, QLED TV4K Resolution, 3840 x 2160 pixelsWifi, EthernetSmart TV2 Speakers, 20 W Output64-bit A73 x4 @1.39GHz Processor, 3 GB RAM, 32 GB StorageHDR, Dolby Vision4 HDMI Ports, 2 USB Ports",amazon,80
Toshiba Z570RP 75 inch Ultra HD 4K Smart QLED TV (75Z570RP),"₹79,999",4.15,"75 in, QLED TV4K Resolution, 3840 x 2160 pixelsWifi, EthernetSmart TV30 W Output16 GB StorageHDR, Dolby Vision4 HDMI Ports, 2 USB Ports",flipkart,72
Toshiba Z570RP 65 inch Ultra HD 4K Smart QLED TV (65Z570RP),"₹56,999",4.05,"65 in, QLED TV4K Resolution, 3840 x 2160 pixelsWifi, EthernetSmart TV20 W Output16 GB StorageHDR, Dolby Vision4 HDMI Ports, 2 USB Ports",amazon,68
Toshiba Z570RP 85 inch Ultra HD 4K Smart QLED TV (85Z570RP),"₹1,39,999",4.3,"85 in, QLED TV4K Resolution, 3840 x 2160 pixelsWifi, EthernetSmart TV50 W Output16 GB StorageHDR, Dolby Vision4 HDMI Ports, 2 USB Ports",flipkart,79
Toshiba Z570RP 55 inch Ultra HD 4K Smart QLED TV (55Z570RP),"₹41,990",4.5,"55 in, QLED TV4K Resolution, 3840 x 2160 pixelsWifi, EthernetSmart TV20 W Output16 GB StorageHDR, Dolby Vision4 HDMI Ports, 2 USB Ports",amazon,65
LG evo AI C5 77 inch Ultra HD 4K Smart OLED TV (OLED77C56LA),"₹3,84,190",4.45,"77 in, OLED TV4K Resolution, 3840 x 2160 pixelsWifi, EthernetSmart TV40 W OutputHDR, Dolby Vision, High Frame Rate (HFR)4 HDMI Ports, 3 USB PortsDolby Atmos",croma,82
Sony Bravia 2 II S25M2 75 inch Ultra HD 4K Smart LED TV (K-75S25M2),"₹1,25,790",4,"75 in, LED TV4K Resolution, 3840 x 2160 pixelsWifi, EthernetSmart TV2 Speakers, 20 W Output16 GB StorageHDR4 HDMI Ports, 2 USB Ports",croma,64
Sony Bravia 2 II S25M2 65 inch Ultra HD 4K Smart LED TV (K-65S25M2),"₹86,480",4,"65 in, LED TV4K Resolution, 3840 x 2160 pixelsWifi, EthernetSmart TV2 Speakers, 20 W Output16 GB StorageHDR4 HDMI Ports, 2 USB Ports",amazon,59
TCL P6K 65 inch Ultra HD 4K Smart LED TV (65P6K),"₹49,990",4.15,"65 in, LED TV4K Resolution, 3840 x 2160 pixelsWifi, EthernetSmart TV2 Speakers, 20 W OutputHDR3 HDMI Ports, 1 USB PortsDolby Audio",croma,52
Reliance RO32WD5445HD 32 inch HD Ready Smart LED TV,"₹11,930",4.5,"32 in, LED TV1366 x 768 pixelsWifiSmart TV2 Speakers, 20 W OutputCA55 CPU Processor, 1.5 GB RAM, 8 GB StorageHDR3 HDMI Ports, 2 USB Ports",flipkart,34
TCL V6C 50 inch Ultra HD 4K Smart LED TV (50V6C),"₹34,990",4.35,"50 in, LED TV4K Resolution, 3840 x 2160 pixelsWifi, EthernetSmart TV20 Speakers, 10 W OutputQuad Core Processor, 2 GB RAM, 16 GB StorageHDR3 HDMI Ports, 1 USB Ports",croma,51
TCL T89C 65 inch Ultra HD 4K Smart QLED TV (65T89C),"₹59,999",4.35,"65 in, QLED TV4K Resolution, 3840 x 2160 pixelsWifi, EthernetSmart TV2 Speakers, 36 W OutputA73 x4 1.3GHz Processor, 3 GB RAM, 32 GB StorageHDR, Dolby Vision4 HDMI Ports, 1 USB Ports",flipkart,66
TCL T6C 75 inch Ultra HD 4K Smart QLED TV (75T6C),"₹74,990",4.75,"75 in, QLED TV4K Resolution, 3840 x 2160 pixelsWifi, EthernetSmart TV2 Speakers, 30 W OutputCA75 + CA55 1.3GHz Processor, 2 GB RAM, 16 GB StorageHDR, Dolby Vision3 HDMI Ports, 1 USB Ports",amazon,67
Samsung F5550 43 inch Full HD Smart LED TV (UA43F5550FUXXL),"₹23,750",4.75,"43 in, LED TVFull HD, 1920 x 1080 pixelsWifiSmart TV2 Speakers, 20 W Output1 GB RAM, 8 GB StorageHDR2 HDMI Ports, 1 USB Ports",amazon,41
Sony Bravia 2 II S25M2 43 inch Ultra HD 4K Smart LED TV (K-43S25M2),"₹50,990",4.15,"43 in, LED TV4K Resolution, 3840 x 2160 pixelsWifi, EthernetSmart TV2 Speakers, 20 W Output16 GB StorageHDR4 HDMI Ports, 2 USB Ports",amazon,52
LG QNED 8XA 75 inch Ultra HD 4K Smart Mini LED TV (75QNED8XA6A),"₹1,32,990",4.7,"75 in, Mini LED TV4K Resolution, 3840 x 2160 pixelsWifi, EthernetSmart TV2 Speakers, 20 W OutputHDR, Dolby Vision, High Frame Rate (HFR)4 HDMI Ports, 2 USB PortsDolby Atmos",croma,78
Haier S80F 55 inch Ultra HD 4K Smart QLED TV (H55S80FUX),"₹49,090",4.45,"55 in, QLED TV4K Resolution, 3840 x 2160 pixelsWifi, EthernetSmart TV2 Speakers, 30 W Output2 GB RAM, 32 GB StorageHDR, High Frame Rate (HFR)4 HDMI Ports, 2 USB Ports",croma,60
Realme TechLife 43UHDGQRVSAQ 43 inch Ultra HD 4K Smart QLED TV,"₹23,999",4.55,"43 in, QLED TV4K Resolution, 3840 x 2160 pixelsWifi, EthernetSmart TV2 Speakers, 40 W OutputMediatek Processor Processor, 2 GB RAM, 32 GB StorageHDR, Dolby Vision3 HDMI Ports, 2 USB Ports",flipkart,51
iFFALCON U65 50 inch Ultra HD 4K Smart LED TV (50U65),"₹29,999",4.7,"50 in, LED TV4K Resolution, 3840 x 2160 pixelsWifi, EthernetSmart TV2 Speakers, 20 W OutputCA75+CA55 1.3GHz Processor, 2 GB RAM, 16 GB StorageHDR3 HDMI Ports, 1 USB Ports",flipkart,48
Haier H6E 65 inch Ultra HD 4K Smart QLED TV (65H6E),"₹63,490",4.5,"65 in, QLED TV4K Resolution, 3840 x 2160 pixelsWifi, EthernetSmart TV2 Speakers, 30 W Output2 GB RAM, 32 GB StorageHDR4 HDMI Ports, 2 USB Ports",amazon,59
Samsung UE84AF 55 inch Ultra HD Smart LED TV (UA55UE84AFUXXL),"₹41,490",4.1,"55 in, LED TV4K Resolution, 3840 x 2160 pixelsWifi, EthernetSmart TV2 Speakers, 20 W OutputHDR, High Frame Rate (HFR)3 HDMI Ports, 1 USB PortsSupports Apps & Games",flipkart,54
Croma CREL043UGL024650 43 inch Ultra HD 4K Smart LED TV,"₹23,990",4.25,"43 in, LED TV4K Resolution, 3840 x 2160 pixelsWifi, EthernetSmart TV2 Speakers, 20 W Output2 GB RAM, 32 GB StorageHDR3 HDMI Ports, 2 USB Ports",croma,46
Samsung H4560 32 inch HD Ready Smart LED TV (UA32H4560FUXXL),"₹17,498",4.6,"32 in, LED TV1366 x 768 pixelsSmart TV2 Speakers, 20 W OutputHDR2 HDMI Ports, 1 USB PortsSupports Apps & Games16:9 Ratio",flipkart,33
Haier M90E 55 inch Ultra HD 4K Smart Mini LED TV (H55M90EUX),"₹89,999",4.5,"55 in, Mini LED TV4K Resolution, 3840 x 2160 pixelsWifi, EthernetSmart TV3 Speakers, 34 W Output3 GB RAM, 32 GB StorageHDR, Dolby Vision4 HDMI Ports, 2 USB Ports",flipkart,73
Haier H6E 43 inch Ultra HD 4K Smart QLED TV (43H6E),"₹34,590",4,"43 in, QLED TV4K Resolution, 3840 x 2160 pixelsWifi, EthernetSmart TV2 Speakers, 24 W Output2 GB RAM, 32 GB StorageHDR4 HDMI Ports, 2 USB Ports",amazon,53
Samsung UE84AF 50 inch Ultra HD Smart LED TV (UA50UE84AFUXXL),"₹39,999",4.65,"50 in, LED TV4K Resolution, 3840 x 2160 pixelsWifi, EthernetSmart TV2 Speakers, 20 W OutputHDR, High Frame Rate (HFR)3 HDMI Ports, 1 USB PortsSupports Apps & Games",flipkart,53
Samsung U8000F 75 inch Ultra HD 4K Smart LED TV (UA75U8000FUXXL),"₹91,990",4.7,"75 in, LED TV4K Resolution, 3840 x 2160 pixelsWifiSmart TV2 Speakers, 20 W OutputHDR, High Frame Rate (HFR)3 HDMI Ports, 1 USB PortsSupports Apps & Games",croma,62
Samsung QN85F 55 inch Ultra HD 4K Smart Neo QLED TV (QA55QN85FAUXXL),"₹94,999",4,"55 in, Mini LED TV4K Resolution, 3840 x 2160 pixelsWifi, EthernetSmart TV40 W OutputHDR, High Frame Rate (HFR)4 HDMI Ports, 2 USB PortsDolby Atmos",flipkart,70
Samsung S90F 77 inch Ultra HD 4K Smart OLED TV (QA77S90FAEXXL),"₹3,15,694",4.55,"77 in, OLED TV4K Resolution, 3840 x 2160 pixelsWifi, EthernetSmart TV40 W OutputHDR, High Frame Rate (HFR)4 HDMI Ports, 2 USB PortsDolby Atmos",croma,85
Samsung F5500 43 inch Full HD Smart LED TV (UA43F5500FUXXL),"₹25,990",4.75,"43 in, LED TVFull HD, 1920 x 1080 pixelsSmart TV2 Speakers, 20 W OutputHDR2 HDMI Ports, 1 USB PortsSupports Apps & Games60 Hz, 16:9 Ratio",amazon,39
Samsung Q8F 43 inch Ultra HD 4K Smart QLED TV (QA43Q8FAAULXL),"₹46,475",4.25,"43 in, QLED TV4K Resolution, 3840 x 2160 pixelsWifi, EthernetSmart TV2 Speakers, 20 W OutputHDR, High Frame Rate (HFR)3 HDMI Ports, 2 USB PortsSupports Apps & Games",flipkart,55
Samsung QN900F 75 inch Ultra HD 8K Smart Neo QLED TV (QA75QN900FUXXL),"₹5,34,490",4.1,"75 in, Mini LED TV8K Resolution, 7680 x 4320 pixelsWifi, EthernetSmart TV70 W OutputHDR, High Frame Rate (HFR)4 HDMI Ports, 2 USB PortsDolby Atmos",flipkart,83
Samsung QN90F 55 inch Ultra HD 4K Smart Neo QLED TV (QA55QN90FAUXXL),"₹1,37,590",4.65,"55 in, Mini LED TV4K Resolution, 3840 x 2160 pixelsWifi, EthernetSmart TV60 W OutputHDR, High Frame Rate (HFR)4 HDMI Ports, 2 USB PortsDolby Atmos",flipkart,75
Samsung S90F 83 inch Ultra HD 4K Smart OLED TV (QA83S90FAEXXL),"₹4,05,594",4.5,"83 in, OLED TV4K Resolution, 3840 x 2160 pixelsWifi, EthernetSmart TV40 W OutputHDR, High Frame Rate (HFR)4 HDMI Ports, 2 USB PortsDolby Atmos",croma,87
Samsung U8300F 75 inch Ultra HD 4K Smart LED TV (UA75U8300FUXXL),"₹94,555",4.65,"75 in, LED TV4K Resolution, 3840 x 2160 pixelsWifi, EthernetSmart TV2 Speakers, 20 W OutputHDR, High Frame Rate (HFR)3 HDMI Ports, 1 USB PortsSupports Apps & Games",flipkart,63
Samsung U8500F 75 inch Ultra HD 4K Smart LED TV (UA75U8500FUXXL),"₹88,990",4.15,"75 in, LED TV4K Resolution, 3840 x 2160 pixelsWifi, EthernetSmart TV2 Speakers, 20 W OutputHDR, High Frame Rate (HFR)3 HDMI Ports, 1 USB PortsSupports Apps & Games",flipkart,63
Samsung Q8F 55 inch Ultra HD 4K Smart QLED TV (QA55Q8FAAULXL),"₹61,990",4.05,"55 in, QLED TV4K Resolution, 3840 x 2160 pixelsWifi, EthernetSmart TV2 Speakers, 20 W OutputHDR, High Frame Rate (HFR)3 HDMI Ports, 2 USB PortsSupports Apps & Games",croma,58
Samsung Q8F 75 inch Ultra HD 4K Smart QLED TV (QA75Q8FAAULXL),"₹1,46,999",4.45,"75 in, QLED TV4K Resolution, 3840 x 2160 pixelsWifi, EthernetSmart TV2 Speakers, 20 W OutputHDR, High Frame Rate (HFR)3 HDMI Ports, 2 USB PortsSupports Apps & Games",flipkart,67
LG LR60 32 inch HD Ready Smart LED TV (32LR605B6LC),"₹16,540",4.25,"32 in, LED TV1366 x 768 pixelsWifi, EthernetSmart TV2 Speakers, 20 W OutputHDR2 HDMI Ports, 1 USB PortsSupports Apps & Games",croma,34
Samsung Q8F 65 inch Ultra HD 4K Smart QLED TV (QA65Q8FAAULXL),"₹87,703",4.5,"65 in, QLED TV4K Resolution, 3840 x 2160 pixelsWifi, EthernetSmart TV2 Speakers, 20 W OutputHDR, High Frame Rate (HFR)3 HDMI Ports, 2 USB PortsSupports Apps & Games",flipkart,62
TCL T8C 65 inch Ultra HD 4K Smart QLED TV (65T8C),"₹57,990",4.65,"65 in, QLED TV4K Resolution, 3840 x 2160 pixelsWifi, EthernetSmart TV2 Speakers, 20 W Output64-bit A73 xx4 @1.39GHz Processor, 3 GB RAM, 32 GB StorageHDR, Dolby Vision3 HDMI Ports, 2 USB Ports",amazon,66
Samsung UE81A 65 inch Ultra HD 4K Smart LED TV (UA65UE81AFULXL),"₹59,990",4.05,"65 in, LED TV4K Resolution, 3840 x 2160 pixelsWifi, EthernetSmart TV2 Speakers, 20 W OutputHDR, High Frame Rate (HFR)3 HDMI Ports, 1 USB PortsSupports Apps & Games",flipkart,60
TCL P6K 55 inch Ultra HD 4K Smart LED TV (55P6K),"₹34,900",4.3,"55 in, LED TV4K Resolution, 3840 x 2160 pixelsWifi, EthernetSmart TV2 Speakers, 20 W OutputHDR3 HDMI Ports, 1 USB PortsDolby Audio",flipkart,49
TCL T6C 65 inch Ultra HD 4K Smart QLED TV (65T6C),"₹56,990",4.25,"65 in, QLED TV4K Resolution, 3840 x 2160 pixelsWifi, EthernetSmart TV2 Speakers, 20 W OutputCA75 + CA55 1.3GHz Processor, 2 GB RAM, 16 GB StorageHDR, Dolby Vision3 HDMI Ports, 1 USB Ports",amazon,65
Samsung QN900F 65 inch Ultra HD 8K Smart Neo QLED TV (QA65QN900FUXXL),"₹2,42,390",4.75,"65 in, Mini LED TV8K Resolution, 7680 x 4320 pixelsWifi, EthernetSmart TV70 W OutputHDR, High Frame Rate (HFR)4 HDMI Ports, 2 USB PortsDolby Atmos",flipkart,80
iFFALCON U65 43 inch Ultra HD 4K Smart LED TV (43U65),"₹24,999",4.1,"43 in, LED TV4K Resolution, 3840 x 2160 pixelsWifi, EthernetSmart TV2 Speakers, 20 W OutputCA75+CA55 1.3GHz Processor, 2 GB RAM, 16 GB StorageHDR3 HDMI Ports, 1 USB Ports",flipkart,45
iFFALCON U65 55 inch Ultra HD 4K Smart LED TV (55U65),"₹32,999",4.3,"55 in, LED TV4K Resolution, 3840 x 2160 pixelsWifi, EthernetSmart TV2 Speakers, 20 W OutputCA75+CA55 1.3GHz Processor, 2 GB RAM, 16 GB StorageHDR3 HDMI Ports, 1 USB Ports",flipkart,48
Samsung U8400F 65 inch Ultra HD 4K Smart LED TV (UA65U8400FULXL),"₹64,190",4.55,"65 in, LED TV4K Resolution, 3840 x 2160 pixelsWifiSmart TV2 Speakers, 20 W OutputHDR, High Frame Rate (HFR)3 HDMI Ports, 1 USB PortsSupports Apps & Games",flipkart,58
Samsung U8100F 55 inch Ultra HD 4K Smart LED TV (UA55U8100FULXL),"₹46,290",4.45,"55 in, LED TV4K Resolution, 3840 x 2160 pixelsWifiSmart TV2 Speakers, 20 W OutputHDR, High Frame Rate (HFR)3 HDMI Ports, 1 USB PortsSupports Apps & Games",croma,54
Samsung U8400F 43 inch Ultra HD 4K Smart LED TV (UA43U8400FULXL),"₹32,549",4.15,"43 in, LED TV4K Resolution, 3840 x 2160 pixelsWifiSmart TV2 Speakers, 20 W OutputHDR, High Frame Rate (HFR)3 HDMI Ports, 1 USB PortsSupports Apps & Games",flipkart,51
Samsung U8400F 55 inch Ultra HD 4K Smart LED TV (UA55U8400FULXL),"₹45,199",4.2,"55 in, LED TV4K Resolution, 3840 x 2160 pixelsWifiSmart TV2 Speakers, 20 W OutputHDR, High Frame Rate (HFR)3 HDMI Ports, 1 USB PortsSupports Apps & Games",flipkart,55
Samsung U8600F 55 inch Ultra HD 4K Smart LED TV (UA55U8600FULXL),"₹48,590",4.65,"55 in, LED TV4K Resolution, 3840 x 2160 pixelsWifiSmart TV2 Speakers, 20 W OutputHDR, High Frame Rate (HFR)3 HDMI Ports, 1 USB PortsSupports Apps & Games",flipkart,55
Samsung The Frame LS03F 55 inch Ultra HD 4K Smart QLED TV (QA55LS03FAULXL),"₹79,490",4.5,"55 in, QLED TV4K Resolution, 3840 x 2160 pixelsWifiSmart TV2 Speakers, 20 W OutputHDR4 HDMI Ports, 2 USB PortsDolby Atmos",flipkart,64
Samsung U8600F 65 inch Ultra HD 4K Smart LED TV (UA65U8600FULXL),"₹77,839",4.75,"65 in, LED TV4K Resolution, 3840 x 2160 pixelsWifiSmart TV2 Speakers, 20 W OutputHDR, High Frame Rate (HFR)3 HDMI Ports, 1 USB PortsSupports Apps & Games",flipkart,58
Samsung The Frame LS03F 50 inch Ultra HD 4K Smart QLED TV (QA50LS03FAULXL),"₹66,233",4.35,"50 in, QLED TV4K Resolution, 3840 x 2160 pixelsWifiSmart TV2 Speakers, 20 W OutputHDR4 HDMI Ports, 2 USB PortsDolby Atmos",flipkart,61
Samsung U8600F 50 inch Ultra HD 4K Smart LED TV (UA50U8600FULXL),"₹51,000",4.6,"50 in, LED TV4K Resolution, 3840 x 2160 pixelsWifiSmart TV2 Speakers, 20 W OutputHDR, High Frame Rate (HFR)3 HDMI Ports, 1 USB PortsSupports Apps & Games",flipkart,54
Samsung U8600F 43 inch Ultra HD 4K Smart LED TV (UA43U8600FULXL),"₹36,570",4.1,"43 in, LED TV4K Resolution, 3840 x 2160 pixelsWifiSmart TV2 Speakers, 20 W OutputHDR, High Frame Rate (HFR)3 HDMI Ports, 1 USB PortsSupports Apps & Games",flipkart,51
Lumio Vision 9 55 inch Ultra HD 4K Smart Mini LED TV (EPIC1-ADSG),"₹54,999",4.7,"55 in, Mini LED TV4K Resolution, 3840 x 2160 pixelsWifi, EthernetSmart TV24 W OutputBOSS Processor, 3 GB RAM, 32 GB StorageHDR, Dolby Vision3 HDMI Ports, 2 USB Ports",amazon,66
VW VW55GQ1 75 inch Ultra HD 4K Smart QLED TV,"₹55,199",4.6,"75 in, QLED TV4K Resolution, 3840 x 2160 pixelsWifi, EthernetSmart TV48 W Output2 GB RAM, 32 GB StorageHDR, Dolby Vision3 HDMI Ports, 2 USB Ports",amazon,66
Lumio Vision 7 55 inch Ultra HD 4K Smart QLED TV (FTW3-ADSG),"₹37,999",4.25,"55 in, QLED TV4K Resolution, 3840 x 2160 pixelsWifi, EthernetSmart TV30 W OutputBOSS Processor Processor, 3 GB RAM, 16 GB StorageHDR, Dolby Vision3 HDMI Ports, 3 USB Ports",amazon,60
Samsung UE86AF 43 inch Ultra HD 4K Smart LED TV (UA43UE86AFULXL),"₹31,490",4.05,"43 in, LED TV4K Resolution, 3840 x 2160 pixelsWifi, EthernetSmart TV2 Speakers, 20 W OutputHDR, High Frame Rate (HFR)3 HDMI Ports, 1 USB PortsSupports Apps & Games",amazon,52
Samsung QEF1 65 inch Ultra HD 4K Smart QLED TV (QAQ65EF1AULXL),"₹74,990",4.25,"65 in, QLED TV4K Resolution, 3840 x 2160 pixelsWifi, EthernetSmart TV2 Speakers, 20 W OutputHDR3 HDMI Ports, 1 USB PortsSupports Apps & Games",amazon,63
Samsung UE81A 55 inch Ultra HD 4K Smart LED TV (UA55UE81AFULXL),"₹40,990",4.5,"55 in, LED TV4K Resolution, 3840 x 2160 pixelsWifi, EthernetSmart TV2 Speakers, 20 W OutputHDR, High Frame Rate (HFR)3 HDMI Ports, 1 USB PortsSupports Apps & Games",amazon,56
Samsung UE81A 50 inch Ultra HD 4K Smart LED TV (UA50UE81AFULXL),"₹38,990",4.35,"50 in, LED TV4K Resolution, 3840 x 2160 pixelsWifi, EthernetSmart TV2 Speakers, 20 W OutputHDR, High Frame Rate (HFR)3 HDMI Ports, 1 USB PortsSupports Apps & Games",amazon,55
Samsung QEF1 43 inch Ultra HD 4K Smart QLED TV (QA43QEF1AULXL),"₹35,990",4.65,"43 in, QLED TV4K Resolution, 3840 x 2160 pixelsWifi, EthernetSmart TV2 Speakers, 20 W OutputHDR3 HDMI Ports, 1 USB PortsSupports Apps & Games",croma,55
Acer V Pro 43 inch Ultra HD 4K Smart QLED TV (AR43QDQGR2851AD),"₹51,999",4.6,"43 in, QLED TV4K Resolution, 3840 x 2160 pixelsWifi, EthernetSmart TV2 Speakers, 30 W Output2 GB RAM, 16 GB StorageHDR, Dolby Vision3 HDMI Ports, 2 USB Ports",flipkart,55
TCL V4C 32 inch HD Ready Smart QLED TV (32V4C),"₹14,990",4,"32 in, QLED TV1366 x 768 pixelsWifiSmart TV2 Speakers, 16 W Output1 GB RAM, 8 GB StorageHDR2 HDMI Ports, 1 USB Ports",amazon,38
iFFALCON S55 32 inch HD Ready Smart LED TV (32S55),"₹13,999",4.4,"32 in, LED TV1366 x 768 pixelsWifiSmart TV2 Speakers, 16 W OutputCA55x4 @1.1GHz Processor, 1 GB RAM, 8 GB StorageHDR2 HDMI Ports, 1 USB Ports",flipkart,35
Thomson Alpha 40 inch Full HD Smart QLED TV (40AlphaQ060),"₹13,999",4.3,"40 in, LED TVFull HD, 1920 x 1080 pixelsWifi, EthernetSmart TV36 W OutputA35 x 4 Processor, 512 MB RAM, 4 GB Storage3 HDMI Ports, 2 USB Ports178 ° Viewing Angle",flipkart,35
Thomson Alpha 32 inch HD Ready Smart QLED TV (32AlphaQ019),"₹9,149",4,"32 in, LED TV1366 x 768 pixelsWifi, EthernetSmart TV36 W OutputA35 x 4 Processor, 512 MB RAM, 4 GB Storage3 HDMI Ports, 2 USB Ports178 ° Viewing Angle",flipkart,31
Uniboom ULTIMA 43 inch Full HD Smart LED TV (43S-ULTIMA),"₹13,990",4.05,"43 in, LED TVFull HD, 1920 x 1080 pixelsWifi, EthernetSmart TV30 W Output2 HDMI Ports, 2 USB Ports178 ° Viewing AngleSupports Apps & Games",flipkart,35
Uniboom ULTIMA 32 inch HD Ready LED TV (32N-ULTIMA),"₹7,090",4.7,"32 in, LED TV1366 x 768 pixelsSmart TV: No30 W Output2 HDMI Ports, 2 USB Ports178 ° Viewing Angle60 Hz, 16:9 Ratio",flipkart,21
Infinix Y1V 40 inch Full HD Smart LED TV (40Y1V),"₹13,499",4.25,"40 in, QLED TVFull HD, 1920 x 1080 pixelsWifi, EthernetSmart TV16 W OutputQuad Core Processor, 512 MB RAM, 4 GB Storage2 HDMI Ports, 2 USB Ports178 ° Viewing Angle",flipkart,36
Croma CREL055UGC024604 55 inch Ultra HD 4K Smart LED TV,"₹35,990",4.05,"55 in, LED TV4K Resolution, 3840 x 2160 pixelsWifi, EthernetSmart TV2 Speakers, 20 W OutputQuad Core Processor, 2 GB RAM, 16 GB Storage3 HDMI Ports, 2 USB PortsDolby Audio",croma,47
Onida 43UZI 43 inch Ultra HD 4K Smart LED TV,"₹22,872",4,"43 in, LED TV4K Resolution, 3840 x 2160 pixelsWifi, EthernetSmart TV2 Speakers, 20 W OutputHDR3 HDMI Ports, 1 USB PortsSupports Apps & Games",flipkart,43
LG LR65 32 inch HD Ready Smart LED TV (32LR656BPSA),"₹20,035",4.6,"32 in, LED TV1366 x 768 pixelsWifi, EthernetSmart TV2 Speakers, 20 W OutputHDR2 HDMI Ports, 1 USB PortsSupports Apps & Games",flipkart,38
Onida NEXG Series 32 inch HD Ready Smart QLED TV (QZ32HI),"₹12,999",4.55,"32 in, QLED TV1366 x 768 pixelsWifi, EthernetSmart TV2 Speakers, 20 W Output1.5 GB RAM, 8 GB StorageHDR3 HDMI Ports, 2 USB Ports",flipkart,40
Toshiba M550NP 65 inch Ultra HD 4K Smart QLED TV (65M550NP),"₹49,999",4.75,"65 in, QLED TV4K Resolution, 3840 x 2160 pixelsWifiSmart TV49 W Output16 GB StorageHDR, Dolby Vision3 HDMI Ports, 2 USB Ports",flipkart,66
Toshiba M550NP 55 inch Ultra HD 4K Smart QLED TV (55M550NP),"₹37,999",4.55,"55 in, QLED TV4K Resolution, 3840 x 2160 pixelsWifiSmart TV49 W Output16 GB StorageHDR, Dolby Vision3 HDMI Ports, 2 USB Ports",flipkart,63
TCL X955 115 inch Ultra HD 4K Smart QD Mini LED TV (115X955 Max),"₹26,99,999",4.65,"115 in, Mini LED TV4K Resolution, 3840 x 2160 pixelsWifi, EthernetSmart TV120 W Output3 GB RAM, 64 GB StorageHDR, Dolby Vision, High Frame Rate (HFR)4 HDMI Ports, 3 USB Ports",flipkart,92
Black+Decker Series 1 50 inch Ultra HD 4K Smart LED TV (BXTVGU50UD2875ATIN),"₹29,999",4.05,"50 in, LED TV4K Resolution, 3840 x 2160 pixelsWifi, EthernetSmart TV2 Speakers, 30 W Output2 GB RAM, 16 GB StorageHDR, Dolby Vision3 HDMI Ports, 2 USB Ports",amazon,54
Lloyd 43FS411F 43 inch Full HD Smart LED TV,"₹22,849",4.2,"43 in, LED TVFull HD, 1920 x 1080 pixelsWifi, EthernetSmart TV2 Speakers, 20 W Output2 HDMI Ports, 2 USB PortsSupports Apps & GamesScreen Mirroring",flipkart,37
Croma CREL032HGC024604 32 inch HD Ready Smart LED TV,"₹8,994",4.55,"32 in, LED TV1366 x 768 pixelsWifi, EthernetSmart TV2 Speakers, 20 W OutputQuad Core Processor, 1.5 GB RAM, 8 GB Storage3 HDMI Ports, 2 USB PortsDolby Audio",croma,35
Reliance RW43GD8676UHD 43 inch Ultra HD 4K Smart LED TV,"₹22,990",4,"43 in, LED TV4K Resolution, 3840 x 2160 pixelsWifi, EthernetSmart TV2 Speakers, 24 W OutputA53 Processor, 2 GB RAM, 16 GB Storage3 HDMI Ports, 2 USB Ports178 ° Viewing Angle",flipkart,43
Infinix 55GU1Q 55 inch Ultra HD 4K Smart QLED TV,"₹26,999",4.1,"55 in, QLED TV4K Resolution, 3840 x 2160 pixelsWifi, EthernetSmart TV2 Speakers, 40 W OutputQUAD Core Processor Processor, 2 GB RAM, 16 GB StorageHDR, Dolby Vision3 HDMI Ports, 2 USB Ports",flipkart,55
Acer Super Series 65 inch Ultra HD 4K Smart QLED TV (AR65QDXGU2875AT),"₹71,039",4.75,"65 in, QLED TV4K Resolution, 3840 x 2160 pixelsWifi, EthernetSmart TV60 W OutputQuad Core Processor, 2 GB RAM, 16 GB StorageHDR, Dolby Vision3 HDMI Ports, 2 USB Ports",flipkart,69
Acer M Series 75 inch Ultra HD 4K Smart QLED TV (AR75UDMGR2885AT),"₹99,999",4.35,"75 in, QLED TV4K Resolution, 3840 x 2160 pixelsWifi, EthernetSmart TV60 W OutputQuad Core Processor, 3 GB RAM, 32 GB StorageHDR, Dolby Vision, High Frame Rate (HFR)3 HDMI Ports, 2 USB Ports",amazon,76
Foxsky FS65GATV 65 inch Ultra HD 4K Smart QLED TV,"₹41,999",4.35,"65 in, QLED TV4K Resolution, 3840 x 2160 pixelsWifi, EthernetSmart TV2 Speakers, 30 W Output2 GB RAM, 16 GB StorageHDR, Dolby Vision, High Frame Rate (HFR)2 HDMI Ports, 2 USB Ports",amazon,66
Foxsky FS75GATV 75 inch Ultra HD 4K Smart QLED TV,"₹69,999",4.5,"75 in, QLED TV4K Resolution, 3840 x 2160 pixelsWifi, EthernetSmart TV2 Speakers, 30 W Output2 GB RAM, 16 GB StorageHDR, Dolby Vision, High Frame Rate (HFR)2 HDMI Ports, 2 USB Ports",amazon,70
Reliance RGT55GT8724UHD 55 inch Ultra HD 4K Smart QLED TV,"₹29,910",4.7,"55 in, QLED TV4K Resolution, 3840 x 2160 pixelsWifi, EthernetSmart TV2 Speakers, 24 W OutputQuad-Core CPU, GPU Processor, 1.5 GB RAM, 8 GB StorageHDR2 HDMI Ports, 2 USB Ports",flipkart,51
Vu Masterpiece Frame Series 2025 65 inch Ultra HD 4K Smart QLED TV (65MASTERPIECE),"₹65,490",4.65,"65 in, QLED TV4K Resolution, 3840 x 2160 pixelsWifi, EthernetSmart TV6 Speakers, 124 W Output3 GB RAM, 16 GB StorageHDR, Dolby Vision, High Frame Rate (HFR)3 HDMI Ports, 2 USB Ports",amazon,74
Foxsky 50FS 50 inch Ultra HD 4K Smart QLED TV,"₹24,999",4.55,"50 in, QLED TV4K Resolution, 3840 x 2160 pixelsWifiSmart TV2 Speakers, 30 W OutputQuad-Core Processor ProcessorHDR, Dolby Vision3 HDMI Ports, 2 USB Ports",flipkart,55
Foxsky 55FS 55 inch Ultra HD 4K Smart QLED TV,"₹27,999",4.45,"55 in, QLED TV4K Resolution, 3840 x 2160 pixelsWifiSmart TV2 Speakers, 30 W OutputQuad-Core Processor ProcessorHDR, Dolby Vision3 HDMI Ports, 2 USB Ports",flipkart,55
Samsung QNX1D 55 inch Ultra HD 4K Smart QLED TV (QA55QNX1DAULXL),"₹74,990",4.6,"55 in, QLED TV4K Resolution, 3840 x 2160 pixelsWifi, EthernetSmart TV2 Speakers, 20 W OutputHDR, High Frame Rate (HFR)4 HDMI Ports, 2 USB PortsDolby Atmos",amazon,67
Hisense E43N 43 inch Full HD Smart LED TV (43E43N),"₹24,990",4.5,"43 in, LED TVFull HD, 1920 x 1080 pixelsWifi, EthernetSmart TV2 Speakers, 30 W Output8 GB StorageHDR3 HDMI Ports, 2 USB Ports",flipkart,41
Acer V Pro Series 32 inch HD Ready Smart QLED TV (AR32QDXGU2841AT),"₹15,399",4.3,"32 in, QLED TV1366 x 768 pixelsWifi, EthernetSmart TV2 Speakers, 30 W Output1.5 GB RAM, 16 GB StorageHDR2 HDMI Ports, 2 USB Ports",flipkart,41
Acer Super Series 55 inch Ultra HD 4K Smart QLED TV (AR55QDXGU2875AT),"₹37,999",4.1,"55 in, QLED TV4K Resolution, 3840 x 2160 pixelsWifi, EthernetSmart TV60 W OutputQuad Core Processor, 2 GB RAM, 16 GB StorageHDR, Dolby Vision3 HDMI Ports, 2 USB Ports",amazon,63
Acer Super Series 50 inch Ultra HD 4K Smart QLED TV (AR50QDXGU2875AT),"₹32,499",4.1,"50 in, QLED TV4K Resolution, 3840 x 2160 pixelsWifi, EthernetSmart TV60 W OutputQuad Core Processor, 2 GB RAM, 16 GB StorageHDR, Dolby Vision3 HDMI Ports, 2 USB Ports",amazon,62
Vu GloLED 2025 Edition 50 inch Ultra HD 4K Smart LED TV (50GLOLED25),"₹27,699",4.6,"50 in, LED TV4K Resolution, 3840 x 2160 pixelsWifi, EthernetSmart TV2 Speakers, 24 W Output1.5 GHz VuOn Processor Processor, 2 GB RAM, 16 GB StorageHDR, Dolby Vision3 HDMI Ports, 2 USB Ports",flipkart,55
Vu GloLED 2025 Edition 43 inch Ultra HD 4K Smart LED TV (43GLOLED25),"₹28,990",4.35,"43 in, LED TV4K Resolution, 3840 x 2160 pixelsWifi, EthernetSmart TV2 Speakers, 24 W Output1.5 GHz VuOn Processor Processor, 2 GB RAM, 16 GB StorageHDR, Dolby Vision3 HDMI Ports, 2 USB Ports",flipkart,53
Hisense E43N 32 inch HD Ready Smart LED TV (32E43N),"₹11,999",4.2,"32 in, LED TV1366 x 768 pixelsWifi, EthernetSmart TV2 Speakers, 30 W Output8 GB Storage3 HDMI Ports, 2 USB Ports178 ° Viewing Angle",amazon,36
Xiaomi Mi X Pro 2024 65 inch Ultra HD 4K Smart QLED TV (L65MA-SIN),"₹70,999",4.6,"65 in, QLED TV4K Resolution, 3840 x 2160 pixelsWifi, EthernetSmart TV2 Speakers, 30 W OutputCortex A55 Processor, 2 GB RAM, 32 GB StorageHDR, Dolby Vision3 HDMI Ports, 2 USB Ports",amazon,68
Realme TechLife CineSonic 55 inch Ultra HD 4K Smart LED TV (55UHDGDRWSXP),"₹24,999",4.3,"55 in, LED TV4K Resolution, 3840 x 2160 pixelsWifi, EthernetSmart TV2 Speakers, 40 W OutputMediaTek Processor, 2 GB RAM, 16 GB StorageHDR3 HDMI Ports, 2 USB Ports",flipkart,48
Realme TechLife CineSonic 50 inch Ultra HD 4K Smart LED TV (50UHDGDRWSXP),"₹24,399",4.75,"43 in, LED TV4K Resolution, 3840 x 2160 pixelsWifi, EthernetSmart TV2 Speakers, 30 W OutputMediaTek Processor, 2 GB RAM, 16 GB StorageHDR3 HDMI Ports, 2 USB Ports",flipkart,46
Realme TechLife CineSonic Q 65 inch Ultra HD 4K Smart QLED TV (65UHDGQRWSGQ),"₹37,799",4.25,"65 in, QLED TV4K Resolution, 3840 x 2160 pixelsWifi, EthernetSmart TV2 Speakers, 44 W OutputMediaTek Processor, 2 GB RAM, 16 GB StorageHDR, Dolby Vision3 HDMI Ports, 2 USB Ports",flipkart,57
Xiaomi X Series 2024 Edition 55 inch Ultra HD 4K Smart LED TV (L55MA-AIN),"₹34,099",4.4,"55 in, LED TV4K Resolution, 3840 x 2160 pixelsWifi, EthernetSmart TV2 Speakers, 30 W OutputQuad core Cortex A55 Processor, 2 GB RAM, 8 GB StorageHDR, Dolby Vision3 HDMI Ports, 2 USB Ports",flipkart,52
Infinix Y1S 32 inch HD Ready Smart LED TV (32Y1S),"₹8,399",4.05,"31.89 in, LED TV1366 x 768 pixelsWifi, EthernetSmart TV2 Speakers, 16 W OutputQuad-Core A35 x 4 Processor, 512 MB RAM, 4 GB Storage2 HDMI Ports, 1 USB Ports178 ° Viewing Angle",flipkart,31
Samsung DUE80 55 inch Ultra HD 4K Smart LED TV (UA55DUE80AKLXL),"₹45,990",4.2,"55 in, LED TV4K Resolution, 3840 x 2160 pixelsWifi, EthernetSmart TV2 Speakers, 20 W OutputHDR, High Frame Rate (HFR)3 HDMI Ports, 2 USB PortsUltra Slim",amazon,54
Sony Bravia 8 Series 65 inch Ultra HD 4K Smart OLED TV (K-65XR80),"₹2,80,990",4.4,"65 in, OLED TV4K Resolution, 3840 x 2160 pixelsWifi, EthernetSmart TV4 Speakers, 40 W Output32 GB StorageHDR, Dolby Vision, High Frame Rate (HFR)4 HDMI Ports, 2 USB Ports",croma,85
Sony Bravia 9 Series 75 inch Ultra HD 4K Smart Mini LED TV (K-75XR90),"₹3,56,990",4.3,"75 in, QLED TV4K Resolution, 3840 x 2160 pixelsWifi, EthernetSmart TV50 W Output32 GB StorageHDR, Dolby Vision, High Frame Rate (HFR)4 HDMI Ports, 2 USB Ports",amazon,84
Sony Bravia 9 Series 85 inch Ultra HD 4K Smart Mini LED TV (K-85XR90),"₹4,69,990",4.35,"85 in, QLED TV4K Resolution, 3840 x 2160 pixelsWifi, EthernetSmart TV50 W Output32 GB StorageHDR, Dolby Vision, High Frame Rate (HFR)4 HDMI Ports, 2 USB Ports",amazon,86
Wobble UD Series 32 inch HD Ready Smart LED TV (WB32GTAW9216HDFL),"₹13,999",4.25,"32 in, LED TV1366 x 768 pixelsWifi, EthernetSmart TV2 Speakers, 20 W Output1 GB RAM, 8 GB Storage3 HDMI Ports, 2 USB PortsDolby Audio",amazon,37
Sony Bravia 3 S30 50 inch Ultra HD 4K Smart LED TV (K-50S30),"₹72,699",4.65,"50 in, LED TV4K Resolution, 3840 x 2160 pixelsWifi, EthernetSmart TV2 Speakers, 20 W Output16 GB StorageHDR, Dolby Vision4 HDMI Ports, 2 USB Ports",flipkart,62
Sony Bravia 3 S30B 75 inch Ultra HD 4K Smart LED TV (K-75S30B),"₹1,40,990",4.75,"75 in, LED TV4K Resolution, 3840 x 2160 pixelsWifi, EthernetSmart TV2 Speakers, 20 W Output16 GB StorageHDR, Dolby Vision4 HDMI Ports, 2 USB Ports",amazon,70
Hisense U6N Pro 65 inch Ultra HD 4K Smart QLED TV (65U6N Pro),"₹59,999",4.65,"65 in, QLED TV4K Resolution, 3840 x 2160 pixelsWifi, EthernetSmart TV2 Speakers, 24 W OutputHDR, Dolby Vision3 HDMI Ports, 2 USB PortsDolby Atmos",flipkart,66
Kodak Matrix 32 inch HD Ready Smart QLED TV (32MT5077),"₹10,499",4.55,"32 in, QLED TV1366 x 768 pixelsWifi, EthernetSmart TV48 W Output1 GB RAM, 8 GB StorageHDR3 HDMI Ports, 2 USB Ports",flipkart,42
Haier LE43K800GT 43 inch Full HD Smart LED TV,"₹47,378",4.65,"43 in, LED TVFull HD, 1920 x 1080 pixelsWifi, EthernetSmart TV2 Speakers, 20 W Output1.5 GB RAM, 8 GB StorageHDR3 HDMI Ports, 2 USB Ports",flipkart,43
Thomson Phoenix 32 inch HD Ready Smart QLED TV (Q32H1111),"₹10,499",4.3,"32 in, QLED TV1366 x 768 pixelsWifi, EthernetSmart TV2 Speakers, 48 W OutputRealTek ARM Cortex A55 Processor, 1 GB RAM, 8 GB StorageHDR3 HDMI Ports, 2 USB Ports",flipkart,40
Sony Bravia 3 S30B 55 inch Ultra HD 4K Smart LED TV (K-55S30B),"₹75,990",4.1,"55 in, LED TV4K Resolution, 3840 x 2160 pixelsWifi, EthernetSmart TV2 Speakers, 20 W Output16 GB StorageHDR, Dolby Vision4 HDMI Ports, 2 USB Ports",amazon,61
Sony W825 32 inch HD Ready LED TV (KD-32W825),"₹28,990",4.25,"32 in, LED TV1366 x 768 pixelsWifi, EthernetSmart TV2 Speakers, 20 W Output16 GB StorageHDR3 HDMI Ports, 2 USB Ports",amazon,42
Hisense E6N 65 inch Ultra HD 4K Smart LED TV (65E6N),"₹43,999",4.6,"65 in, LED TV4K Resolution, 3840 x 2160 pixelsWifi, EthernetSmart TV2 Speakers, 24 W OutputQuad Core Processor, 2 GB RAM, 16 GB StorageHDR3 HDMI Ports, 2 USB Ports",flipkart,58
Sony Bravia KD-32W835 32 inch HD Ready Smart LED TV,"₹28,490",4.6,"32 in, LED TV1366 x 768 pixelsWifi, EthernetSmart TV2 Speakers, 20 W Output16 GB StorageHDR3 HDMI Ports, 2 USB Ports",amazon,40
Sony Bravia 2 S25 50 inch Ultra HD 4K Smart LED TV (50S25),"₹48,999",4.5,"50 in, LED TV4K Resolution, 3840 x 2160 pixelsWifi, EthernetSmart TV2 Speakers, 20 W Output16 GB StorageHDR3 HDMI Ports, 2 USB Ports",flipkart,53
Sony Bravia 7 Series 65 inch Ultra HD 4K Smart Mini LED TV (K-65XR70),"₹2,06,990",4.7,"65 in, Mini LED TV4K Resolution, 3840 x 2160 pixelsWifi, EthernetSmart TV4 Speakers, 40 W Output32 GB StorageHDR, Dolby Vision, High Frame Rate (HFR)4 HDMI Ports, 2 USB Ports",flipkart,81
Samsung DU9000 98 inch Ultra HD 4K Smart LED TV (UA98DU9000UXXL),"₹2,71,890",4.2,"98 in, LED TV4K Resolution, 3840 x 2160 pixelsWifiSmart TV2 Speakers, 20 W OutputHDR3 HDMI Ports, 2 USB PortsSupports Apps & Games",croma,74
Hisense E68N 55 inch Ultra HD 4K Smart QLED TV (55E68N),"₹32,265",4.65,"55 in, QLED TV4K Resolution, 3840 x 2160 pixelsWifi, EthernetSmart TV2 Speakers, 24 W OutputHDR, Dolby Vision, High Frame Rate (HFR)3 HDMI Ports, 2 USB PortsDolby Atmos",amazon,59
Toshiba C450NP 85 inch Ultra HD 4K Smart QLED TV (85C450NP),"₹1,28,999",4.5,"85 in, QLED TV4K Resolution, 3840 x 2160 pixelsWifi, EthernetSmart TV2 Speakers, 36 W OutputHDR, Dolby Vision3 HDMI Ports, 2 USB PortsDolby Audio, Dolby Atmos",amazon,76
Hisense E6N 43 inch Ultra HD 4K Smart LED TV (43E6N),"₹22,999",4.35,"43 in, LED TV4K Resolution, 3840 x 2160 pixelsWifi, EthernetSmart TV2 Speakers, 24 W OutputQuad Core Processor, 2 GB RAM, 16 GB StorageHDR3 HDMI Ports, 2 USB Ports",flipkart,53
Croma CREL024HBB024603 24 inch HD Ready LED TV,"₹5,990",4,"24 in, LED TV1366 x 768 pixelsSmart TV: No2 Speakers, 12 W Output1 HDMI Ports, 2 USB Ports60 Hz, 16:9 Ratio",croma,18
Croma CREL075UGC024602 75 inch Ultra HD 4K smart QLED TV,"₹64,994",4.5,"75 in, QLED TV4K Resolution, 3840 x 2160 pixelsWifiSmart TV2 Speakers, 20 W OutputQuad Core Processor, 2 GB RAM, 16 GB StorageHDR, Dolby Vision3 HDMI Ports, 2 USB Ports",croma,59
Hisense Q6N 65 inch Ultra HD 4K Smart QLED TV (65Q6N),"₹52,910",4.4,"65 in, QLED TV4K Resolution, 3840 x 2160 pixelsWifi, EthernetSmart TV2 Speakers, 20 W OutputHDR, Dolby Vision, High Frame Rate (HFR)3 HDMI Ports, 2 USB PortsDolby Atmos",flipkart,67
Redmi Fire TV 2024 32 inch HD Ready Smart LED TV (L32MA- FVIN),"₹13,999",4.3,"32 in, LED TV1366 x 768 pixelsWifi, EthernetSmart TV2 Speakers, 20 W Output2 HDMI Ports, 2 USB PortsDolby AudioSupports Apps & Games",croma,32
Hisense Q6N 75 inch Ultra HD 4K Smart QLED TV (75Q6N),"₹85,250",4,"75 in, QLED TV4K Resolution, 3840 x 2160 pixelsWifi, EthernetSmart TV2 Speakers, 30 W OutputMT9603EAATAC ProcessorHDR, Dolby Vision, High Frame Rate (HFR)3 HDMI Ports, 2 USB Ports",flipkart,74
iFFALCON S44 32 inch HD Ready Smart LED TV (iFF32S44),"₹19,990",4.5,"32 in, LED TV1366 x 768 pixelsWifi, EthernetSmart TV2 Speakers, 16 W Output64 bit Quad-Core Processor Processor, 1 GB RAM, 8 GB StorageHDR2 HDMI Ports, 1 USB Ports",flipkart,37
Samsung QE1D 55 inch Ultra HD 4K Smart QLED TV (QA55QE1DAULXL),"₹56,990",4.35,"55 in, QLED TV4K Resolution, 3840 x 2160 pixelsWifi, EthernetSmart TV2 Speakers, 20 W OutputHDR3 HDMI Ports, 2 USB PortsUltra Slim",croma,57
Toshiba C450M 55 inch Ultra HD 4K Smart QLED TV (55C450ME),"₹39,599",4.75,"55 in, QLED TV4K Resolution, 3840 x 2160 pixelsWifi, EthernetSmart TV2 Speakers, 24 W OutputMT9602 ProcessorHDR, Dolby Vision3 HDMI Ports, 2 USB Ports",croma,62
Sony Bravia 2 S25B 65 inch Ultra HD 4K Smart LED TV (K-65S25B),"₹69,999",4.25,"65 in, LED TV4K Resolution, 3840 x 2160 pixelsWifi, EthernetSmart TV2 Speakers, 20 W Output16 GB StorageHDR, Dolby Vision3 HDMI Ports, 2 USB Ports",flipkart,62
TCL C655 65 inch Ultra HD 4K Smart QLED TV (65C655),"₹1,66,990",4.65,"65 in, QLED TV4K Resolution, 3840 x 2160 pixelsWifi, EthernetSmart TV2 Speakers, 20 W Output2 GB RAM, 32 GB StorageHDR, Dolby Vision, High Frame Rate (HFR)3 HDMI Ports, 1 USB Ports",flipkart,65
LG UT8040 65 inch Ultra HD 4K Smart LED TV (65UT80406LA),"₹64,494",4.35,"65 in, LED TV4K Resolution, 3840 x 2160 pixelsWifi, EthernetSmart TV2 Speakers, 20 W OutputHDR3 HDMI Ports, 2 USB PortsSupports Apps & Games",croma,55
LG UT8040 55 inch Ultra HD 4K Smart LED TV (55UT80406LA),"₹42,994",4.25,"55 in, LED TV4K Resolution, 3840 x 2160 pixelsWifi, EthernetSmart TV2 Speakers, 20 W OutputHDR3 HDMI Ports, 2 USB PortsSupports Apps & Games",croma,52
TCL C655 55 inch Ultra HD 4K Smart QLED TV (55C655),"₹1,21,990",4.6,"55 in, QLED TV4K Resolution, 3840 x 2160 pixelsWifi, EthernetSmart TV2 Speakers, 20 W Output2 GB RAM, 32 GB StorageHDR, Dolby Vision, High Frame Rate (HFR)3 HDMI Ports, 1 USB Ports",flipkart,58
LG Evo C4 65 inch Ultra HD 4K Smart OLED TV (OLED65C4PUA),"₹1,69,999",4.15,"65 in, OLED TV4K Resolution, 3840 x 2160 pixelsWifi, EthernetSmart TV40 W OutputHDR, Dolby Vision4 HDMI Ports, 3 USB PortsDolby Atmos",flipkart,81
TCL P71B Pro 75 inch Ultra HD 4K Smart QLED TV (75P71B Pro),"₹1,19,999",4.55,"75 in, QLED TV4K Resolution, 3840 x 2160 pixelsWifi, EthernetSmart TV35 W OutputAiPQ Processor Processor, 2 GB RAM, 16 GB StorageHDR, Dolby Vision, High Frame Rate (HFR)3 HDMI Ports, 2 USB Ports",flipkart,66
Motorola Envision X Spectra 65 inch Ultra HD 4K Smart Mini LED TV (65UHDGQMWKRQ),"₹55,998",4.75,"65 in, QLED TV4K Resolution, 3840 x 2160 pixelsWifi, EthernetSmart TV2 Speakers, 20 W Output16 GB StorageHDR, Dolby Vision3 HDMI Ports, 2 USB Ports",flipkart,61
TCL S5500 32 inch Full HD Smart LED TV (32S5500AF),"₹11,990",4.55,"32 in, LED TVFull HD, 1920 x 1080 pixelsWifiSmart TV2 Speakers, 24 W Output1 GB RAM, 8 GB Storage2 HDMI Ports, 1 USB Ports178 ° Viewing Angle",croma,35
Motorola Envision X Spectra 55 inch Ultra HD 4K Smart Mini LED TV (55UHDGMMWKRQ),"₹35,499",4.35,"55 in, Mini LED TV4K Resolution, 3840 x 2160 pixelsWifi, EthernetSmart TV2 Speakers, 20 W Output16 GB StorageHDR, Dolby Vision3 HDMI Ports, 2 USB Ports",flipkart,58
TCL V6B 50 inch Ultra HD 4K Smart LED TV (50V6B),"₹26,199",4.3,"50 in, LED TV4K Resolution, 3840 x 2160 pixelsWifiSmart TV2 Speakers, 20 W Output2 GB RAM, 16 GB StorageHDR3 HDMI Ports, 1 USB Ports",croma,52
TCL C69B 55 inch Ultra HD Smart QLED TV (55C69B),"₹34,999",4.75,"55 in, QLED TV4K Resolution, 3840 x 2160 pixelsWifi, EthernetSmart TV2 Speakers, 20 W OutputAiPQ Processor Processor, 2 GB RAM, 32 GB StorageHDR, Dolby Vision, High Frame Rate (HFR)3 HDMI Ports, 1 USB Ports",flipkart,60
Samsung Neo QN800D 75 inch Ultra HD 8K Smart QLED TV (QA75QN800DUXXL),"₹7,19,990",4.65,"75 in, QLED TV8K Resolution, 7680 x 4320 pixelsWifi, EthernetSmart TV70 W OutputHDR, High Frame Rate (HFR)4 HDMI Ports, 3 USB PortsDolby Atmos",amazon,84
Samsung The Frame LS03D 50 inch Ultra HD 4K Smart QLED TV (Q505LS03DAULXL),"₹75,499",4.4,"50 in, QLED TV4K Resolution, 3840 x 2160 pixelsWifi, EthernetSmart TV40 W OutputHDR, High Frame Rate (HFR)4 HDMI Ports, 2 USB PortsDolby Atmos",croma,66
Samsung DU7000 65 inch Ultra HD 4K Smart LED TV (UA65DU7000KLXL),"₹69,990",4,"65 in, LED TV4K Resolution, 3840 x 2160 pixelsWifi, EthernetSmart TV2 Speakers, 20 W OutputHDR3 HDMI Ports, 1 USB PortsSupports Apps & Games",flipkart,57
Samsung S95D 77 inch Ultra HD 4K Smart OLED TV (QA77S95DAULXL),"₹4,99,990",4.3,"77 in, OLED TV4K Resolution, 3840 x 2160 pixelsWifi, EthernetSmart TV70 W OutputHDR, High Frame Rate (HFR)4 HDMI Ports, 3 USB PortsDolby Atmos",amazon,85
Samsung DUE70 65 inch Ultra HD 4K Smart LED TV (UA65DUE70BKLXL),"₹57,990",4.05,"65 in, LED TV4K Resolution, 3840 x 2160 pixelsWifi, EthernetSmart TV2 Speakers, 20 W OutputHDR3 HDMI Ports, 1 USB PortsSupports Apps & Games",croma,55
Samsung DUE76 50 inch Ultra HD 4K Smart TV (UA50DUE76AKLXL),"₹37,999",4.55,"50 in, LED TV4K Resolution, 3840 x 2160 pixelsWifi, EthernetSmart TV2 Speakers, 20 W OutputCrystal Processor 4K Processor, 2 GB RAM, 8 GB StorageHDR3 HDMI Ports, 1 USB Ports",flipkart,55
Samsung DUE76 55 inch Ultra HD 4K Smart TV (UA55DUE76AKLXL),"₹38,499",4.15,"55 in, LED TV4K Resolution, 3840 x 2160 pixelsWifi, EthernetSmart TV2 Speakers, 20 W OutputCrystal Processor 4K Processor, 2 GB RAM, 8 GB StorageHDR3 HDMI Ports, 1 USB Ports",flipkart,54
Samsung DU7660 43 inch Ultra HD 4K Smart LED TV (UA43DU7660KLXL),"₹35,018",4.05,"43 in, LED TV4K Resolution, 3840 x 2160 pixelsWifi, EthernetSmart TV2 Speakers, 20 W OutputHDR3 HDMI Ports, 1 USB PortsSupports Apps & Games",flipkart,50
Samsung Q60D 65 inch Ultra HD 4K Smart QLED TV (QA65Q60DAUXXL),"₹99,990",4.75,"65 in, QLED TV4K Resolution, 3840 x 2160 pixelsWifi, EthernetSmart TV2 Speakers, 20 W OutputHDR3 HDMI Ports, 2 USB PortsUltra Slim, 178 ° Viewing Angle",flipkart,66
Samsung DU8300 75 inch Ultra HD 4K Smart LED TV (UA75DU8300UXXL),"₹99,990",4.1,"75 in, LED TV4K Resolution, 3840 x 2160 pixelsWifi, EthernetSmart TV2 Speakers, 20 W OutputHDR3 HDMI Ports, 2 USB Ports178 ° Viewing Angle",flipkart,63
Samsung Q60D 50 inch Ultra HD 4K Smart QLED TV (QA50Q60DAULXL),"₹50,421",4.7,"50 in, QLED TV4K Resolution, 3840 x 2160 pixelsWifi, EthernetSmart TV2 Speakers, 20 W OutputHDR3 HDMI Ports, 2 USB PortsUltra Slim",flipkart,56
Lloyd 43PS850E 43 inch Ultra HD Smart LED TV,"₹28,255",4.3,"43 in, LED TV4K Resolution, 3840 x 2160 pixelsWifi, EthernetSmart TVARM CA75 1.0 GHz ProcessorHDR3 HDMI Ports, 2 USB PortsDolby Audio",flipkart,43
Samsung DU7700 43 inch Ultra HD 4K Smart LED TV (UA43DU7700KLXL),"₹36,990",4.7,"43 in, LED TV4K Resolution, 3840 x 2160 pixelsWifi, EthernetSmart TV2 Speakers, 20 W OutputHDR3 HDMI Ports, 1 USB PortsSupports Apps & Games",flipkart,53
Samsung Q60D 55 inch Ultra HD 4K Smart QLED TV (QA55Q60DAULXL),"₹61,990",4.25,"55 in, QLED TV4K Resolution, 3840 x 2160 pixelsWifi, EthernetSmart TV2 Speakers, 20 W OutputHDR3 HDMI Ports, 2 USB PortsUltra Slim",flipkart,59
Kodak 43SE5004BL 43 inch Full HD Smart LED TV,"₹14,499",4.75,"43 in, LED TVFull HD, 1920 x 1080 pixelsWifiSmart TV2 Speakers, 30 W OutputA35 Processor, 512 MB RAM, 4 GB Storage3 HDMI Ports, 2 USB Ports178 ° Viewing Angle",flipkart,33
BPL 43U-D5310 DX 43 inch Ultra HD 4K Smart LED TV,"₹24,999",4.15,"43 in, LED TV4K Resolution, 3840 x 2160 pixelsWifi, EthernetSmart TV2 Speakers, 20 W OutputHDR, Dolby Vision3 HDMI Ports, 2 USB PortsDolby Atmos",flipkart,47
LG QNED83 55 inch Ultra HD 4K Smart QNED TV (55QNED83SRA),"₹57,394",4.65,"55 in, QNED TV4K Resolution, 3840 x 2160 pixelsWifi, EthernetSmart TV2 Speakers, 20 W OutputHDR, Dolby Vision, High Frame Rate (HFR)4 HDMI Ports, 2 USB PortsDolby Atmos",croma,61
BPL 32H-D7300 32 inch HD Ready Smart LED TV,"₹12,774",4.05,"32 in, LED TV1366 x 768 pixelsWifiSmart TV2 Speakers, 20 W Output3 HDMI Ports, 2 USB PortsSupports Apps & GamesScreen Mirroring",flipkart,31
Samsung T5450 2023 Edition 43 inch Full HD Smart LED TV (UA43T5450AKXXL),"₹22,499",4.75,"43 in, LED TVFull HD, 1920 x 1080 pixelsWifiSmart TV2 Speakers, 20 W Output2 HDMI Ports, 1 USB PortsSupports Apps & GamesScreen Mirroring",flipkart,36
Foxsky 65FS-VS 65 inch Ultra HD 4K Smart LED TV,"₹36,999",4.45,"65 in, LED TV4K Resolution, 3840 x 2160 pixelsWifiSmart TV2 Speakers, 30 W Output2 HDMI Ports, 2 USB PortsSupports Apps & GamesScreen Mirroring",flipkart,42
Panasonic MS550 43 inch Full HD Smart LED TV (TH-43MS550DX),"₹27,815",4.75,"43 in, LED TVFull HD, 1920 x 1080 pixelsWifiSmart TV2 Speakers, 20 W Output512 MB RAM, 4 GB Storage2 HDMI Ports, 1 USB PortsSupports Apps & Games",flipkart,35
Blaupunkt CyberSound Gen2 55 inch Ultra HD 4K Smart LED (55CSGT7023),"₹27,599",4.1,"55 in, LED TV4K Resolution, 3840 x 2160 pixelsWifi, EthernetSmart TV4 Speakers, 60 W OutputA53 - 1.5 GHz Processor, 2 GB RAM, 16 GB Storage3 HDMI Ports, 2 USB Ports178 ° Viewing Angle",croma,45
TCL S5400A 43 inch Full HD Smart LED TV (43S5400A),"₹32,192",4.75,"43 in, LED TV4K Resolution, 3840 x 2160 pixelsEthernetSmart TV2 Speakers, 24 W OutputHDR2 HDMI Ports, 1 USB Ports178 ° Viewing Angle",flipkart,42
Motorola Envision X 55 inch Ultra HD 4K Smart LED TV (55UHDGDMBSXP),"₹25,499",4.45,"55 in, LED TV4K Resolution, 3840 x 2160 pixelsWifi, EthernetSmart TV2 Speakers, 20 W OutputMediaTek 9216 (A53 Quad Core, 1.5 GHz) Processor, 2 GB RAM, 16 GB StorageHDR3 HDMI Ports, 2 USB Ports",flipkart,46
Croma CREL43FSD24601 43 inch Full HD Smart LED TV,"₹15,990",4.75,"43 in, LED TVFull HD, 1920 x 1080 pixelsWifi, EthernetSmart TV2 Speakers, 20 W Output512 MB RAM, 4 GB Storage2 HDMI Ports, 2 USB PortsSupports Apps & Games",croma,34
Haier P7 Series 55 inch Ultra HD 4K Smart LED TV (55P7GT),"₹42,890",4.4,"55 in, LED TV4K Resolution, 3840 x 2160 pixelsWifi, EthernetSmart TV2 Speakers, 20 W Output2 GB RAM, 32 GB StorageHDR, Dolby Vision4 HDMI Ports, 2 USB Ports",flipkart,52
iFFALCON Q73 55 inch Ultra HD 4K Smart QLED TV (iFF55Q73),"₹34,099",4.45,"55 in, QLED TV4K Resolution, 3840 x 2160 pixelsWifi, EthernetSmart TV2 Speakers, 56 W OutputQuad Core ProcessorHDR, Dolby Vision3 HDMI Ports, 1 USB Ports",croma,55
Hisense L9H 120 inch Ultra HD 4K Smart Laser TV (120L9HE),"₹4,99,999",4.2,"120 in, Laser TV4K Resolution, 3840 x 2160 pixelsWifi, EthernetSmart TV40 W OutputDolby Vision3 HDMI Ports, 2 USB PortsSupports Apps & Games",amazon,67
Xiaomi X Series 2023 Edition 55 inch Ultra HD 4K Smart LED TV (L55M8-A2IN),"₹36,899",4.7,"55 in, LED TV4K Resolution, 3840 x 2160 pixelsWifi, EthernetSmart TV2 Speakers, 30 W OutputQuad core Cortex A55 Processor, 2 GB RAM, 8 GB StorageHDR, Dolby Vision3 HDMI Ports, 2 USB Ports",flipkart,53
Xiaomi X Series 2023 Edition 43 inch Ultra HD 4K Smart LED TV (L43M8-A2IN),"₹26,990",4.4,"43 in, LED TV4K Resolution, 3840 x 2160 pixelsWifi, EthernetSmart TV2 Speakers, 30 W OutputQuad core Cortex A55 Processor, 2 GB RAM, 8 GB StorageHDR, Dolby Vision3 HDMI Ports, 2 USB Ports",flipkart,50
Xiaomi X Series 2023 Edition 50 inch Ultra HD 4K Smart LED TV (L50M8-A2IN),"₹30,399",4.65,"50 in, LED TV4K Resolution, 3840 x 2160 pixelsWifi, EthernetSmart TV2 Speakers, 30 W OutputQuad core Cortex A55 Processor, 2 GB RAM, 8 GB StorageHDR, Dolby Vision3 HDMI Ports, 2 USB Ports",flipkart,51
LG A3 48 inch Ultra HD 4K Smart OLED TV (OLED48A3PSA),"₹94,990",4.3,"48 in, OLED TV4K Resolution, 3840 x 2160 pixelsWifi, EthernetSmart TV2 Speakers, 20 W Output3 HDMI Ports, 2 USB Ports178 ° Viewing AngleSupports Apps & Games",flipkart,58
LG A3 55 inch Ultra HD 4K Smart OLED TV (OLED55A3PSA),"₹99,990",4.45,"55 in, OLED TV4K Resolution, 3840 x 2160 pixelsWifi, EthernetSmart TV2 Speakers, 20 W Output3 HDMI Ports, 2 USB Ports178 ° Viewing AngleSupports Apps & Games",flipkart,61
Panasonic MS680 32 inch HD Ready Smart LED TV (TH-32MS680DX),"₹13,490",4.05,"32 in, LED TV1366 x 768 pixelsWifi, EthernetSmart TV2 Speakers, 20 W Output2 HDMI Ports, 2 USB PortsSupports Apps & GamesScreen Mirroring",croma,34
Panasonic MS660 32 inch HD Ready Smart LED TV (TH-32MS660DX),"₹23,999",4.75,"32 in, LED TV1366 x 768 pixelsWifi, EthernetSmart TV2 Speakers, 20 W Output1.5 GB RAM, 16 GB StorageHDR3 HDMI Ports, 2 USB Ports",flipkart,36
Onida NEXG 32HIT 32 inch HD Ready Smart LED TV,"₹14,294",4.3,"32 in, LED TV1366 x 768 pixelsWifi, EthernetSmart TV2 Speakers, 20 W Output1.5 GB RAM, 8 GB StorageDolby Vision2 HDMI Ports, 2 USB Ports",flipkart,36
Westinghouse W2 Series 32 inch HD Ready Smart LED TV (WH32HX41),"₹8,999",4.05,"32 in, LED TV1366 x 768 pixelsWifi, EthernetSmart TV2 Speakers, 36 W OutputRealtek Processor, 1 GB RAM, 8 GB StorageHDR3 HDMI Ports, 2 USB Ports",croma,33
LG UR75 65 inch Ultra HD 4K Smart LED TV (65UR7550PSC),"₹64,990",4.65,"65 in, LED TV4K Resolution, 3840 x 2160 pixelsWifi, EthernetSmart TV2 Speakers, 20 W OutputHDR3 HDMI Ports, 2 USB PortsSupports Apps & Games",flipkart,52
LG UR75 55 inch Ultra HD 4K Smart LED TV (55UR7550PSC),"₹45,080",4.7,"55 in, LED TV4K Resolution, 3840 x 2160 pixelsWifi, EthernetSmart TV2 Speakers, 20 W OutputHDR3 HDMI Ports, 2 USB PortsSupports Apps & Games",flipkart,53
LG UR75 50 inch Ultra HD 4K Smart LED TV (50UR7550PSC),"₹44,999",4.35,"50 in, LED TV4K Resolution, 3840 x 2160 pixelsWifi, EthernetSmart TV2 Speakers, 20 W OutputHDR3 HDMI Ports, 2 USB PortsSupports Apps & Games",flipkart,46
Haier P7 Series 50 inch Ultra HD 4K Smart LED TV (50P7GT),"₹39,990",4.3,"50 in, LED TV4K Resolution, 3840 x 2160 pixelsWifi, EthernetSmart TV2 Speakers, 20 W Output2 GB RAM, 32 GB StorageHDR, Dolby Vision4 HDMI Ports, 2 USB Ports",croma,51
Haier P7 Series 43 inch Ultra HD 4K Smart LED TV (43P7GT),"₹32,990",4.45,"43 in, LED TV4K Resolution, 3840 x 2160 pixelsWifi, EthernetSmart TV2 Speakers, 20 W Output2 GB RAM, 32 GB StorageHDR, Dolby Vision4 HDMI Ports, 2 USB Ports",croma,49
Kodak 329X5051 32 inch HD Ready Smart LED TV,"₹9,149",4.4,"32 in, LED TV1366 x 768 pixelsWifi, EthernetSmart TV2 Speakers, 30 W OutputRealTek Processor3 HDMI Ports, 2 USB PortsSupports Apps & Games",flipkart,32
LG UQ73 43 inch Ultra HD 4K Smart LED TV (43UQ7300PTA),"₹31,255",4.55,"43 in, LED TV4K Resolution, 3840 x 2160 pixelsWifi, EthernetSmart TV2 Speakers, 20 W OutputHDR3 HDMI Ports, 2 USB Ports178 ° Viewing Angle",flipkart,48
Sony Bravia A80L 77 inch Ultra HD 4K Smart OLED TV (XR-77A80L),"₹6,53,899",4.75,"77 in, OLED TV4K Resolution, 3840 x 2160 pixelsWifi, EthernetSmart TV60 W Output4 HDMI Ports, 2 USB PortsUltra SlimSupports Apps & Games",flipkart,76
Blaupunkt Cybersound Gen2 40 inch Full HD Smart LED TV (40CSG7112),"₹13,999",4.1,"40 in, LED TVFull HD, 1920 x 1080 pixelsWifi, EthernetSmart TV4 Speakers, 48 W OutputRealtek ARM Cortex A53 Processor, 1 GB RAM, 8 GB StorageHDR3 HDMI Ports, 2 USB Ports",flipkart,38
Sony Bravia X82L 55 inch Ultra HD 4K Smart LED TV (KD-55X82L),"₹74,990",4.05,"55 in, LED TV4K Resolution, 3840 x 2160 pixelsWifi, EthernetSmart TV2 Speakers, 10 W Output32 GB StorageHDR, Dolby Vision4 HDMI Ports, 2 USB Ports",flipkart,62
Sony Bravia X75L 55 inch Ultra HD 4K Smart LED TV (KD-55X75L),"₹57,990",4.35,"55 in, LED TV4K Resolution, 3840 x 2160 pixelsWifi, EthernetSmart TV2 Speakers, 20 W OutputHDR3 HDMI Ports, 2 USB PortsDolby Audio",flipkart,57
Thomson FA Series 32 inch HD Ready Smart LED TV (32RT1022),"₹9,149",4.75,"32 in, LED TV1366 x 768 pixelsWifi, EthernetSmart TV2 Speakers, 30 W Output3 HDMI Ports, 2 USB Ports178 ° Viewing AngleSupports Apps & Games",flipkart,33
MarQ by Flipkart 32HDNDQEE1B 32 inch HD Ready LED TV,"₹7,499",4.2,"32 in, LED TV1366 x 768 pixelsSmart TV: No2 Speakers, 24 W Output2 HDMI Ports, 2 USB Ports178 ° Viewing Angle60 Hz, 16:09 Ratio",flipkart,21
Panasonic TH-55MX660DX 55 inch Ultra HD 4K Smart LED TV,"₹41,499",4.35,Supported Apps:  NetflixPrime VideoDisney+HotstarYoutubeOperating System: Google TVResolution: Ultra HD (4K) 3840 x 2160 PixelsSound Output: 20 WRefresh Rate: 60 Hz,flipkart,
Blaupunkt 40Sigma703BL 40 inch Full HD Smart LED TV,"₹13,999",4.65,"39.37 in, LED TVFull HD, 1920 x 1080 pixelsWifiSmart TV2 Speakers, 40 W OutputAmlogic Processor, 512 MB RAM, 4 GB Storage3 HDMI Ports, 2 USB Ports178 ° Viewing Angle",flipkart,33
Samsung CU8000 43 inch Ultra HD 4K Smart LED TV (UA43CU8000KLXL),"₹40,352",4.7,"43 in, LED TV4K Resolution, 3840 x 2160 pixelsWifi, EthernetSmart TV2 Speakers, 20 W OutputHDR3 HDMI Ports, 2 USB Ports178 ° Viewing Angle",flipkart,43
XElectron 32STV 32 inch HD Ready LED TV,"₹6,999",4.45,"32 in, LED TV1366 x 768 pixels2 Speakers, 20 W Output1 HDMI Ports, 2 USB Ports178 ° Viewing Angle60 Hz, 16:9 Ratio",flipkart,21
Samsung Q60C 55 inch Ultra HD 4K Smart QLED TV (QA55Q60CAKLXL),"₹54,990",4.65,"55 in, QLED TV4K Resolution, 3840 x 2160 pixelsWifi, EthernetSmart TV2 Speakers, 20 W Output3 HDMI Ports, 2 USB PortsUltra SlimSupports Apps & Games",flipkart,50
Haier LE32A9000 32 inch HD Ready Smart LED TV,"₹20,595",4.2,"32 in, LED TV1366 x 768 pixelsWifiSmart TV2 Speakers, 10 W Output3 HDMI Ports, 1 USB Ports50 Hz",flipkart,31
Samsung CU7700 75 inch Ultra HD 4K Smart LED TV (UA75CU7700KLXL),"₹94,990",4.2,"75 in, LED TV4K Resolution, 3840 x 2160 pixelsWifi, EthernetSmart TV2 Speakers, 20 W OutputHDR3 HDMI Ports, 1 USB Ports3D TV: No",flipkart,65
BeethoSOL 43BZ37 43 inch Full HD Smart LED TV,"₹17,990",4.55,"43 in, LED TVFull HD, 1920 x 1080 pixelsWifiSmart TV2 Speakers, 24 W Output1 GB RAM, 8 GB Storage2 HDMI Ports, 2 USB PortsSupports Apps & Games",amazon,35
Lloyd 43UX900D 43 inch Ultra HD 4K Smart QLED TV,"₹29,812",4.65,"43 in, QLED TV4K Resolution, 3840 x 2160 pixelsWifi, EthernetSmart TV2 Speakers, 20 W OutputCortex-A55  Processor, 2 GB RAM, 16 GB Storage3 HDMI Ports, 2 USB Ports178 ° Viewing Angle",flipkart,46
Thomson Alpha 24 inch HD Ready Smart LED TV (24Alpha001),"₹6,999",4.1,"24 in, LED TV1366 x 768 pixelsWifiSmart TV2 Speakers, 20 W OutputAmlogic A35 Processor, 512 MB RAM, 4 GB Storage2 HDMI Ports, 2 USB Ports178 ° Viewing Angle",flipkart,31
Samsung UA32T4390AKXXL 32 Inch HD Ready Smart LED TV,"₹18,728",4.75,"32 in, LED TV1366 x 768 pixelsWifiSmart TV2 Speakers, 20 W Output2 HDMI Ports, 1 USB PortsSupports Apps & GamesScreen Mirroring",flipkart,31
Samsung T5450 43 inch Full HD Smart LED TV (UA43T5450AKXXL),"₹22,490",4.45,"43 in, LED TVFull HD, 1920 x 1080 pixelsWifi, EthernetSmart TV2 Speakers, 20 W Output2 HDMI Ports, 1 USB Ports178 ° Viewing AngleScreen Mirroring",croma,35
HiSense U7H 65 inch Ultra HD 4K Smart QLED TV (65U7H),"₹76,999",4.15,"65 in, QLED TV4K Resolution, 3840 x 2160 pixelsWifi, EthernetSmart TV2 Speakers, 20 W Output3 GB RAM, 8 GB Storage2 HDMI Ports, 2 USB Ports178 ° Viewing Angle",flipkart,52
Lloyd 32HS551D 32 inch HD Ready Smart LED TV,"₹17,590",4.55,"32 in, LED TV1366 x 768 pixelsWifiSmart TV2 Speakers, 20 W Output3 HDMI Ports, 2 USB Ports178 ° Viewing AngleScreen Mirroring",flipkart,32
Samsung Crystal 4K Neo 55 inch Ultra HD 4K Smart LED TV (UA55AUE65AKXXL),"₹44,990",4.55,"55 in, LED TV4K Resolution, 3840 x 2160 pixelsWifi, EthernetSmart TV2 Speakers, 20 W OutputCrystal Processor 4K Processor, 8 GB Storage3 HDMI Ports, 1 USB Ports178 ° Viewing Angle",flipkart,44
Infinix Zero 55 inch Ultra HD 4K Smart QLED TV,"₹32,999",4.15,"55 in, QLED TV4K Resolution, 3840 x 2160 pixelsWifi, EthernetSmart TV2 Speakers, 36 W OutputMediaTek CA-55 Processor, 2 GB RAM, 16 GB Storage3 HDMI Ports, 2 USB Ports178 ° Viewing Angle",flipkart,47
LG Nano80 55 inch Ultra HD 4K Smart LED TV (55NANO80SQA),"₹54,990",4,"55 in, LED TV4K Resolution, 3840 x 2160 pixelsWifi, EthernetSmart TV2 Speakers, 20 W OutputHDR4 HDMI Ports, 2 USB Ports178 ° Viewing Angle",flipkart,52
Thomson Phoenix 65 inch Ultra HD 4K Smart QLED TV (Q65H1100),"₹51,999",4.25,"65 in, QLED TV4K Resolution, 3840 x 2160 pixelsWifi, EthernetSmart TV2 Speakers, 40 W OutputMediaTek MT9602 ARM Cortex A53 Processor, 2 GB RAM, 16 GB Storage3 HDMI Ports, 2 USB PortsDolby Atmos",flipkart,50
LG UQ80 65 inch Ultra HD 4K Smart LED TV (65UQ8040PSB),"₹66,990",4.75,"65 in, LED TV4K Resolution, 3840 x 2160 pixelsWifi, EthernetSmart TV2 Speakers, 20 W OutputHDR3 HDMI Ports, 2 USB Ports178 ° Viewing Angle",flipkart,54
Vu GloLED 55 inch Ultra HD 4K Smart LED TV (55GloLED),"₹39,490",4.45,"55 in, LED TV4K Resolution, 3840 x 2160 pixelsWifi, EthernetSmart TV4 Speakers, 104 W Output2 GB RAM, 16 GB StorageHDR, Dolby Vision3 HDMI Ports, 2 USB Ports",amazon,64
LG UQ80 55 inch Ultra HD 4K Smart LED TV (55UQ8040PSB),"₹44,990",4,"55 in, LED TV4K Resolution, 3840 x 2160 pixelsWifi, EthernetSmart TV2 Speakers, 20 W Output3 HDMI Ports, 2 USB Ports178 ° Viewing AngleScreen Mirroring",flipkart,45
LG UQ75 43 inch Ultra HD 4K Smart LED TV (43UQ7550PSF),"₹32,990",4.05,"43 in, LED TV4K Resolution, 3840 x 2160 pixelsWifi, EthernetSmart TV2 Speakers, 20 W Output3 HDMI Ports, 2 USB Ports178 ° Viewing AngleScreen Mirroring",croma,42
LG UQ8020 43 inch Ultra HD 4K LED Smart TV (43UQ8020PSB),"₹33,999",4,"43 in, LED TV4K Resolution, 3840 x 2160 pixelsWifi, EthernetSmart TV2 Speakers, 20 W Output1.5 GB RAM, 8 GB Storage3 HDMI Ports, 2 USB Ports178 ° Viewing Angle",croma,43
LG UQ75 55 inch Ultra HD 4K Smart LED TV (55UQ7550PSF),"₹43,990",4.65,"55 in, LED TV4K Resolution, 3840 x 2160 pixelsWifi, EthernetSmart TV2 Speakers, 20 W Output1 HDMI Ports, 1 USB Ports178 ° Viewing AngleScreen Mirroring",croma,43
LG 32LQ635BPSA 32 inch Full HD Smart LED TV,"₹21,518",4.15,"32 in, LED TV1366 x 768 pixelsWifi, EthernetSmart TV2 Speakers, 20 W Output2 HDMI Ports, 1 USB Ports178 ° Viewing AngleScreen Mirroring",flipkart,35
Infinix 32Y1 32 inch HD Ready Smart LED TV,"₹7,999",4.4,"32 in, LED TV1366 x 768 pixelsWifi, EthernetSmart TV2 Speakers, 20 W OutputQuad Core Processor Processor, 4 GB Storage3 HDMI Ports, 2 USB Ports178 ° Viewing Angle",flipkart,31
LG 43UQ7500PSF 43-inch Ultra HD 4K Smart LED TV,"₹28,999",4.25,"43 in, LED TV4K Resolution, 3840 x 2160 pixelsWifiSmart TV2 Speakers, 20 W OutputGen5 AI Processor 4K Processor, 1.5 GB RAM, 8 GB Storage3 HDMI Ports, 1 USB Ports178 ° Viewing Angle",flipkart,42
TCL 65P735 65 Inch Ultra HD 4K Smart LED TV,"₹49,990",4.05,"65 in, LED TV4K Resolution, 3840 x 2160 pixelsWifiSmart TV2 Speakers, 30 W Output3 HDMI Ports, 1 USB Ports178 ° Viewing AngleScreen Mirroring",flipkart,46
Samsung Neo QA65QN700BKXXL 65-inch Ultra HD 8K Smart QLED TV,"₹1,79,980",4.2,"65 in, QLED TV8K Resolution, 7680 x 4320 pixelsWifi, EthernetSmart TV4 Speakers, 60 W OutputNeural Quantum Processor Lite 8K ProcessorHDR4 HDMI Ports, 3 USB Ports",flipkart,67
Sony Bravia X80K 43 inch Ultra HD 4K Smart LED TV (KD-43X80K),"₹59,990",4.7,"43 in, LED TV4K Resolution, 3840 x 2160 pixelsWifi, EthernetSmart TV2 Speakers, 20 W Output4K HDR Processor X1 Processor, 16 GB Storage4 HDMI Ports, 2 USB Ports178 ° Viewing Angle",flipkart,46
Samsung UA43AUE65AKXXL 2022 43 Inch Ultra HD 4K Smart LED TV,"₹31,999",4.35,"43 in, LED TV4K Resolution, 3840 x 2160 pixelsWifi, EthernetSmart TV2 Speakers, 20 W OutputCrystal Processor 4K Processor, 1.5 GB RAM, 16 GB Storage3 HDMI Ports, 1 USB Ports178 ° Viewing Angle",flipkart,43
LG LQ63 32 inch Full HD Smart LED TV (32LQ6360PSA),"₹31,490",4.05,"32 in, LED TVFull HD, 1920 x 1080 pixelsWifi, EthernetSmart TV2 Speakers, 20 W OutputQuad Core ProcessorHDR2 HDMI Ports, 1 USB Ports",flipkart,37
Sony Bravia KD-65X75K 65 Inch Ultra HD 4K Smart LED Google TV,"₹74,990",4.6,"65 in, LED TV4K Resolution, 3840 x 2160 pixelsWifi, EthernetSmart TV2 Speakers, 20 W Output‎X1 4K Processor
 ProcessorHDR, Dolby Vision3 HDMI Ports, 2 USB Ports",flipkart,54
LG 32LQ573BPSA 32 Inch HD Ready Smart LED TV,"₹13,790",4.15,"32 in, LED TV1366 x 768 pixelsWifi, EthernetSmart TV2 Speakers, 20 W OutputHDR2 HDMI Ports, 1 USB Ports178 ° Viewing Angle",croma,37
Xiaomi Smart TV 5A 32 inch HD Ready Smart LED TV,"₹11,999",4.15,"32 in, LED TV1366 x 768 pixelsWifi, EthernetSmart TV2 Speakers, 20 W OutputCortex A35 64-bit Quad Core Processor, 1 GB RAM, 8 GB Storage2 HDMI Ports, 2 USB Ports178 ° Viewing Angle",flipkart,34
Samsung UA43BU8570ULXL 43 inch 4K Ultra HD Smart LED TV,"₹35,000",4.05,"43 in, LED TV4K Resolution, 3840 x 2160 pixelsWifi, Ethernet2 Speakers, 20 W OutputHDR3 HDMI Ports, 2 USB Ports178 ° Viewing AngleScreen Mirroring",amazon,42
Samsung QA65Q80BAKLXL 65 inch Ultra HD 4K Smart QLED TV,"₹1,14,990",4.3,"65 in, QLED TV4K Resolution, 3840 x 2160 pixelsWifi, EthernetSmart TV60 W Output4 HDMI Ports, 2 USB Ports178 ° Viewing AngleScreen Mirroring",flipkart,62
Samsung QA55Q60BAKLXL 55 inch Ultra HD 4K Smart QLED TV,"₹54,990",4,"55 in, QLED TV4K Resolution, 3840 x 2160 pixelsWifi, EthernetSmart TV2 Speakers, 20 W OutputHDR3 HDMI Ports, 2 USB Ports178 ° Viewing Angle",flipkart,55
Samsung QA65QN85BAKLXL 65 Inch Ultra HD 4K Smart QLED TV,"₹1,29,990",4.1,"65 in, QLED TV4K Resolution, 3840 x 2160 pixelsWifi, EthernetSmart TV2.2.2CH Speakers, 60 W OutputHDR4 HDMI Ports, 2 USB Ports178 ° Viewing Angle",flipkart,59
Samsung UA55BU8570ULXL 55 inch 4K Ultra HD Smart LED TV,"₹45,990",4.25,"55 in, LED TV4K Resolution, 3840 x 2160 pixelsWifi, Ethernet2 Speakers, 20 W OutputHDR3 HDMI Ports, 2 USB Ports178 ° Viewing AngleScreen Mirroring",amazon,44
Samsung Crystal 75AU7700 75-inch Ultra HD 4K Smart LED TV,"₹94,990",4.25,"75 in, LED TV4K Resolution, 3840 x 2160 pixelsWifiSmart TV2 Speakers, 20 W Output3 HDMI Ports, 1 USB Ports178 ° Viewing Angle3D TV: No",flipkart,57
Foxsky 50FS-VS 50-inch Ultra HD 4K Smart LED TV,"₹24,999",4.25,"50 in, LED TV4K Resolution, 3840 x 2160 pixelsWifiSmart TV30 W OutputQuad Core Processor, 1 GB RAM, 8 GB Storage2 HDMI Ports, 2 USB Ports178 ° Viewing Angle",amazon,39
Thomson 55OPMAX9055 55-inch Ultra HD 4K Smart LED TV,"₹30,999",4.25,"54.72 in, LED TV4K Resolution, 3840 x 2160 pixelsWifi, EthernetSmart TV2 Speakers, 40 W OutputA53 x 4-1.5 GHz Processor, 2 GB RAM, 8 GB Storage3 HDMI Ports, 2 USB Ports178 ° Viewing Angle",flipkart,43
T-Series TX24K 24 inch HD Ready LED TV,"₹7,389",4.75,"23.62 in, LED TV1366 x 768 pixelsSmart TV: No2 Speakers, 6 W Output1 HDMI Ports, 2 USB Ports178 ° Viewing Angle3D TV: No50 Hz, 4.3 Ratio",flipkart,20
LG NanoCell 65NANO75TPZ 65-inch Ultra HD 4K Smart LED TV,"₹69,990",4.65,"65 in, LED TV4K Resolution, 3840 x 2160 pixelsWifi, EthernetSmart TV2 Speakers, 20 W OutputIntelligent Quad Core Processor 4K Processor3 HDMI Ports, 2 USB Ports178 ° Viewing Angle",flipkart,53
LG B1 OLED55B1PTZ 55-inch Ultra HD 4K Smart OLED TV,"₹89,990",4.6,"55 in, OLED TV4K Resolution, 3840 x 2160 pixelsWifi, EthernetSmart TV2 Speakers, 40 W OutputQuad Core Processor, 2 GB RAM, 8 GB StorageHDR3 HDMI Ports, 2 USB Ports",flipkart,64
Foxsky 43FS-VS 43 inch Full HD Smart LED TV,"₹12,999",4.7,"43 in, LED TVFull HD, 1920 x 1080 pixelsWifi, EthernetSmart TV2 Speakers, 30 W OutputDual Core Processor, 1 GB RAM, 8 GB StorageHDR2 HDMI Ports, 2 USB Ports",flipkart,36
Samsung 55Q60AAK 55-inch Ultra HD 4K Smart QLED TV,"₹59,990",4.4,"55 in, QLED TV4K Resolution, 3840 x 2160 pixelsWifi, EthernetSmart TV2 Speakers, 20 W Output3 HDMI Ports, 2 USB Ports178 ° Viewing Angle3D TV: No",flipkart,57
Samsung 50Q60AAK 50-inch Ultra HD 4K Smart QLED TV,"₹54,990",4,"50 in, QLED TV4K Resolution, 3840 x 2160 pixelsWifi, EthernetSmart TV2 Speakers, 20 W Output3 HDMI Ports, 2 USB Ports178 ° Viewing Angle3D TV: No",flipkart,53
Samsung 65AU9070 65-inch Ultra HD 4K Smart LED TV,"₹79,990",4.05,"65 in, LED TV4K Resolution, 3840 x 2160 pixelsWifi, EthernetSmart TV2 Speakers, 20 W OutputHDR3 HDMI Ports, 2 USB Ports178 ° Viewing Angle",flipkart,61
Samsung QA65Q80AAKLXL 65-inch Ultra HD 4K Smart QLED TV,"₹1,14,990",4.75,"65 in, QLED TV4K Resolution, 3840 x 2160 pixelsWifi, EthernetSmart TV2 Speakers, 60 W OutputQuantum Processor 4K Processor4 HDMI Ports, 2 USB Ports178 ° Viewing Angle",flipkart,62
Samsung Q80A 55Q80AAK 55-inch Ultra HD 4K Smart QLED TV,"₹74,990",4.65,"55 in, QLED TV4K Resolution, 3840 x 2160 pixelsWifi, EthernetSmart TV2 Speakers, 60 W OutputQuantum Processor 4K Processor4 HDMI Ports, 2 USB Ports178 ° Viewing Angle",flipkart,56
Samsung Crystal 43AU7700 43-inch Ultra HD 4K Smart LED TV,"₹33,990",4.45,"43 in, LED TV4K Resolution, 3840 x 2160 pixelsWifiSmart TV2 Speakers, 20 W Output3 HDMI Ports, 1 USB Ports178 ° Viewing Angle3D TV: No",flipkart,43
Samsung 75AU8000 75-inch Ultra HD 4K Smart LED TV,"₹89,990",4.1,"75 in, LED TV4K Resolution, 3840 x 2160 pixelsWifi, EthernetSmart TV2 Speakers, 20 W OutputQuad Core Processor3 HDMI Ports, 2 USB Ports178 ° Viewing Angle",flipkart,56
Samsung Crystal 4K Pro UA55AUE70AKLXL 55-inch Ultra HD 4K Smart LED TV,"₹43,990",4.3,"55 in, LED TV4K Resolution, 3840 x 2160 pixelsWifiSmart TV2 Speakers, 20 W OutputCrystal Processor 4K Processor3 HDMI Ports, 1 USB Ports178 ° Viewing Angle",flipkart,46
Samsung Crystal 4K Pro UA43AUE70AKLXL 43-inch Ultra HD 4K Smart LED TV,"₹32,990",4.25,"43 in, LED TV4K Resolution, 3840 x 2160 pixelsWifiSmart TV2 Speakers, 20 W OutputCrystal Processor 4K Processor3 HDMI Ports, 1 USB Ports178 ° Viewing Angle",flipkart,43
Compaq ER Series CQ32APHD 32-inch HD ReadySmart LED TV,"₹9,999",4.35,"32 in, LED TV1366 x 768 pixelsWifi, EthernetSmart TV2 Speakers, 24 W OutputARM Cortex - A53 64 Bit Processor, 1.5 GB RAM, 8 GB Storage3 HDMI Ports, 2 USB Ports178 ° Viewing Angle",flipkart,35
LG 65NANO86TNA 65-inch Ultra HD 4K Smart LED TV,"₹59,999",4.75,"65 in, LED TV4K Resolution, 3840 x 2160 pixelsWifi, EthernetSmart TV2 Speakers, 20 W OutputHDR, Dolby Vision4 HDMI Ports, 2 USB Ports178 ° Viewing Angle",flipkart,52
Samsung UA43TU8000K 43-inch Ultra HD 4K Smart LED TV,"₹33,990",4.35,"43 in, LED TV4K Resolution, 3840 x 2160 pixelsWifi, EthernetSmart TV2 Speakers, 20 W OutputQuad Core ProcessorHDR3 HDMI Ports, 2 USB Ports",flipkart,43
Samsung UA32T4010ARXXL 32-inch HD Ready LED TV,"₹15,212",4.15,"32 in, LED TV1366 x 768 pixelsSmart TV: No2 Speakers, 20 W Output2 HDMI Ports, 1 USB Ports178 ° Viewing Angle3D TV: No60 Hz, 16:09 Ratio",flipkart,22
Xiaomi Mi TV 4X 55-inch Ultra HD 4K Smart LED TV,"₹38,626",4.35,"55 in, LED TV4K Resolution, 3840 x 2160 pixelsWifi, EthernetSmart TV4 Speakers, 20 W OutputMTK Cortex A55 Processor, 2 GB RAM, 8 GB StorageHDR3 HDMI Ports, 2 USB Ports",flipkart,47
Samsung UA32N4305ARXXL 32-inch HD Ready Smart LED TV,"₹22,499",4.4,"32 in, LED TV1366 x 768 pixelsWifi, EthernetSmart TV2 Speakers, 10 W Output2 HDMI Ports, 1 USB Ports178 ° Viewing Angle3D TV: No",flipkart,31
LG 43LM5600PTC 43-inch Full HD Smart LED TV,"₹34,420",4.05,"43 in, LED TVFull HD, 1920 x 1080 pixelsWifi, EthernetSmart TV2 Speakers, 20 W OutputQuad Core Processor, 1 GB RAM, 4 GB StorageHDR2 HDMI Ports, 1 USB Ports",flipkart,39
LG 75SM9400PTA 75-inch Ultra HD 4K Smart LED TV,"₹1,24,999",4.25,"75 in, LED TV4K Resolution, 3840 x 2160 pixelsWifi, EthernetSmart TV2 Speakers, 20 W Output2 GB RAM, 4 GB StorageHDR, Dolby Vision4 HDMI Ports, 3 USB Ports",flipkart,59
Samsung 55Q70R 55-inch Ultra HD Smart QLED TV,"₹1,28,999",4.05,"55 in, QLED TV4K Resolution, 3840 x 2160 pixelsWifi, EthernetSmart TV2 Speakers, 40 W OutputHDR4 HDMI Ports, 2 USB Ports178 ° Viewing Angle",flipkart,57
RGL RGS3202 32-inch Full HD Smart LED TV,"₹9,006",4.6,"32 in, LED TVFull HD, 1920 x 1080 pixelsWifiSmart TV2 Speakers, 20 W Output2 HDMI Ports, 2 USB Ports3D TV: NoScreen Mirroring",flipkart,30
Xiaomi Mi 4A PRO 32-inch HD Ready Smart LED TV,"₹12,999",4.35,"32 in, LED TV1366 x 768 pixelsWifi, EthernetSmart TV2 Speakers, 20 W OutputAmlogic Cortex A53  Processor, 1 GB RAM, 8 GB Storage3 HDMI Ports, 2 USB Ports178 ° Viewing Angle",flipkart,34
LG 65SK8500PTA (65-inch) 4K Ultra HD Smart TV,"₹89,999",4.6,"65 in, LED TV4K Resolution, 3840 x 2160 pixelsWifi, EthernetSmart TV2 Speakers, 20 W OutputHDR, Dolby Vision4 HDMI Ports, 2 USB Ports178 ° Viewing Angle",flipkart,55
Lloyd 43QX600G 43 inch Ultra HD 4K Smart QLED TV,"₹28,599",4.45,"43 in, QLED TV4K Resolution, 3840 x 2160 pixelsWifi, EthernetSmart TV2 Speakers, 20 W Output3 HDMI Ports, 2 USB PortsSupports Apps & GamesScreen Mirroring",flipkart,46
iFFLACON U65A 55 inch Ultra HD 4K Smart LED TV (55U65A),"₹34,999",4.45,"55 in, LED TV4K Resolution, 3840 x 2160 pixelsWifi, EthernetSmart TV2 Speakers, 24 W Output2 GB RAM, 16 GB Storage3 HDMI Ports, 1 USB PortsDolby Audio",flipkart,50
LG Nano AI NU885 75 inch Ultra HD 4K Smart LED TV (75NU885BPLA),"₹97,990",4.25,"75 in, LED TV4K Resolution, 3840 x 2160 pixelsWifi, EthernetSmart TV2 Speakers, 20 W OutputHDR3 HDMI Ports, 1 USB PortsDolby Atmos",croma,66
TCL T6D 75 inch Ultra HD 4K Smart QLED TV (75T6D),"₹79,990",4.75,"75 in, QLED TV4K Resolution, 3840 x 2160 pixelsWifi, EthernetSmart TV2 Speakers, 24 W Output2 GB RAM, 16 GB StorageHDR, Dolby Vision3 HDMI Ports, 1 USB Ports",amazon,66
Sansui JSWD43CSFHD 43 inch Full HD Smart LED TV,"₹23,990",4.2,"43 in, LED TVFull HD, 1920 x 1080 pixelsWifi, EthernetSmart TV2 Speakers, 20 W Output4 GB RAM, 512 MB Storage2 HDMI Ports, 2 USB PortsDolby Audio",amazon,39
Samsung U8500H 50 inch Ultra HD 4K Smart LED TV (UA50U8500HULXL),"₹44,290",4.1,"50 in, LED TV4K Resolution, 3840 x 2160 pixelsWifiSmart TV2 Speakers, 30 W OutputHDR, High Frame Rate (HFR)3 HDMI Ports, 1 USB PortsSupports Apps & Games",croma,56
Samsung R95H 65 inch Ultra HD 4K Smart Micro RGB TV (MRA65MR95HXUXXL),"₹2,40,990",4.1,"65 in, Micro RGB TV4K Resolution, 3840 x 2160 pixelsWifi, EthernetSmart TV70 W OutputHDR, High Frame Rate (HFR)4 HDMI Ports, 2 USB PortsDolby Atmos",croma,80
Samsung U8500H 65 inch Ultra HD 4K Smart LED TV (UA65U8500HULXL),"₹77,590",4.55,"65 in, LED TV4K Resolution, 3840 x 2160 pixelsWifiSmart TV2 Speakers, 30 W OutputHDR, High Frame Rate (HFR)3 HDMI Ports, 1 USB PortsSupports Apps & Games",croma,63
Samsung QN70H 43 inch Ultra HD 4K Smart QLED TV (QA43QN70HAULXL),"₹54,490",4.4,"43 in, QLED TV4K Resolution, 3840 x 2160 pixelsWifi, EthernetSmart TV2 Speakers, 20 W OutputHDR3 HDMI Ports, 2 USB PortsSupports Apps & Games",croma,55
Samsung UE83AH 65 inch Ultra HD 4K Smart LED TV (UA65UE83AHULXL),"₹62,999",4.4,"65 in, LED TV4K Resolution, 3840 x 2160 pixelsWifiSmart TV2 Speakers, 30 W OutputHDR3 HDMI Ports, 1 USB PortsSupports Apps & Games",flipkart,60
Samsung U8600H 43 inch Ultra HD 4K Smart LED TV (UA43U8600HULXL),"₹37,990",4.25,"43 in, LED TV4K Resolution, 3840 x 2160 pixelsWifiSmart TV2 Speakers, 30 W OutputHDR3 HDMI Ports, 1 USB PortsSupports Apps & Games",croma,52
TCL T89D 65 inch Ultra HD 4K Smart QLED TV (65T89D),"₹67,999",4.6,"65 in, QLED TV4K Resolution, 3840 x 2160 pixelsWifi, EthernetSmart TV35 W Output3 GB RAM, 32 GB StorageHDR, Dolby Vision4 HDMI Ports, 1 USB Ports",flipkart,70
T-Series 43TS109GTF-I 43 inch Full HD Smart LED TV,"₹20,099",4.75,"43 in, LED TVFull HD, 1920 x 1080 pixelsWifiSmart TV2 Speakers, 20 W Output8 GB Storage2 HDMI Ports, 2 USB PortsSupports Apps & Games",flipkart,38
Hisense E5S 32 inch HD Ready Smart QLED TV (32E5S),"₹13,999",4.7,"32 in, QLED TV1366 x 768 pixelsWifi, EthernetSmart TV2 Speakers, 26 W OutputHDR3 HDMI Ports, 2 USB PortsSupports Apps & Games",flipkart,40
LG Nano AI NU885 65 inch Ultra HD 4K Smart LED TV (65NU885BPLA),"₹72,790",4.45,"65 in, LED TV4K Resolution, 3840 x 2160 pixelsWifi, EthernetSmart TV2 Speakers, 20 W OutputHDR3 HDMI Ports, 1 USB PortsDolby Atmos",croma,62
LG AI NANO NU87 65 inch Ultra HD 4K Smart LED TV (65NU870BPLA),"₹67,999",4.15,"65 in, LED TV4K Resolution, 3840 x 2160 pixelsWifi, EthernetSmart TV2 Speakers, 20 W OutputHDR3 HDMI Ports, 1 USB PortsDolby Atmos",amazon,59
Croma CREL032HGL024652 32 inch HD Ready Smart LED TV,"₹13,490",4,"32 in, LED TV1366 x 768 pixelsWifi, EthernetSmart TV2 Speakers, 20 W Output1 GB RAM, 8 GB StorageHDR2 HDMI Ports, 2 USB Ports",croma,39
Realme TechLife 43FHDGDRDDRB 43 inch Full HD Smart LED TV,"₹21,899",4.55,"43 in, LED TVFull HD, 1920 x 1080 pixelsWifi, EthernetSmart TV2 Speakers, 30 W Output1 GB RAM, 8 GB StorageHDR3 HDMI Ports, 2 USB Ports",flipkart,42
Toshiba E350SP 43 inch Ultra HD 4K Smart LED TV (43E350SP),"₹27,990",4.25,"43 in, LED TV4K Resolution, 3840 x 2160 pixelsWifi, EthernetSmart TV30 W OutputHDR, Dolby Vision3 HDMI Ports, 2 USB PortsDolby Atmos",amazon,49
Hisense E6S Series 65 inch Ultra HD 4K Smart LED TV (65E6S),"₹49,990",4.2,"65 in, LED TV4K Resolution, 3840 x 2160 pixelsWifi, EthernetSmart TV30 W OutputHDR, Dolby Vision3 HDMI Ports, 2 USB PortsDolby Atmos",amazon,56
Samsung QN2EH 65 inch Ultra HD 4K Smart QLED TV (QA65QN2EHAULXL),"₹96,889",4.65,"65 in, QLED TV4K Resolution, 3840 x 2160 pixelsWifiSmart TV2 Speakers, 20 W OutputHDR3 HDMI Ports, 2 USB PortsSupports Apps & Games",amazon,68
Toshiba E350SP 50 inch Ultra HD 4K Smart LED TV (50E350SP),"₹31,990",4.55,"50 in, LED TV4K Resolution, 3840 x 2160 pixelsWifi, EthernetSmart TV30 W OutputHDR, Dolby Vision3 HDMI Ports, 3 USB PortsDolby Atmos",amazon,51
Samsung Vision AI UE85AH 75 inch Ultra HD 4K Smart LED TV (UA75UE85AHULXL),"₹86,990",4.5,"75 in, LED TV4K Resolution, 3840 x 2160 pixelsWifiSmart TV2 Speakers, 20 W OutputHDR3 HDMI Ports, 1 USB PortsSupports Apps & Games",amazon,67
Samsung Vision AI S95H 55 inch Ultra HD 4K Smart OLED TV (QA55S95HXULXL),"₹1,80,990",4.5,"55 in, OLED TV4K Resolution, 3840 x 2160 pixelsWifi, EthernetSmart TV70 W OutputHDR4 HDMI Ports, 3 USB PortsDolby Atmos",croma,82
Samsung U8500H 75 inch Ultra HD 4K Smart LED TV (UA75U8500HULXL),"₹1,02,490",4.25,"75 in, LED TV4K Resolution, 3840 x 2160 pixelsWifiSmart TV2 Speakers, 20 W OutputHDR, High Frame Rate (HFR)3 HDMI Ports, 1 USB PortsSupports Apps & Games",croma,67
Samsung Vision AI S85H 55 inch Ultra HD 4K Smart OLED TV (QA55S85HAELXL),"₹1,07,999",4.55,"55 in, OLED TV4K Resolution, 3840 x 2160 pixelsWifi, EthernetSmart TV2 Speakers, 20 W OutputHDR4 HDMI Ports, 2 USB PortsDolby Atmos",flipkart,75
Samsung Vision AI S95H 65 inch Ultra HD 4K Smart OLED TV (QA65S95HXULXL),"₹2,19,990",4.55,"65 in, OLED TV4K Resolution, 3840 x 2160 pixelsWifi, EthernetSmart TV70 W OutputHDR4 HDMI Ports, 3 USB PortsDolby Atmos",amazon,84
Samsung QN80H 100 inch Ultra HD 4K Smart QLED TV (QA100QN80HUXXL),"₹5,70,990",4.4,"100 in, QLED TV4K Resolution, 3840 x 2160 pixelsWifi, EthernetSmart TV30 W OutputHDR, High Frame Rate (HFR)4 HDMI Ports, 2 USB PortsDolby Atmos",croma,82
Samsung QN70H 65 inch Ultra HD 4K Smart QLED TV (QA65QN70HAULXL),"₹1,24,990",4.2,"65 in, QLED TV4K Resolution, 3840 x 2160 pixelsWifi, EthernetSmart TV2 Speakers, 20 W OutputHDR3 HDMI Ports, 2 USB PortsSupports Apps & Games",croma,66
Toshiba E36RP Series 43 inch Full HD Smart QLED TV (43E36RP),"₹24,990",4.35,"43 in, QLED TVFull HD, 1920 x 1080 pixelsWifi, EthernetSmart TV26 W OutputHDR3 HDMI Ports, 2 USB PortsDolby Audio",amazon,45
Hisense E6S Series 55 inch Ultra HD 4K Smart LED TV (55E6S),"₹35,990",4.15,"55 in, LED TV4K Resolution, 3840 x 2160 pixelsWifi, EthernetSmart TV30 W OutputHDR, Dolby Vision3 HDMI Ports, 2 USB PortsDolby Atmos",amazon,54
Motorola 43FHDGQMGS4Q 43 inch Full HD Smart QLED TV,"₹22,499",4.3,"43 in, QLED TVFull HD, 1920 x 1080 pixelsWifi, EthernetSmart TV50 W Output1 GB RAM, 8 GB Storage2 HDMI Ports, 2 USB PortsDolby Audio",flipkart,46
Croma Pro CREL055UGQ024650 55 inch Ultra HD 4K Smart QLED TV,"₹41,990",4.65,"55 in, QLED TV4K Resolution, 3840 x 2160 pixelsWifi, EthernetSmart TV20 W Output2 GB RAM, 32 GB StorageHDR3 HDMI Ports, 2 USB Ports",croma,57
Coocaa 75MINI75Q 75 inch Ultra HD 4K Smart Mini LED TV,"₹63,999",4.35,"75 in, Mini LED TV4K Resolution, 3840 x 2160 pixelsWifi, EthernetSmart TV2 Speakers, 36 W OutputA55 Quad core, 1.5GHz Processor, 2 GB RAM, 32 GB StorageHDR, Dolby Vision3 HDMI Ports, 2 USB Ports",amazon,69
Akai AL32GS-SMWS 32 inch HD Ready Smart LED TV,"₹12,980",4.4,"32 in, LED TV1366 x 768 pixelsWifi, EthernetSmart TV2 Speakers, 20 W OutputQuad Core Processor, 1 GB RAM, 8 GB StorageHDR2 HDMI Ports, 2 USB Ports",flipkart,35
Onida Q55UDI 55 inch Ultra HD 4K Smart QLED TV,"₹32,999",4.55,"55 in, QLED TV4K Resolution, 3840 x 2160 pixelsWifi, EthernetSmart TVHDR3 HDMI Ports, 2 USB PortsSupports Apps & Games60 Hz, 16:9 Ratio",amazon,46
Samsung Q7F 98 inch Ultra HD 4K Smart QLED TV (QA98Q7FAAULXL),"₹2,91,490",4,"98 in, QLED TV4K Resolution, 3840 x 2160 pixelsWifi, EthernetSmart TV2 Speakers, 20 W OutputHDR, High Frame Rate (HFR)3 HDMI Ports, 1 USB PortsSupports Apps & Games",croma,71
Bush BH55S YPRO/U 55 inch Ultra HD 4K Smart LED TV,"₹25,499",4,"55 in, LED TV4K Resolution, 3840 x 2160 pixelsWifi, EthernetSmart TV2 Speakers, 20 W Output512 MB RAM, 8 GB Storage2 HDMI Ports, 2 USB PortsSupports Apps & Games",flipkart,43
Bush BH43S Y PRO 43 inch Full HD Smart LED TV,"₹14,999",4.2,"43 in, LED TVFull HD, 1920 x 1080 pixelsWifi, EthernetSmart TV2 Speakers, 20 W Output512 MB RAM, 8 GB Storage2 HDMI Ports, 2 USB PortsSupports Apps & Games",flipkart,36
Haier A9G 43 inch Full HD Smart LED TV (43A9G),"₹26,980",4.5,"43 in, LED TVFull HD, 1920 x 1080 pixelsWifi, EthernetSmart TV2 Speakers, 20 W Output2 GB RAM, 8 GB StorageHDR2 HDMI Ports, 2 USB Ports",flipkart,39
Realme TechLife 85UHDGQRWSDQ 85 inch Ultra HD 4K Smart QLED TV,"₹97,499",4.3,"85 in, QLED TV4K Resolution, 3840 x 2160 pixelsWifi, EthernetSmart TV2 Speakers, 30 W Output2 GB RAM, 32 GB StorageHDR, Dolby Vision3 HDMI Ports, 2 USB Ports",flipkart,72
Realme TechLife 65UHDGQRASDQ 65 inch Ultra HD 4K Smart QLED TV,"₹44,499",4.45,"65 in, QLED TV4K Resolution, 3840 x 2160 pixelsWifi, EthernetSmart TV2 Speakers, 40 W Output2 GB RAM, 32 GB StorageHDR, Dolby Vision3 HDMI Ports, 2 USB Ports",flipkart,59
Onida Karaoke Series 43 inch Ultra HD 4K Smart QLED TV (Q43UFHD),"₹27,799",4.6,"43 in, QLED TV4K Resolution, 3840 x 2160 pixelsWifi, EthernetSmart TV2 Speakers, 20 W OutputHDR, Dolby Vision3 HDMI Ports, 2 USB PortsDolby Atmos",flipkart,50
Onida Karaoke Series 43 inch Ultra HD 4K Smart LED TV (43UGF),"₹26,499",4.75,"43 in, LED TV4K Resolution, 3840 x 2160 pixelsWifi, EthernetSmart TV2 Speakers, 20 W OutputHDR, Dolby Vision3 HDMI Ports, 1 USB PortsDolby Atmos",flipkart,49
Onida Karaoke Series 50 inch Ultra HD 4K Smart QLED TV (Q50UGFHD),"₹32,499",4.35,"50 in, QLED TV4K Resolution, 3840 x 2160 pixelsWifi, EthernetSmart TV2 Speakers, 20 W OutputHDR, Dolby Vision3 HDMI Ports, 2 USB PortsDolby Atmos",flipkart,52
realme TechLife 32HDGQRVSAQ 32 inch HD Ready Smart QLED TV,"₹11,199",4.6,"32 in, QLED TV1366 x 768 pixelsWifi, EthernetSmart TV2 Speakers, 20 W Output1 GB RAM, 8 GB StorageHDR2 HDMI Ports, 2 USB Ports",flipkart,37
RGL RGL4301 43 inch Ultra HD 4K Smart LED TV,"₹21,986",4.45,"43 in, LED TV4K Resolution, 3840 x 2160 pixelsWifi, EthernetSmart TV2 Speakers, 30 W Output2 HDMI Ports, 2 USB PortsSupports Apps & Games60 Hz, 16:9 Ratio",flipkart,39
RGL RGL4301 43 inch Full HD Smart LED TV,"₹18,987",4.55,"43 in, LED TVFull HD, 1920 x 1080 pixelsSmart TV2 Speakers, 30 W Output2 HDMI Ports, 2 USB PortsSupports Apps & Games60 Hz, 16:9 Ratio",flipkart,30
RGL RGS5502 55 inch Ultra HD 4K Smart LED TV,"₹37,006",4.75,"55 in, LED TV4K Resolution, 3840 x 2160 pixelsSmart TV2 Speakers, 30 W Output2 HDMI Ports, 2 USB PortsSupports Apps & GamesScreen Mirroring60 Hz",flipkart,42
Wobble K Series 43 inch Full HD Smart LED TV (WB43FDAGU2841D25),"₹18,999",4.5,"43 in, LED TVFull HD, 1920 x 1080 pixelsWifi, EthernetSmart TV2 Speakers, 30 W Output8 GB Storage3 HDMI Ports, 2 USB PortsDolby Audio",flipkart,36
Wobble K Series 65 inch Ultra HD 4K Smart LED TV (WB65UDAGU2875D25),"₹43,999",4.35,"65 in, LED TV4K Resolution, 3840 x 2160 pixelsWifi, EthernetSmart TV36 W OutputQuad Core Processor, 2 GB RAM, 16 GB StorageHDR, Dolby Vision3 HDMI Ports, 2 USB Ports",flipkart,55
Wobble X Series 50 inch Ultra HD 4K Smart QLED TV (WB50QDXGU2875T24),"₹33,999",4.4,"50 in, QLED TV4K Resolution, 3840 x 2160 pixelsWifi, EthernetSmart TV80 W Output16 GB Storage3 HDMI Ports, 2 USB PortsDolby Atmos",flipkart,50
Wobble X Series 55 inch Ultra HD 4K Smart QLED TV (WB55QDXGU2875T24),"₹37,999",4.5,"55 in, QLED TV4K Resolution, 3840 x 2160 pixelsWifi, EthernetSmart TV80 W Output16 GB Storage3 HDMI Ports, 2 USB PortsDolby Atmos",flipkart,51
Wobble X Series 43 inch Ultra HD 4K Smart QLED TV (WB43QDXGU2875T24),"₹25,999",4.25,"43 in, QLED TV4K Resolution, 3840 x 2160 pixelsWifi, EthernetSmart TV80 W Output16 GB Storage3 HDMI Ports, 2 USB PortsDolby Atmos",amazon,48
Blaupunkt BP32JQHD0006 32 inch HD Ready Smart QLED TV,"₹9,749",4,"32 in, QLED TV1366 x 768 pixelsWifi, EthernetSmart TV48 W OutputAmlogic Processor, 1 GB RAM, 8 GB Storage2 HDMI Ports, 2 USB PortsSupports Apps & Games",flipkart,34
Thomson 32TJHQ002 32 inch HD Ready Smart QLED TV,"₹9,749",4.05,"32 in, QLED TV1366 x 768 pixelsEthernetSmart TV2 Speakers, 36 W OutputAmlogic Processor, 1 GB RAM, 8 GB Storage2 HDMI Ports, 2 USB PortsSupports Apps & Games",flipkart,31
Motorola 65UHDGQMWSDQ 65 inch Ultra HD 4K Smart QLED TV,"₹43,999",4.55,"65 in, QLED TV4K Resolution, 3840 x 2160 pixelsWifi, EthernetSmart TV2 Speakers, 50 W Output2 GB RAM, 32 GB StorageHDR, Dolby Vision3 HDMI Ports, 2 USB Ports",flipkart,61
Realme TechLife 55UHDGDRWSDB 55 inch Ultra HD 4K Smart LED TV,"₹31,999",4.35,"55 in, LED TV4K Resolution, 3840 x 2160 pixelsWifi, EthernetSmart TV2 Speakers, 30 W Output2 GB RAM, 32 GB StorageHDR3 HDMI Ports, 2 USB Ports",flipkart,48
Motorola 55UHDGQMWSDQ 55 inch Ultra HD 4K Smart QLED TV,"₹32,999",4.15,"55 in, QLED TV4K Resolution, 3840 x 2160 pixelsWifi, EthernetSmart TV2 Speakers, 50 W Output2 GB RAM, 32 GB StorageHDR, Dolby Vision3 HDMI Ports, 2 USB Ports",flipkart,59
Realme TechLife 65UHDGDRWSDB 65 inch Ultra HD 4K Smart LED TV,"₹42,499",4.5,"65 in, LED TV4K Resolution, 3840 x 2160 pixelsWifi, EthernetSmart TV2 Speakers, 30 W Output2 GB RAM, 32 GB StorageHDR3 HDMI Ports, 2 USB Ports",flipkart,51
Haier H5E 65 inch Ultra HD 4K Smart LED TV (65H5E),"₹60,490",4.3,"65 in, LED TV4K Resolution, 3840 x 2160 pixelsWifi, EthernetSmart TV2 Speakers, 20 W OutputARM Advanced Multi-Core Cortex CA55 Processor, 2 GB RAM, 32 GB StorageHDR4 HDMI Ports, 2 USB Ports",amazon,55
Haier H5E 55 inch Ultra HD 4K Smart LED TV (55H5E),"₹41,490",4.3,"55 in, LED TV4K Resolution, 3840 x 2160 pixelsWifi, EthernetSmart TV2 Speakers, 20 W OutputARM Advanced Multi-Core Cortex CA55 Processor, 2 GB RAM, 32 GB StorageHDR4 HDMI Ports, 2 USB Ports",amazon,51
Croma 50UGL024651 50 inch Ultra HD 4K Smart LED TV,"₹27,990",4.55,"50 in, LED TV4K Resolution, 3840 x 2160 pixelsWifi, EthernetSmart TV2 Speakers, 20 W OutputQuad Core Processor, 2 GB RAM, 16 GB StorageHDR4 HDMI Ports, 2 USB Ports",croma,48
VW Pro Series 55 inch Ultra HD 4K Smart QLED TV (VW55GQ1),"₹29,999",4.75,"55 in, QLED TV4K Resolution, 3840 x 2160 pixelsWifi, EthernetSmart TV2 Speakers, 48 W Output2 GB RAM, 16 GB StorageHDR3 HDMI Ports, 2 USB Ports",flipkart,52
Motorola 43FHDGQMVSMQ 43 inch Full HD Smart QLED TV,"₹22,499",4.05,"43 in, QLED TVFull HD, 1920 x 1080 pixelsWifi, EthernetSmart TV2 Speakers, 40 W Output1 GB RAM, 8 GB Storage2 HDMI Ports, 2 USB PortsSupports Apps & Games",flipkart,40
Croma 32HBL024602 32 inch Full HD LED TV,"₹8,490",4.75,"32 in, LED TV1366 x 768 pixelsSmart TV: No2 Speakers, 20 W Output2 HDMI Ports, 2 USB PortsDolby Audio60 Hz, 16.9 Ratio",croma,21
Croma CREL043UGL024651 43 inch Ultra HD 4K Smart LED TV,"₹23,990",4.15,"43 in, LED TV4K Resolution, 3840 x 2160 pixelsEthernetSmart TV2 Speakers, 20 W OutputQuad Core Processor, 2 GB RAM, 16 GB StorageHDR4 HDMI Ports, 2 USB Ports",croma,43
Realme TechLife 55UHDWQRALLQ 55 inch Ultra HD 4K Smart QLED TV,"₹30,499",4.2,"55 in, QLED TV4K Resolution, 3840 x 2160 pixelsWifi, EthernetSmart TV2 Speakers, 30 W OutputQuad Core Processor, 1 GB RAM, 8 GB StorageHDR3 HDMI Ports, 2 USB Ports",flipkart,50
Croma CREL055UGQ333850 55 inch Ultra HD 4K Smart QLED TV,"₹36,990",4.15,"55 in, QLED TV4K Resolution, 3840 x 2160 pixelsWifi, EthernetSmart TV2 Speakers, 20 W Output2 GB RAM, 16 GB Storage3 HDMI Ports, 2 USB PortsDolby Audio",croma,50
Hisense Tornado A7Q 55 inch Ultra HD 4K Smart LED TV (55A7Q),"₹41,990",4.4,"55 in, LED TV4K Resolution, 3840 x 2160 pixelsWifiSmart TV49 W Output2 GB RAM, 16 GB StorageHDR, Dolby Vision3 HDMI Ports, 2 USB Ports",flipkart,55
Haier M92 65 inch Ultra HD 4K Smart Mini LED TV (H65M92FUX),"₹1,05,990",4.55,"65 in, Mini LED TV4K Resolution, 3840 x 2160 pixelsWifi, EthernetSmart TV2 Speakers, 50 W Output4 GB RAM, 64 GB StorageHDR, Dolby Vision4 HDMI Ports, 2 USB Ports",amazon,80
LG QNED 8GA 55 inch Ultra HD 4K Smart Mini LED TV (55QNED8GA6A),"₹78,740",4.6,"55 in, Mini LED TV4K Resolution, 3840 x 2160 pixelsWifi, EthernetSmart TV2 Speakers, 20 W OutputHDR, Dolby Vision, High Frame Rate (HFR)4 HDMI Ports, 2 USB PortsDolby Atmos",amazon,70
Onida NexG 43 inch Ultra HD 4K Smart LED TV (43UGI),"₹24,493",4.45,"43 in, LED TV4K Resolution, 3840 x 2160 pixelsWifiSmart TV2 Speakers, 20 W Output2 GB RAM, 16 GB Storage3 HDMI Ports, 2 USB PortsSupports Apps & Games",flipkart,43
VZY X43UHQG5 43 inch Ultra HD 4K Smart QLED TV,"₹27,990",4.45,"43 in, QLED TV4K Resolution, 3840 x 2160 pixelsSmart TV40 W OutputA55 x 4@1.5GHZ Processor, 2 GB RAM, 32 GB StorageHDR2 HDMI Ports, 2 USB PortsDolby Audio",flipkart,49
Sansui JSW55UG23 55 inch Ultra HD 4K Smart LED TV,"₹37,490",4,"55 in, LED TV4K Resolution, 3840 x 2160 pixelsWifi, EthernetSmart TV2 Speakers, 20 W Output2 GB RAM, 16 GB StorageHDR3 HDMI Ports, 2 USB Ports",flipkart,50
Onida MZ55MIN 55 inch Ultra HD 4K Smart Mini LED TV,"₹47,999",4.75,"55 in, Mini LED TV4K Resolution, 3840 x 2160 pixelsWifi, EthernetSmart TV2 Speakers, 20 W OutputHDR, Dolby Vision3 HDMI Ports, 2 USB PortsDolby Atmos",amazon,58
Kodak MotionX 65 inch Ultra HD 4K Smart QLED TV (65MX1212),"₹44,999",4.45,"65 in, QLED TV4K Resolution, 3840 x 2160 pixelsWifi, EthernetSmart TV70 W Output2 GB RAM, 32 GB Storage3 HDMI Ports, 2 USB PortsSupports Apps & Games",flipkart,56
Haier K85 Series 65 inch Ultra HD 4K Smart LED TV (H65K85FUX),"₹60,490",4.15,"65 in, LED TV4K Resolution, 3840 x 2160 pixelsWifiSmart TV2 Speakers, 20 W Output4 HDMI Ports, 2 USB PortsSupports Apps & Games60 Hz, 16:9 Ratio",flipkart,47
Kodak MotionX 75 inch Ultra HD 4K Smart QLED TV (75MX0019),"₹64,999",4.35,"75 in, QLED TV4K Resolution, 3840 x 2160 pixelsWifi, EthernetSmart TV70 W Output2 GB RAM, 32 GB Storage3 HDMI Ports, 2 USB PortsSupports Apps & Games",flipkart,60
Vu Masterpiece Frame Series 2025 75 inch Ultra HD 4K Smart QLED TV (75MASTERPIECE),"₹93,999",4.5,"75 in, QLED TV4K Resolution, 3840 x 2160 pixelsWifi, EthernetSmart TV6 Speakers, 124 W Output3 GB RAM, 16 GB StorageHDR, Dolby Vision, High Frame Rate (HFR)3 HDMI Ports, 2 USB Ports",flipkart,77
Sansui JSW43FHG5Q 43 inch Full HD Smart QLED TV,"₹26,990",4.5,"43 in, LED TVFull HD, 1920 x 1080 pixelsWifi, EthernetSmart TV2 Speakers, 20 W Output1 GB RAM, 8 GB StorageHDR2 HDMI Ports, 2 USB Ports",amazon,40
Sansui JSW100GSQLEDFF 100 inch Ultra HD 4K Smart QLED TV,"₹2,79,990",4.3,"100 in, QLED TV4K Resolution, 3840 x 2160 pixelsWifi, EthernetSmart TV2 Speakers, 60 W OutputA73 x 4-1.5GHz Processor, 3 GB RAM, 32 GB StorageHDR, Dolby Vision3 HDMI Ports, 2 USB Ports",amazon,82
LG LR573 32 inch HD Ready Smart LED TV (32LR573B6LA),"₹15,800",4.05,"32 in, LED TV1366 x 768 pixelsWifi, EthernetSmart TV2 Speakers, 10 W OutputHDR2 HDMI Ports, 1 USB Ports60 Hz, 16:9 Ratio",flipkart,34
Acer Ultra V Series 50 inch Ultra HD 4K Smart QLED TV (AR50QDVGU2875BD),"₹27,999",4.75,"50 in, QLED TV4K Resolution, 3840 x 2160 pixelsWifi, EthernetSmart TV36 W Output2 GB RAM, 16 GB StorageHDR, Dolby Vision3 HDMI Ports, 2 USB Ports",amazon,55
Elista TDU43GA 43 inch Ultra HD 4K Smart LED TV,"₹25,960",4.7,"43 in, LED TV4K Resolution, 3840 x 2160 pixelsWifiSmart TV2 Speakers, 20 W Output2 GB RAM, 16 GB StorageHDR3 HDMI Ports, 2 USB Ports",flipkart,43
Croma CREL065UGQ024650 65 inch Smart QLED TV,"₹58,990",4.65,"65 in, QLED TV4K Resolution, 3840 x 2160 pixelsWifi, EthernetSmart TV40 W Output2 GB RAM, 32 GB StorageHDR3 HDMI Ports, 2 USB Ports",croma,59
Acer Ultra I Series 65 inch Ultra HD 4K Smart LED TV (AR65UDGGU2875BD),"₹43,999",4.3,"65 in, LED TV4K Resolution, 3840 x 2160 pixelsWifi, EthernetSmart TV40 W OutputDual Core Processor, 2 GB RAM, 16 GB StorageHDR, Dolby Vision3 HDMI Ports, 2 USB Ports",flipkart,56
Acer Ultra I Series 55 inch Ultra HD 4K Smart LED TV (AR55UDGGU2875BD),"₹30,999",4.4,"55 in, LED TV4K Resolution, 3840 x 2160 pixelsWifi, EthernetSmart TV36 W OutputDual Core Processor, 2 GB RAM, 16 GB StorageHDR, Dolby Vision3 HDMI Ports, 2 USB Ports",amazon,54
Wobble K Series 43 inch Ultra HD 4K Smart LED TV (WB43UDAGU2875D25),"₹20,499",4.15,"43 in, LED TV4K Resolution, 3840 x 2160 pixelsWifi, EthernetSmart TV30 W OutputQuad Core Processor, 2 GB RAM, 16 GB StorageHDR, Dolby Vision3 HDMI Ports, 2 USB Ports",amazon,49
Toshiba Z570RP 98 inch Ultra HD 4K Smart QLED TV (98Z570RP),"₹2,49,999",4.15,"98 in, QLED TV4K Resolution, 3840 x 2160 pixelsWifi, EthernetSmart TV60 W Output16 GB StorageHDR, Dolby Vision, High Frame Rate (HFR)4 HDMI Ports, 2 USB Ports",amazon,80
Metz QP225G 32 inch HD Ready Smart QLED TV (32QP225G),"₹13,999",4.1,"32 in, QLED TV1366 x 768 pixelsWifiSmart TV2 Speakers, 20 W OutputA55, 1.5GHz Processor, 8 GB Storage2 HDMI Ports, 2 USB PortsSupports Apps & Games",flipkart,35
TCL C72K 98 inch Ultra HD 4K Smart Mini LED TV (98C72K),"₹3,99,990",4.4,"98 in, Mini LED TV4K Resolution, 3840 x 2160 pixelsWifi, EthernetSmart TV2 Speakers, 20 W OutputA73 Processor, 3 GB RAM, 64 GB StorageHDR, Dolby Vision, High Frame Rate (HFR)4 HDMI Ports, 1 USB Ports",croma,82
Metz QP225G 43 inch Full HD Smart QLED TV (43QP225G),"₹35,999",4.25,"43 in, QLED TVFull HD, 1920 x 1080 pixelsWifi, EthernetSmart TV2 Speakers, 20 W OutputA55, 1.5GHz Processor, 8 GB StorageHDR2 HDMI Ports, 2 USB Ports",flipkart,43
Toshiba M450RP Series 75 inch Ultra HD 4K Smart QLED TV (75M450RP),"₹77,499",4.2,"75 in, QLED TV4K Resolution, 3840 x 2160 pixelsWifi, EthernetSmart TV36 W OutputHDR, Dolby Vision3 HDMI Ports, 2 USB PortsDolby Atmos",amazon,66
Motorola 75UHDGQMWSTQ 75 inch Ultra HD 4K Smart QLED TV,"₹62,999",4.35,"75 in, QLED TV4K Resolution, 3840 x 2160 pixelsWifi, EthernetSmart TV2 Speakers, 30 W OutputQuad Core Processor, 2 GB RAM, 32 GB StorageHDR, Dolby Vision3 HDMI Ports, 2 USB Ports",flipkart,61
Metz QP425G 43 inch Ultra HD 4K Smart QLED TV (43QP425G),"₹24,999",4.25,"43 in, QLED TV4K Resolution, 3840 x 2160 pixelsWifi, EthernetSmart TV2 Speakers, 30 W OutputA55, 1.5GHz Processor, 32 GB StorageHDR, Dolby Vision3 HDMI Ports, 2 USB Ports",flipkart,55
Metz Frameless 65 inch Ultra HD 4K Smart LED TV (65G425E),"₹55,999",4.15,"65 in, LED TV4K Resolution, 3840 x 2160 pixelsWifi, EthernetSmart TV2 Speakers, 30 W OutputA55, 1.5GHz Processor, 32 GB StorageHDR3 HDMI Ports, 2 USB Ports",flipkart,53
Metz QP425G 65 inch Ultra HD 4K Smart QLED TV (65QP425G),"₹59,999",4.35,"65 in, QLED TV4K Resolution, 3840 x 2160 pixelsWifi, EthernetSmart TV2 Speakers, 30 W OutputA55, 1.5GHz Processor, 32 GB StorageHDR, Dolby Vision3 HDMI Ports, 2 USB Ports",flipkart,65
Metz Frameless 55 inch Ultra HD 4K Smart LED TV (55G425E),"₹35,999",4.3,"55 in, LED TV4K Resolution, 3840 x 2160 pixelsWifi, EthernetSmart TV2 Speakers, 30 W OutputA55, 1.5GHz Processor, 32 GB StorageHDR3 HDMI Ports, 2 USB Ports",flipkart,49
Sansui JSW65UG23Q 65 inch Ultra HD 4K Smart QLED TV,"₹58,490",4.05,"65 in, QLED TV4K Resolution, 3840 x 2160 pixelsWifi, EthernetSmart TV2 Speakers, 30 W OutputQuad Core Processor, 2 GB RAM, 32 GB StorageHDR, Dolby Vision3 HDMI Ports, 2 USB Ports",amazon,65
Blaupunkt BP50JQD0026 50 inch Ultra HD 4K Smart QLED TV,"₹24,999",4.05,"50 in, QLED TV4K Resolution, 3840 x 2160 pixelsWifi, EthernetSmart TV2 Speakers, 48 W OutputAmlogic Chipset Processor, 2 GB RAM, 8 GB Storage3 HDMI Ports, 2 USB PortsDolby Audio",flipkart,45
Blaupunkt BP55JQD0036 55 inch Ultra HD 4K Smart QLED TV,"₹28,999",4.05,"55 in, QLED TV4K Resolution, 3840 x 2160 pixelsWifi, EthernetSmart TV2 Speakers, 48 W OutputAmlogic Chipset Processor, 2 GB RAM, 8 GB Storage3 HDMI Ports, 2 USB PortsSupports Apps & Games",flipkart,46
TCL C6KS 65 inch Ultra HD 4K Smart QLED TV (65C6KS),"₹64,999",4.65,"65 in, QLED TV4K Resolution, 3840 x 2160 pixelsWifi, EthernetSmart TV2 Speakers, 20 W Output2 GB RAM, 16 GB StorageHDR, Dolby Vision3 HDMI Ports, 2 USB Ports",flipkart,65
TCL C6KS 75 inch Ultra HD 4K Smart QLED TV (75C6KS),"₹99,999",4.3,"75 in, QLED TV4K Resolution, 3840 x 2160 pixelsWifi, EthernetSmart TV2 Speakers, 20 W Output2 GB RAM, 16 GB StorageHDR, Dolby Vision3 HDMI Ports, 2 USB Ports",flipkart,67
Thomson 55TJQ0032 55 inch Ultra HD 4K Smart QLED TV,"₹27,999",4.75,"55 in, QLED TV4K Resolution, 3840 x 2160 pixelsWifi, EthernetSmart TV48 W OutputAmlogic Chipset Processor, 2 GB RAM, 8 GB Storage3 HDMI Ports, 2 USB PortsDolby Audio",flipkart,46
Nacson NS43FHD25M 43 inch Full HD Smart LED TV,"₹19,999",4.45,"43 in, LED TVFull HD, 1920 x 1080 pixelsWifi, EthernetSmart TV2 Speakers, 30 W Output2 HDMI Ports, 2 USB PortsSupports Apps & GamesScreen Mirroring",flipkart,37
BPL 32HF2300 32 inch HD Ready Smart LED TV,"₹12,490",4.6,"32 in, LED TV1366 x 768 pixelsWifiSmart TV2 Speakers, 20 W Output1 HDMI Ports, 2 USB PortsSupports Apps & Games60 Hz, 16:9 Ratio",flipkart,31
Panasonic TH-55PX735DX 55 inch Ultra HD 4K Smart LED TV,"₹46,636",4.6,"55 in, LED TV4K Resolution, 3840 x 2160 pixelsWifiSmart TV2 Speakers, 20 W Output2 GB RAM, 16 GB StorageHDR3 HDMI Ports, 2 USB Ports",flipkart,53
Skylive SL328SG 32 inch HD Ready Smart LED TV,"₹8,244",4.1,"32 in, LED TV1366 x 768 pixelsWifiSmart TV2 Speakers, 20 W Output2 HDMI Ports, 2 USB PortsSupports Apps & GamesScreen Mirroring",flipkart,31
Croma CREL050UGL024650 50 inch Ultra HD 4K Smart LED TV,"₹29,990",4.55,"50 in, LED TV4K Resolution, 3840 x 2160 pixelsWifiSmart TV2 Speakers, 20 W Output2 GB RAM, 32 GB StorageHDR3 HDMI Ports, 2 USB Ports",croma,48
Sansui JSS32GSQLED 32 inch HD Ready Smart QLED TV,"₹12,799",4.6,"32 in, QLED TV1366 x 768 pixelsWifi, EthernetSmart TV2 Speakers, 20 W Output1 GB RAM, 8 GB StorageHDR2 HDMI Ports, 2 USB Ports",flipkart,38
Coocaa S4U Plus 50 inch Full HD Smart LED TV,"₹22,999",4.65,"50 in, LED TVFull HD, 1920 x 1080 pixelsWifi, EthernetSmart TV2 Speakers, 20 W OutputQuad Core Processor, 4 GB Storage3 HDMI Ports, 2 USB PortsDolby Audio",flipkart,35
Nacson NS32VCR25M 32 inch HD Ready Smart QLED TV,"₹11,999",4.2,"32 in, QLED TV1366 x 768 pixelsWifiSmart TV2 Speakers, 30 W Output2 HDMI Ports, 2 USB PortsDolby AudioSupports Apps & Games",flipkart,38
Sansui JSW75UG23QF 75 inch Ultra HD 4K Smart QLED TV,"₹82,990",4.1,"75 in, QLED TV4K Resolution, 3840 x 2160 pixelsWifi, EthernetSmart TV2 Speakers, 30 W OutputQuad Core Processor, 2 GB RAM, 32 GB StorageHDR, Dolby Vision3 HDMI Ports, 2 USB Ports",amazon,67
Sansui JSW43FHG5 43 inch Full HD Smart LED TV,"₹22,490",4.35,"43 in, LED TVFull HD, 1920 x 1080 pixelsWifi, EthernetSmart TV2 Speakers, 20 W Output1 GB RAM, 8 GB StorageHDR2 HDMI Ports, 2 USB Ports",flipkart,41
Sansui JSWG43CSFHD 43 inch Full HD Smart LED TV,"₹21,990",4.25,"43 in, LED TVFull HD, 1920 x 1080 pixelsWifi, EthernetSmart TV2 Speakers, 20 W OutputQuad Core Processor, 512 MB RAM, 4 GB Storage2 HDMI Ports, 2 USB Ports178 ° Viewing Angle",amazon,36
Sansui JSW43UG23 43 inch Full HD Smart LED TV,"₹28,990",4.55,"43 in, LED TVFull HD, 1920 x 1080 pixelsWifi, EthernetSmart TV2 Speakers, 30 W Output2 GB RAM, 32 GB StorageHDR3 HDMI Ports, 2 USB Ports",amazon,44
TCL NXTFRAME 75 inch Ultra HD 4K Smart QLED TV (75A300W),"₹1,29,999",4.75,"75 in, QLED TV4K Resolution, 3840 x 2160 pixelsWifi, EthernetSmart TV2 Speakers, 20 W Output3 GB RAM, 64 GB StorageHDR, Dolby Vision4 HDMI Ports, 2 USB Ports",flipkart,78
Nacson NS32FHD25M 32 inch HD Ready Smart LED TV,"₹12,490",4.45,"32 in, LED TV1366 x 768 pixelsWifiSmart TV2 Speakers, 24 W Output2 HDMI Ports, 2 USB PortsSupports Apps & Games60 Hz, 16:09 Ratio",flipkart,31
Panasonic TH-43PX665DX 43 inch Ultra HD 4K Smart LED TV,"₹28,599",4.5,"43 in, LED TV4K Resolution, 3840 x 2160 pixelsWifiSmart TV2 Speakers, 20 W OutputQuad Core A55 Processor, 2 GB RAM, 16 GB StorageHDR2 HDMI Ports, 2 USB Ports",flipkart,47
Blaupunkt Sigma 32 inch HD Ready Smart QLED TV (32SigmaQ010),"₹9,149",4.35,"32 in, QLED TV1366 x 768 pixelsWifiSmart TV2 Speakers, 36 W OutputA35 Processor, 512 MB RAM, 4 GB Storage2 HDMI Ports, 2 USB PortsSupports Apps & Games",flipkart,33
LG evo AI QNED86 100 inch Ultra HD 4K Smart Mini LED TV (100QNED86A6),"₹5,24,990",4,"100 in, Mini LED TV4K Resolution, 3840 x 2160 pixelsWifi, EthernetSmart TV40 W OutputHDR, Dolby Vision, High Frame Rate (HFR)4 HDMI Ports, 2 USB PortsDolby Atmos",croma,80
Sansui JSWP32CSHD 32 inch HD Ready Smart LED TV,"₹12,390",4.6,"32 in, LED TV1366 x 768 pixelsWifi, EthernetSmart TV2 Speakers, 20 W OutputQuad Core Processor, 512 MB RAM, 4 GB Storage2 HDMI Ports, 2 USB PortsSupports Apps & Games",amazon,31
Hisense A6Q 58 inch Ultra HD 4K Smart LED TV (58A6Q),"₹37,990",4.45,"58 in, LED TV4K Resolution, 3840 x 2160 pixelsWifi, EthernetSmart TV2 Speakers, 24 W OutputHDR, Dolby Vision3 HDMI Ports, 2 USB PortsSupports Apps & Games",flipkart,50
Sansui JSS32CSQLED 32 inch HD Ready Smart QLED TV,"₹12,790",4.45,"32 in, QLED TV1366 x 768 pixelsWifi, EthernetSmart TV2 Speakers, 20 W Output2 HDMI Ports, 2 USB PortsSupports Apps & GamesScreen Mirroring",amazon,33
Uniboom ULTIMA 32N-ULT-AED 32 inch HD Ready LED TV,"₹7,790",4.05,"32 in, LED TV1366 x 768 pixelsSmart TV: No2 Speakers, 30 W Output2 HDMI Ports, 2 USB Ports60 Hz, 16:09 Ratio",amazon,21
InnoQ 32S-SPCTADK 32 inch HD Ready Smart LED TV,"₹7,489",4,"32 in, LED TV1366 x 768 pixelsWifiSmart TV2 Speakers, 30 W Output2 HDMI Ports, 2 USB PortsSupports Apps & Games60 Hz, 16:09 Ratio",flipkart,31
Hisense 40A4Q 40 inch Full HD Smart LED TV,"₹17,818",4.3,"40 in, LED TVFull HD, 1920 x 1080 pixelsWifiSmart TV2 Speakers, 20 W Output1 HDMI Ports, 1 USB PortsSupports Apps & Games60 Hz",flipkart,32
Blaupunkt BQD65Mini7066 65 inch Ultra HD 4K Smart Mini LED TV,"₹58,999",4.5,"65 in, LED TV4K Resolution, 3840 x 2160 pixelsWifi, EthernetSmart TV6 Speakers, 108 W OutputMediatek Processor, 2 GB RAM, 16 GB StorageHDR, Dolby Vision3 HDMI Ports, 2 USB Ports",flipkart,64
Realme TechLife 65UHDGQRDDVQ 65 inch Ultra HD 4K Smart LED TV,"₹43,999",4.15,"65 in, QLED TV4K Resolution, 3840 x 2160 pixelsWifi, EthernetSmart TV2 Speakers, 40 W OutputQuad Core Processor, 16 GB Storage3 HDMI Ports, 2 USB PortsSupports Apps & Games",flipkart,51
Uniboom Ultima 43S-ULT-AED 43 inch Full HD Smart LED TV,"₹13,990",4.5,"43 in, LED TVFull HD, 1920 x 1080 pixelsEthernetSmart TV2 Speakers, 30 W OutputSupports Apps & GamesScreen Mirroring60 Hz, 16:9 Ratio",amazon,32
Realme TechLife 50UHDGQRDDVQ 50 inch Ultra HD 4K Smart QLED TV,"₹27,999",4.25,"50 in, QLED TV4K Resolution, 3840 x 2160 pixelsWifi, EthernetSmart TV2 Speakers, 40 W OutputQuad Core Processor, 16 GB Storage3 HDMI Ports, 2 USB PortsSupports Apps & Games",flipkart,48
InnoQ Spectra 32N-MAXADK 32 inch HD Ready LED TV,"₹21,629",4.15,"32 in, LED TV1366 x 768 pixelsEthernetSmart TV: No2 Speakers, 30 W Output2 HDMI Ports, 2 USB Ports60 Hz, 16:9 Ratio",flipkart,25
Croma CREL043FGL024650 43 inch Full HD Smart LED TV,"₹20,990",4.2,"43 in, LED TVFull HD, 1920 x 1080 pixelsWifi, EthernetSmart TV2 Speakers, 20 W Output1 GB RAM, 8 GB StorageHDR3 HDMI Ports, 2 USB Ports",croma,43
Panasonic TH-32PS680DX 32 inch HD Ready Smart LED TV,"₹18,490",4.4,"32 in, LED TV1366 x 768 pixelsWifiSmart TV2 Speakers, 20 W Output1.5 GB RAM, 8 GB Storage2 HDMI Ports, 2 USB PortsSupports Apps & Games",croma,35
Croma CREL032HCL331801 32 inch HD Ready Smart LED TV,"₹9,990",4.3,"32 in, LED TV1366 x 768 pixelsWifi, EthernetSmart TV2 Speakers, 20 W Output1 GB RAM, 4 GB Storage2 HDMI Ports, 2 USB PortsSupports Apps & Games",croma,31
Realme TechLife 55UHDGDRDDVB 55 inch Ultra HD 4K Smart LED TV,"₹30,999",4.25,"55 in, LED TV4K Resolution, 3840 x 2160 pixelsWifi, EthernetSmart TV2 Speakers, 30 W OutputQUAD Core Processor, 2 GB RAM, 16 GB Storage3 HDMI Ports, 2 USB PortsSupports Apps & Games",flipkart,45
Croma CREL065UGQ331850 65 inch Ultra HD 4K Smart QLED TV,"₹54,990",4.2,"65 in, QLED TV4K Resolution, 3840 x 2160 pixelsWifi, EthernetSmart TV2 Speakers, 20 W Output2 GB RAM, 32 GB StorageHDR3 HDMI Ports, 2 USB Ports",croma,57
Realme TechLife 50UHDGDRDDVB 50 inch Ultra HD 4K Smart LED TV,"₹28,999",4.3,"50 in, LED TV4K Resolution, 3840 x 2160 pixelsWifi, EthernetSmart TV2 Speakers, 30 W OutputQuad Core Processor, 2 GB RAM, 16 GB Storage3 HDMI Ports, 2 USB PortsDolby Audio",flipkart,44
Vu GloQLED Series 55 inch Ultra HD 4K Smart QLED TV (55GLOQLED25),"₹33,999",4.3,"55 in, QLED TV4K Resolution, 3840 x 2160 pixelsWifi, EthernetSmart TV2 Speakers, 24 W Output1.5GHz VuOn Processor Processor, 2 GB RAM, 16 GB StorageHDR, Dolby Vision3 HDMI Ports, 2 USB Ports",amazon,62
Toshiba M450RP Series 55 inch Ultra HD 4K Smart QLED TV (55M450RP),"₹39,990",4.6,"55 in, QLED TV4K Resolution, 3840 x 2160 pixelsWifi, EthernetSmart TV2 Speakers, 24 W OutputHDR, Dolby Vision3 HDMI Ports, 2 USB PortsDolby Atmos",amazon,56
LG QNED 8CA 75 inch Ultra HD 4K Smart QNED TV (75QNED8CA6A),"₹1,42,999",4.2,"75 in, QNED TV4K Resolution, 3840 x 2160 pixelsWifi, EthernetSmart TV2 Speakers, 20 W OutputHDR3 HDMI Ports, 1 USB PortsDolby Atmos",flipkart,62
Kodak X900PRO 32 inch HD Ready Smart LED TV (32HDX900S-25),"₹7,599",4.25,"32 in, LED TV1366 x 768 pixelsEthernetSmart TV2 Speakers, 30 W Output3 HDMI Ports, 2 USB PortsSupports Apps & Games60 Hz, 16:09 Ratio",flipkart,28
Coocaa Y74 65 inch Ultra HD 4K Smart LED TV (65Y74),"₹35,999",4.3,"65 in, LED TV4K Resolution, 3840 x 2160 pixelsWifi, EthernetSmart TV2 Speakers, 30 W OutputA55, 1.5GHz Processor, 2 GB RAM, 32 GB StorageHDR3 HDMI Ports, 2 USB Ports",flipkart,55
TCL C72K 75 inch Ultra HD 4K Smart Mini LED TV (75C72K),"₹1,49,999",4.1,"75 in, Mini LED TV4K Resolution, 3840 x 2160 pixelsWifi, EthernetSmart TV2 Speakers, 20 W OutputA73 Processor, 3 GB RAM, 64 GB StorageHDR, Dolby Vision, High Frame Rate (HFR)4 HDMI Ports, 1 USB Ports",flipkart,79
Philips Lumina Series 55 inch Ultra HD 4K Smart QLED TV (55PQT8100/94),"₹37,999",4.5,"55 in, QLED TV4K Resolution, 3840 x 2160 pixelsWifi, EthernetSmart TV30 W Output2 GB RAM, 32 GB StorageHDR, Dolby Vision3 HDMI Ports, 2 USB Ports",amazon,62
iFFALCON U75 55 inch Ultra HD 4K Smart QLED TV (55U75),"₹39,999",4.25,"55 in, QLED TV4K Resolution, 3840 x 2160 pixelsWifi, EthernetSmart TV2 Speakers, 20 W OutputA73 Processor, 3 GB RAM, 32 GB StorageHDR, Dolby Vision4 HDMI Ports, 1 USB Ports",flipkart,60
NU LED43QUGNX 2025 43 inch Ultra HD 4K Smart QLED TV,"₹27,499",4.1,"43 in, QLED TV4K Resolution, 3840 x 2160 pixelsWifi, EthernetSmart TV2 Speakers, 20 W Output2 GB RAM, 16 GB StorageHDR3 HDMI Ports, 2 USB Ports",amazon,48
NU LED32QUGNX 2025 32 inch HD Ready Smart QLED TV,"₹11,999",4.2,"32 in, QLED TV1366 x 768 pixelsWifi, EthernetSmart TV2 Speakers, 20 W Output1.5 GB RAM, 8 GB StorageHDR3 HDMI Ports, 2 USB Ports",amazon,38
Philips Mirage Series 43 inch Full HD Smart LED TV (43PFT6130/94),"₹22,999",4.65,"43 in, LED TVFull HD, 1920 x 1080 pixelsWifi, EthernetSmart TV2 Speakers, 24 W Output1.5 GB RAM, 8 GB StorageHDR2 HDMI Ports, 2 USB Ports",amazon,42
Coocaa Y74 Pro 55 inch Ultra HD 4K Smart QLED TV (55Y74 Pro),"₹32,999",4.3,"55 in, QLED TV4K Resolution, 3840 x 2160 pixelsWifi, EthernetSmart TV2 Speakers, 40 W OutputA55, 1.5GHz Processor, 32 GB StorageHDR, Dolby Vision3 HDMI Ports, 2 USB Ports",amazon,58
Coocaa S4U Plus 32 inch HD Ready Smart LED TV (32S4U Plus),"₹8,599",4.2,"32 in, LED TV1366 x 768 pixelsWifi, EthernetSmart TV2 Speakers, 30 W OutputA35 Processor, 4 GB Storage2 HDMI Ports, 1 USB PortsDolby Audio",flipkart,30
LG NanoCell NANO 85A 86 inch Ultra HD 4K Smart LED TV (86NANO85A6A),"₹1,79,990",4.2,"86 in, LED TV4K Resolution, 3840 x 2160 pixelsWifi, EthernetSmart TV2 Speakers, 20 W OutputHDR3 HDMI Ports, 2 USB PortsDolby Atmos",amazon,68
Sony Bravia 5 XR55A 75 inch Ultra HD 4K Smart Mini LED TV (K-75XR55A),"₹2,75,490",4.35,"75 in, Mini LED TV4K Resolution, 3840 x 2160 pixelsWifi, EthernetSmart TV2 Speakers, 20 W OutputHDR, Dolby Vision, High Frame Rate (HFR)4 HDMI Ports, 2 USB PortsDolby Audio, Dolby Atmos",amazon,79
LG QNED 8CA 65 inch Ultra HD 4K Smart QNED TV (65QNED8CA6A),"₹94,990",4.7,"65 in, QNED TV4K Resolution, 3840 x 2160 pixelsWifi, EthernetSmart TV2 Speakers, 20 W OutputHDR3 HDMI Ports, 1 USB PortsDolby Atmos",flipkart,56
Thomson Phoenix 2025 Edition 43 inch Ultra HD 4K Smart QLED TV (43QAI1015),"₹20,999",4.35,"43 in, QLED TV4K Resolution, 3840 x 2160 pixelsWifiSmart TV50 W OutputARM Cortex A55 Processor, 2 GB RAM, 16 GB StorageHDR3 HDMI Ports, 2 USB Ports",flipkart,49
TCL T89C 85 inch Ultra HD 4K Smart QLED TV (85T89C),"₹1,29,999",4.45,"85 in, QLED TV4K Resolution, 3840 x 2160 pixelsWifi, EthernetSmart TV2 Speakers, 20 W OutputA73 1.3GHz Processor, 3 GB RAM, 32 GB StorageHDR, Dolby Vision4 HDMI Ports, 1 USB Ports",flipkart,77
Haier W400UG 43 inch Ultra HD 4K Smart LED TV (LE43W400UG-N),"₹27,999",4.15,"43 in, LED TV4K Resolution, 3840 x 2160 pixelsWifi, EthernetSmart TV2 Speakers, 16 W Output2 GB RAM, 16 GB StorageHDR3 HDMI Ports, 2 USB Ports",flipkart,46
Acerpure G Series 65 inch Smart QLED TV (AP65QG96MGS5),"₹54,999",4.5,"65 in, QLED TV4K Resolution, 3840 x 2160 pixelsWifi, EthernetSmart TV50 W OutputHDR, Dolby Vision3 HDMI Ports, 2 USB PortsDolby Atmos",amazon,64
LG Evo B4 65 inch Ultra HD 4K Smart OLED TV (OLED65B46LA),"₹1,55,999",4.4,"65 in, OLED TV4K Resolution, 3840 x 2160 pixelsWifi, EthernetSmart TV2 Speakers, 20 W OutputHDR, Dolby Vision, High Frame Rate (HFR)4 HDMI Ports, 2 USB PortsDolby Atmos",flipkart,79
TCL P8K 98 inch Ultra HD 4K Smart QLED TV (98P8K),"₹2,29,990",4.65,"98 in, QLED TV4K Resolution, 3840 x 2160 pixelsWifi, EthernetSmart TV2 Speakers, 20 W Output3 GB RAM, 64 GB StorageHDR, Dolby Vision4 HDMI Ports, 1 USB Ports",amazon,80
Blaupunkt 32QD7080 32 inch HD Ready Smart QLED TV,"₹10,999",4.05,"32 in, QLED TV1366 x 768 pixelsWifi, EthernetSmart TV2 Speakers, 48 W OutputARM Cortex A55 Processor, 1 GB RAM, 8 GB StorageHDR3 HDMI Ports, 2 USB Ports",flipkart,37
Blaupunkt 65QC7035 65 inch Ultra HD 4K Smart QLED TV,"₹41,999",4.3,"65 in, QLED TV4K Resolution, 3840 x 2160 pixelsWifi, EthernetSmart TV4 Speakers, 70 W OutputARM Cortex A55 Processor, 2 GB RAM, 16 GB StorageHDR3 HDMI Ports, 2 USB Ports",flipkart,57
LG QNED 8AA Series 43 inch Ultra HD 4K Smart QNED TV (43QNED8AA6A),"₹44,990",4.15,"43 in, QNED TV4K Resolution, 3840 x 2160 pixelsWifi, EthernetSmart TV2 Speakers, 20 W Output2 GB RAM, 8 GB StorageHDR3 HDMI Ports, 2 USB Ports",flipkart,46
Beston BS32HD1 32 inch HD Ready Smart LED TV,"₹8,999",4.2,"32 in, LED TV1366 x 768 pixelsWifi, EthernetSmart TV2 Speakers, 20 W OutputQuad Core ProcessorHDR2 HDMI Ports, 2 USB Ports",flipkart,32
Beston BS55UGTV 55 inch Ultra HD 4K Smart QLED TV,"₹26,599",4.45,"55 in, QLED TV4K Resolution, 3840 x 2160 pixelsWifiSmart TV2 Speakers, 30 W OutputQuad Core ProcessorHDR3 HDMI Ports, 2 USB Ports",flipkart,48
Beston BS32HGTV 32 inch HD Ready Smart LED TV,"₹9,199",4,"32 in, QLED TV1366 x 768 pixelsWifi, EthernetSmart TV2 Speakers, 30 W OutputQuad Core ProcessorHDR2 HDMI Ports, 2 USB Ports",flipkart,39
Beston BS43FHD 43 inch Full HD Smart LED TV,"₹14,199",4.4,"43 in, LED TVFull HD, 1920 x 1080 pixelsWifi, EthernetSmart TV2 Speakers, 20 W OutputQuad Core ProcessorHDR2 HDMI Ports, 2 USB Ports",flipkart,35
Hisense E7Q PRO Series 100 inch Ultra HD 4K Smart QLED TV (100E7Q PRO),"₹2,39,999",4.1,"65 in, QLED TV4K Resolution, 3840 x 2160 pixelsWifi, EthernetSmart TV2 Speakers, 36 W OutputMediatek MT9618 ProcessorHDR, Dolby Vision, High Frame Rate (HFR)4 HDMI Ports, 2 USB Ports",amazon,82
Beston BS40FGQ1 40 inch Full HD Smart LED TV,"₹13,099",4.05,"40 in, LED TVFull HD, 1920 x 1080 pixelsWifi, EthernetSmart TV2 Speakers, 20 W OutputQuad Core ProcessorHDR2 HDMI Ports, 2 USB Ports",flipkart,37
Beston BS75UGTV 75 inch Ultra HD 4K Smart QLED TV,"₹51,499",4.05,"75 in, QLED TV4K Resolution, 3840 x 2160 pixelsWifi, EthernetSmart TV35 W OutputMediaTek Pro Processor ProcessorHDR3 HDMI Ports, 2 USB Ports",flipkart,57
TCL T89C 75 inch Ultra HD 4K Smart QLED TV (75T89C),"₹84,999",4.2,"75 in, QLED TV4K Resolution, 3840 x 2160 pixelsWifi, EthernetSmart TV2 Speakers, 20 W OutputA73 1.3GHz Processor, 3 GB RAM, 32 GB StorageHDR, Dolby Vision4 HDMI Ports, 1 USB Ports",flipkart,70
Philips Frameless 43 inch Full HD Smart LED TV (43PFT6130/94),"₹22,999",4.5,"43 in, LED TVFull HD, 1920 x 1080 pixelsWifi, EthernetSmart TV2 Speakers, 20 W OutputA55 -1.5GHZ Processor, 8 GB StorageHDR2 HDMI Ports, 2 USB Ports",flipkart,38
Philips Frameless 32 inch HD Ready Smart LED TV (32PFT6130/94),"₹13,999",4,"32 in, LED TV1366 x 768 pixelsWifi, EthernetSmart TV2 Speakers, 20 W OutputA55 -1.5GHZ Processor, 8 GB Storage2 HDMI Ports, 2 USB PortsSupports Apps & Games",flipkart,31
TCL P7K 75 inch Ultra HD 4K Smart QLED TV (75P7K),"₹74,990",4.55,"75 in, QLED TV4K Resolution, 3840 x 2160 pixelsWifi, EthernetSmart TV2 Speakers, 20 W OutputCA75 + CA55 1.3GHz Processor, 2 GB RAM, 16 GB StorageHDR, Dolby Vision3 HDMI Ports, 2 USB Ports",flipkart,64
Croma CREL043UGQ024650 43 inch Ultra HD Smart QLED TV,"₹27,990",4.25,"43 in, QLED TV4K Resolution, 3840 x 2160 pixelsWifi, EthernetSmart TV2 Speakers, 40 W Output2 GB RAM, 32 GB StorageHDR, Dolby Vision3 HDMI Ports, 2 USB Ports",croma,56
LG evo AI G5 65 inch Ultra HD 4K Smart OLED TV (OLED65G56LA),"₹2,19,890",4.05,"65 in, OLED TV4K Resolution, 3840 x 2160 pixelsWifi, EthernetSmart TV60 W OutputHDR, Dolby Vision, High Frame Rate (HFR)4 HDMI Ports, 3 USB PortsDolby Atmos",croma,80
Samsung U8100F 65 inch Ultra HD 4K Smart LED TV (UA65U8100FULXL),"₹64,500",4.15,"65 in, LED TV4K Resolution, 3840 x 2160 pixelsWifiSmart TV2 Speakers, 20 W OutputHDR, High Frame Rate (HFR)3 HDMI Ports, 1 USB PortsSupports Apps & Games",flipkart,56
LG QNED 8XA 55 inch Ultra HD 4K Smart Mini LED TV (55QNED8XA6A),"₹65,599",4.55,"55 in, Mini LED TV4K Resolution, 3840 x 2160 pixelsWifi, EthernetSmart TV2 Speakers, 20 W OutputHDR, Dolby Vision, High Frame Rate (HFR)4 HDMI Ports, 2 USB PortsDolby Atmos",flipkart,68
Hisense E5Q Series 32 inch HD Ready Smart QLED TV (32E5Q),"₹12,999",4.15,"32 in, QLED TV1366 x 768 pixelsWifi, EthernetSmart TV2 Speakers, 30 W OutputHDR2 HDMI Ports, 2 USB PortsDolby Audio",flipkart,39
Haier M95E Series 75 inch Ultra HD 4K Smart Mini LED TV (H75M95EUX),"₹1,79,799",4,"75 in, Mini LED TV4K Resolution, 3840 x 2160 pixelsWifi, EthernetSmart TV60 W Output3 GB RAM, 32 GB StorageHDR, Dolby Vision4 HDMI Ports, 2 USB Ports",flipkart,79
Haier M95E Series 65 inch Ultra HD 4K Smart Mini LED TV (H65M95EUX),"₹1,42,899",4.3,"65 in, Mini LED TV4K Resolution, 3840 x 2160 pixelsWifi, EthernetSmart TV60 W Output3 GB RAM, 32 GB StorageHDR, Dolby Vision4 HDMI Ports, 2 USB Ports",flipkart,78
TCL P71K 75 inch Ultra HD 4K Smart QLED TV (75P71K),"₹74,990",4.25,"75 in, QLED TV4K Resolution, 3840 x 2160 pixelsWifi, EthernetSmart TV2 Speakers, 20 W OutputQuad Core Processor, 3 GB RAM, 32 GB StorageHDR, Dolby Vision, High Frame Rate (HFR)4 HDMI Ports, 1 USB Ports",amazon,72
TCL T8C 75 inch Ultra HD 4K Smart QLED TV (75T8C),"₹79,990",4.75,"75 in, QLED TV4K Resolution, 3840 x 2160 pixelsWifi, EthernetSmart TV2 Speakers, 20 W OutputQuad Core Processor, 3 GB RAM, 32 GB StorageHDR, Dolby Vision4 HDMI Ports, 1 USB Ports",amazon,71
TCL P8K 65 inch Ultra HD 4K Smart QLED TV (65P8K),"₹62,980",4.7,"65 in, QLED TV4K Resolution, 3840 x 2160 pixelsWifiSmart TV2 Speakers, 20 W OutputHDR, Dolby Vision3 HDMI PortsDolby Atmos",flipkart,66
TCL Q6CS 75 inch Ultra HD 4K Smart Mini LED TV (75Q6CS),"₹94,999",4.75,"75 in, Mini LED TV4K Resolution, 3840 x 2160 pixelsWifi, EthernetSmart TV2 Speakers, 20 W OutputCA75 x2 + CA55 x2 Processor, 2 GB RAM, 16 GB StorageHDR, Dolby Vision3 HDMI Ports, 1 USB Ports",flipkart,74
TCL V6C 55 inch Ultra HD 4K Smart LED TV (55V6C),"₹34,990",4.35,"55 in, LED TV4K Resolution, 3840 x 2160 pixelsWifi, EthernetSmart TV2 Speakers, 20 W OutputQuad Core Processor, 2 GB RAM, 16 GB StorageHDR3 HDMI Ports, 1 USB Ports",amazon,50
Thomson 32TM3290-25 32 inch HD Ready LED TV,"₹7,599",4.4,"32 in, LED TV1366 x 768 pixelsSmart TV: No2 Speakers, 20 W Output3 HDMI Ports, 2 USB Ports60 Hz, 16:09 Ratio",flipkart,21
Thomson 24TM2490-25 24 inch HD Ready TV,"₹5,599",4.6,"24 in, LED TV1366 x 768 pixelsSmart TV: No2 Speakers, 20 W Output2 HDMI Ports, 2 USB Ports60 Hz, 16:09 Ratio",flipkart,19
Haier H6E 55 inch Ultra HD 4K Smart QLED TV (55H6E),"₹46,990",4.6,"55 in, QLED TV4K Resolution, 3840 x 2160 pixelsWifi, EthernetSmart TV2 Speakers, 30 W Output2 GB RAM, 32 GB StorageHDR4 HDMI Ports, 2 USB Ports",amazon,56
Infinix W2 32 inch HD Ready Smart QLED TV (32W2Q),"₹8,999",4.6,"32 in, QLED TV1366 x 768 pixelsWifiSmart TV2 Speakers, 16 W OutputCA55 Processor, 1 GB RAM, 8 GB Storage3 HDMI Ports, 2 USB PortsDolby Audio",flipkart,35
Haier C90 65 inch Ultra HD 4K Smart OLED TV (H65C90EUX),"₹1,69,999",4.65,"65 in, OLED TV4K Resolution, 3840 x 2160 pixelsWifi, EthernetSmart TV3 Speakers, 50 W Output3 GB RAM, 32 GB StorageHDR, Dolby Vision4 HDMI Ports, 2 USB Ports",flipkart,81
Onida 55UIG-R 55 inch Ultra HD 4K Smart LED TV,"₹46,990",4.45,"55 in, LED TV4K Resolution, 3840 x 2160 pixelsSmart TV2 Speakers, 20 W OutputNext G Processor, 16 GB StorageHDR, Dolby Vision3 HDMI Ports, 1 USB PortsDolby Atmos",flipkart,47
Samsung UE84AF 65 inch Ultra HD Smart LED TV (UA65UE84AFUXXL),"₹59,990",4.55,"65 in, LED TV4K Resolution, 3840 x 2160 pixelsWifi, EthernetSmart TV2 Speakers, 20 W OutputHDR, High Frame Rate (HFR)3 HDMI Ports, 1 USB PortsSupports Apps & Games",flipkart,58
Samsung QN85F 65 inch Ultra HD 4K Smart Neo QLED TV (QA65QN85FAUXXL),"₹1,61,890",4.1,"65 in, Mini LED TV4K Resolution, 3840 x 2160 pixelsWifi, EthernetSmart TV40 W OutputHDR, High Frame Rate (HFR)4 HDMI Ports, 2 USB PortsDolby Atmos",flipkart,77
Xiaomi FX Series 55 inch Ultra HD 4K Smart Fire TV (L55MB-FIN),"₹32,999",4.45,"55 in, LED TV4K Resolution, 3840 x 2160 pixelsWifi, EthernetSmart TV2 Speakers, 30 W OutputQuad Core A55 Processor, 2 GB RAM, 32 GB StorageHDR, High Frame Rate (HFR)3 HDMI Ports, 2 USB Ports",amazon,51
Samsung S90F 65 inch Ultra HD 4K Smart OLED TV (QA65S90FAEXXL),"₹1,51,999",4.6,"65 in, OLED TV4K Resolution, 3840 x 2160 pixelsWifi, EthernetSmart TV40 W OutputHDR, High Frame Rate (HFR)4 HDMI Ports, 2 USB PortsDolby Atmos",amazon,81
Xiaomi X Series 2025 43 inch Ultra HD 4K Smart LED TV (L43MB-AIN),"₹26,499",4.15,"43 in, LED TV4K Resolution, 3840 x 2160 pixelsWifi, EthernetSmart TV2 Speakers, 30 W OutputQuad Core A55 Processor, 2 GB RAM, 8 GB StorageHDR, Dolby Vision3 HDMI Ports, 2 USB Ports",amazon,52
Xiaomi A Series 2025 43 inch Full HD Smart LED TV (L43MB-AFIN),"₹21,999",4.65,"43 in, LED TVFull HD, 1920 x 1080 pixelsWifi, EthernetSmart TV2 Speakers, 20 W OutputA53 Quad Core Processor, 1 GB RAM, 8 GB Storage2 HDMI Ports, 2 USB PortsDolby Audio",amazon,37
Samsung QN90F 75 inch Ultra HD 4K Smart Neo QLED TV (QA75QN90FAUXXL),"₹3,03,390",4.65,"75 in, Mini LED TV4K Resolution, 3840 x 2160 pixelsWifi, EthernetSmart TV60 W OutputHDR, High Frame Rate (HFR)4 HDMI Ports, 2 USB PortsDolby Atmos",croma,80
Samsung QN90F 85 inch Ultra HD 4K Smart Neo QLED TV (QA85QN90FAUXXL),"₹6,29,900",4.75,"85 in, Mini LED TV4K Resolution, 3840 x 2160 pixelsWifi, EthernetSmart TV60 W OutputHDR, High Frame Rate (HFR)4 HDMI Ports, 2 USB PortsDolby Atmos",flipkart,82
Samsung Q8F 50 inch Ultra HD 4K Smart QLED TV (QA50Q8FAAULXL),"₹61,000",4.7,"50 in, QLED TV4K Resolution, 3840 x 2160 pixelsWifi, EthernetSmart TV2 Speakers, 20 W OutputHDR, High Frame Rate (HFR)3 HDMI Ports, 2 USB PortsSupports Apps & Games",flipkart,56
TCL V6C 75 inch Ultra HD 4K Smart LED TV (75V6C),"₹66,990",4,"75 in, LED TV4K Resolution, 3840 x 2160 pixelsWifi, EthernetSmart TV2 Speakers, 30 W OutputA55×4 1.3GHz Processor, 2 GB RAM, 16 GB StorageHDR3 HDMI Ports, 2 USB Ports",amazon,57
Samsung Q7F 75 inch Ultra HD 4K Smart QLED TV (QA75Q7FAAULXL),"₹1,32,490",4.75,"75 in, QLED TV4K Resolution, 3840 x 2160 pixelsWifi, EthernetSmart TV2 Speakers, 20 W OutputHDR, High Frame Rate (HFR)3 HDMI Ports, 1 USB PortsSupports Apps & Games",flipkart,67
Samsung The Frame LS03F 75 inch Ultra HD 4K Smart QLED TV (QA75LS03FAULXL),"₹2,33,490",4.7,"75 in, QLED TV4K Resolution, 3840 x 2160 pixelsWifiSmart TV40 W OutputHDR, High Frame Rate (HFR)4 HDMI Ports, 3 USB PortsDolby Atmos",croma,75
Samsung Q8F 85 inch Ultra HD 4K Smart QLED TV (QA85Q8FAAULXL),"₹2,83,390",4.05,"85 in, QLED TV4K Resolution, 3840 x 2160 pixelsWifi, EthernetSmart TV2 Speakers, 20 W OutputHDR, High Frame Rate (HFR)3 HDMI Ports, 2 USB PortsSupports Apps & Games",croma,71
TCL V6C 65 inch Ultra HD 4K Smart LED TV (65V6C),"₹49,990",4,"65 in, LED TV4K Resolution, 3840 x 2160 pixelsWifi, EthernetSmart TV20 Speakers, 10 W OutputQuad Core Processor, 2 GB RAM, 16 GB StorageHDR3 HDMI Ports, 1 USB Ports",amazon,54
Samsung UE86AF 55 inch Ultra HD 4K Smart LED TV (UA55UE86AFULXL),"₹41,990",4.1,"55 in, LED TV4K Resolution, 3840 x 2160 pixelsWifi, EthernetSmart TV2 Speakers, 20 W OutputHDR, High Frame Rate (HFR)3 HDMI Ports, 1 USB PortsSupports Apps & Games",amazon,54
Toshiba E38R 32 inch HD Ready Smart QLED TV (32E38RP),"₹12,990",4.5,"32 in, QLED TV1366 x 768 pixelsWifiSmart TV2 Speakers, 30 W Output3 HDMI Ports, 2 USB PortsDolby AudioSupports Apps & Games",amazon,37
Samsung H4500 32 inch HD Ready Smart LED TV (UA32H4500FUXXL),"₹15,190",4.75,"31.5 in, LED TV1366 x 768 pixelsWifiSmart TV2 Speakers, 20 W Output1 GB RAM, 8 GB StorageHDR2 HDMI Ports, 1 USB Ports",flipkart,37
Realme TechLife 43UHDGDRVSAB 43 inch Ultra HD 4K Smart LED TV,"₹22,899",4.75,"43 in, LED TV4K Resolution, 3840 x 2160 pixelsWifi, EthernetSmart TV2 Speakers, 40 W OutputMediatek Processor Processor, 2 GB RAM, 32 GB StorageHDR3 HDMI Ports, 2 USB Ports",flipkart,47
Thomson Phoenix 2025 Edition 65 inch Ultra HD 4K Smart QLED TV (65QAI1015),"₹41,999",4,"65 in, QLED TV4K Resolution, 3840 x 2160 pixelsWifi, EthernetSmart TV60 W OutputARM Cortex A55 Processor, 2 GB RAM, 16 GB StorageHDR3 HDMI Ports, 2 USB Ports",flipkart,55
Thomson Phoenix 2025 Edition 50 inch Ultra HD 4K Smart QLED TV (50QAI1015),"₹27,999",4.65,"50 in, QLED TV4K Resolution, 3840 x 2160 pixelsWifi, EthernetSmart TV2 Speakers, 48 W OutputARM Cortex A55 Processor, 2 GB RAM, 16 GB StorageHDR3 HDMI Ports, 2 USB Ports",flipkart,52
Samsung Q90F 65 inch Ultra HD 4K Smart Neo QLED TV (QA65QN90FAULXL),"₹1,66,990",4.05,"65 in, Mini LED TVWifi, EthernetSmart TV60 W OutputHDR, High Frame Rate (HFR)4 HDMI Ports, 2 USB PortsDolby AtmosSupports Apps & Games",amazon,75
Thomson Phoenix 2025 Edition 55 inch Ultra HD 4K Smart QLED TV (55QAI1015),"₹30,999",4.4,"55 in, QLED TV4K Resolution, 3840 x 2160 pixelsWifi, EthernetSmart TV60 W OutputARM Cortex A55 Processor, 2 GB RAM, 16 GB StorageHDR3 HDMI Ports, 2 USB Ports",flipkart,54
TCL P7K 65 inch Ultra HD 4K Smart QLED TV (65P7K),"₹54,090",4.55,"65 in, QLED TV4K Resolution, 3840 x 2160 pixelsWifi, EthernetSmart TV2 Speakers, 20 W OutputCA75 + CA55 1.3GHz Processor, 2 GB RAM, 16 GB StorageHDR, Dolby Vision3 HDMI Ports, 2 USB Ports",flipkart,60
Samsung U8100F 50 inch Ultra HD 4K Smart LED TV (UA50U8100FULXL),"₹41,989",4.3,"50 in, LED TV4K Resolution, 3840 x 2160 pixelsWifiSmart TV2 Speakers, 20 W OutputHDR, High Frame Rate (HFR)3 HDMI Ports, 1 USB PortsSupports Apps & Games",flipkart,53
Samsung U8400F 50 inch Ultra HD 4K Smart LED TV (UA50U8400FULXL),"₹42,990",4.55,"50 in, LED TV4K Resolution, 3840 x 2160 pixelsWifiSmart TV2 Speakers, 20 W OutputHDR, High Frame Rate (HFR)3 HDMI Ports, 1 USB PortsSupports Apps & Games",flipkart,54
Samsung The Frame LS03F 43 inch Ultra HD 4K Smart QLED TV (QA43LS03FAULXL),"₹59,855",4.35,"43 in, QLED TV4K Resolution, 3840 x 2160 pixelsWifiSmart TV2 Speakers, 20 W OutputHDR4 HDMI Ports, 2 USB PortsDolby Atmos",flipkart,58
Samsung Q7F 65 inch Ultra HD 4K Smart QLED TV (QA65Q7FAAULXL),"₹83,690",4.75,"65 in, QLED TV4K Resolution, 3840 x 2160 pixelsWifi, EthernetSmart TV2 Speakers, 20 W OutputHDR, High Frame Rate (HFR)3 HDMI Ports, 1 USB PortsSupports Apps & Games",croma,61
Samsung The Frame LS03F 65 inch Ultra HD 4K Smart QLED TV (QA65LS03FAULXL),"₹1,30,232",4.25,"65 in, QLED TV4K Resolution, 3840 x 2160 pixelsWifiSmart TV2 Speakers, 20 W OutputHDR4 HDMI Ports, 2 USB PortsDolby Atmos",flipkart,69
Samsung Q7F 50 inch Ultra HD 4K Smart QLED TV (QA50Q7FAAULXL),"₹44,955",4.4,"50 in, QLED TV4K Resolution, 3840 x 2160 pixelsWifi, EthernetSmart TV2 Speakers, 20 W OutputHDR, High Frame Rate (HFR)3 HDMI Ports, 1 USB PortsSupports Apps & Games",flipkart,55
Lumio Vision 7 50 inch Ultra HD 4K Smart QLED TV (FTW2-ADSG),"₹32,999",4.4,"50 in, QLED TV4K Resolution, 3840 x 2160 pixelsWifi, EthernetSmart TV30 W OutputBOSS Processor Processor, 3 GB RAM, 16 GB StorageHDR, Dolby Vision3 HDMI Ports, 3 USB Ports",amazon,58
Haier K82 32 inch HD Ready Smart LED TV (H32K82FX),"₹17,490",4.3,"32 in, LED TV1366 x 768 pixelsWifi, EthernetSmart TV2 Speakers, 20 W Output8 GB StorageHDR3 HDMI Ports, 2 USB Ports",croma,37
Uniboom ULTIMA 24 inch HD Ready LED TV (24N-ULTIMA),"₹5,190",4.45,"24 in, LED TV1366 x 768 pixelsEthernetSmart TV: No30 W Output2 HDMI Ports, 2 USB Ports60 Hz, 16:9 Ratio",flipkart,20
Uniboom ULTIMA 24 inch HD Ready Smart LED TV (24S-ULTIMA),"₹6,490",4,"24 in, LED TV1366 x 768 pixelsWifi, EthernetSmart TV30 W Output2 HDMI Ports, 2 USB PortsSupports Apps & GamesScreen Mirroring",flipkart,31
Vu Masterpiece Series 75 inch Ultra HD 4K Smart QLED TV (75MASTERPIECE),"₹86,990",4.45,"75 in, QLED TV4K Resolution, 3840 x 2160 pixelsWifi, EthernetSmart TV6 Speakers, 124 W Output3 GB RAM, 16 GB StorageHDR, Dolby Vision, High Frame Rate (HFR)3 HDMI Ports, 2 USB Ports",amazon,76
Foxsky FSELS PRO 24 inch HD Ready Smart LED TV (24 FSELS PRO),"₹6,399",4.6,"24 in, LED TV1366 x 768 pixelsWifiSmart TV30 W OutputQuad-Core Processor ProcessorHDR1 HDMI Ports, 2 USB Ports",flipkart,29
Reliance RW43GD4656FHD 43 inch Full HD Smart LED TV,"₹17,490",4.55,"43 in, LED TVFull HD, 1920 x 1080 pixelsWifiSmart TV2 Speakers, 20 W Output1 GB RAM, 8 GB StorageHDR2 HDMI Ports, 2 USB Ports",flipkart,35
Toshiba Z570RP 100 inch Ultra HD 4K Smart QLED TV (100Z570RP),"₹2,43,999",4.5,"100 in, QLED TV4K Resolution, 3840 x 2160 pixelsWifi, EthernetSmart TV60 W Output16 GB StorageHDR, Dolby Vision, High Frame Rate (HFR)4 HDMI Ports, 2 USB Ports",flipkart,81
LG Evo B4 55 inch Ultra HD 4K Smart OLED TV (OLED55B46LA),"₹99,990",4,"55 in, OLED TV4K Resolution, 3840 x 2160 pixelsWifi, EthernetSmart TV2 Speakers, 20 W OutputHDR, Dolby Vision, High Frame Rate (HFR)4 HDMI Ports, 2 USB PortsDolby Atmos",flipkart,74
Hyundai SHY50UGTU2 50 inch Ultra HD 4K Smart LED TV,"₹30,402",4,"50 in, LED TV4K Resolution, 3840 x 2160 pixelsWifiSmart TV2 Speakers, 20 W Output2 GB RAM, 16 GB StorageHDR2 HDMI Ports, 2 USB Ports",flipkart,44
Toshiba C380RP 85 inch Ultra HD 4K Smart LED TV (85C380RP),"₹1,19,999",4.2,"85 in, LED TV4K Resolution, 3840 x 2160 pixelsWifi, EthernetSmart TV2 Speakers, 36 W OutputQuad Core/MT9603 Processor, 16 GB StorageHDR, Dolby Vision3 HDMI Ports, 2 USB Ports",flipkart,70
Onida NEXG Series 43 inch Ultra HD 4K Smart QLED TV (QZ43UI),"₹27,002",4.35,"43 in, QLED TV4K Resolution, 3840 x 2160 pixelsWifi, EthernetSmart TV2 Speakers, 20 W Output2 GB RAM, 16 GB StorageHDR, Dolby Vision3 HDMI Ports, 2 USB Ports",flipkart,53
Black+Decker Series 1 55 inch Ultra HD 4K Smart LED TV (BXTVGU55UD2875ATIN),"₹34,999",4.2,"55 in, LED TV4K Resolution, 3840 x 2160 pixelsWifi, EthernetSmart TV2 Speakers, 30 W Output2 GB RAM, 16 GB StorageHDR, Dolby Vision3 HDMI Ports, 2 USB Ports",amazon,55
Black+Decker Series 1 43 inch Ultra HD 4K Smart LED TV (BXTVGU43UD2875ATIN),"₹24,999",4.25,"43 in, LED TV4K Resolution, 3840 x 2160 pixelsWifi, EthernetSmart TV2 Speakers, 30 W Output2 GB RAM, 16 GB StorageHDR, Dolby Vision3 HDMI Ports, 2 USB Ports",amazon,52
Reliance RW43GD8676FHD 43 inch Full HD Smart LED TV,"₹19,990",4.1,"43 in, LED TVFull HD, 1920 x 1080 pixelsWifi, EthernetSmart TV2 Speakers, 24 W OutputCA55 Processor, 1.5 GB RAM, 8 GB StorageHDR3 HDMI Ports, 2 USB Ports",flipkart,42
Reliance RW32GQ8676HD 32 inch HD Ready Smart QLED TV,"₹13,715",4.1,"32 in, QLED TV1366 x 768 pixelsWifi, EthernetSmart TV2 Speakers, 24 W OutputCA55 Processor3 HDMI Ports, 2 USB Ports178 ° Viewing Angle",flipkart,36
Reliance RW32GD8676HD 32 inch HD Ready Smart LED TV,"₹13,410",4.45,"32 in, LED TV1366 x 768 pixelsWifi, EthernetSmart TV2 Speakers, 24 W OutputCA55 Processor, 1.5 GB RAM, 8 GB StorageHDR3 HDMI Ports, 2 USB Ports",flipkart,36
InnoQ Spectra 43S-SPECTRA-V2 43 inch Full HD Smart LED TV,"₹13,990",4.05,"43 in, LED TVFull HD, 1920 x 1080 pixelsWifi, EthernetSmart TV2 Speakers, 30 W Output2 HDMI Ports, 2 USB Ports178 ° Viewing AngleSupports Apps & Games",flipkart,34
InnoQ 24N-MAX-V2 24 inch HD Ready LED TV,"₹5,090",4.55,"24 in, LED TV1366 x 768 pixelsSmart TV: No2 Speakers, 30 W Output2 HDMI Ports, 2 USB Ports178 ° Viewing Angle60 Hz, 16:09 Ratio",flipkart,20
Acer Super Series 85 inch Ultra HD 4K Smart QLED TV (AR85QDXGU2875AT),"₹1,45,999",4.5,"85 in, QLED TV4K Resolution, 3840 x 2160 pixelsWifi, EthernetSmart TV60 W OutputQuad Core Processor, 2 GB RAM, 16 GB StorageHDR, Dolby Vision3 HDMI Ports, 2 USB Ports",amazon,77
Acer Super Series 75 inch Ultra HD 4K Smart QLED TV (AR75QDXGU2875AT),"₹1,00,999",4.35,"75 in, QLED TV4K Resolution, 3840 x 2160 pixelsWifi, EthernetSmart TV60 W OutputQuad Core Processor, 2 GB RAM, 16 GB StorageHDR, Dolby Vision3 HDMI Ports, 2 USB Ports",amazon,73
Aiwa AS55QUHDX3 55 inch Ultra HD 4K Smart QLED TV,"₹39,548",4.75,"55 in, QLED TV4K Resolution, 3840 x 2160 pixelsWifi, EthernetSmart TV2 Speakers, 24 W Output2 GB RAM, 16 GB StorageHDR, Dolby Vision3 HDMI Ports, 2 USB Ports",flipkart,55
T-Series 32TS81GT 32 inch HD Ready Smart QLED TV,"₹11,710",4.7,"32 in, QLED TV1366 x 768 pixelsSmart TV20 W OutputQuad Core Processor, 1.5 GB RAM, 8 GB StorageHDR3 HDMI Ports, 2 USB PortsDolby Audio",flipkart,37
Onida 32HAG1 32 inch HD Ready Smart LED TV,"₹12,900",4.5,"32 in, LED TV1366 x 768 pixelsWifiSmart TV2 Speakers, 20 W OutputNEXG Processor Processor, 1.5 GB RAM, 8 GB StorageHDR3 HDMI Ports, 2 USB Ports",flipkart,36
Haier H55S90EUX 55 inch Ultra HD 4K Smart QLED TV,"₹56,299",4.1,"55 in, QLED TV4K Resolution, 3840 x 2160 pixelsWifiSmart TV2 Speakers, 30 W Output3 GB RAM, 32 GB StorageHDR, Dolby Vision4 HDMI Ports, 2 USB Ports",flipkart,62
Acer I Pro Series 55 inch Ultra HD 4K Smart LED TV (AR55UDIGU2875AT),"₹72,999",4.1,"55 in, LED TV4K Resolution, 3840 x 2160 pixelsWifi, EthernetSmart TV2 Speakers, 36 W OutputQuad Core Processor, 2 GB RAM, 16 GB StorageHDR, Dolby Vision3 HDMI Ports, 2 USB Ports",flipkart,55
Coocaa 43C3U Plus 43 inch Full HD Smart LED TV,"₹29,999",4.05,"43 in, LED TVFull HD, 1920 x 1080 pixelsWifi, EthernetSmart TV2 Speakers, 20 W Output4 GB Storage2 HDMI Ports, 1 USB Ports178 ° Viewing Angle",flipkart,35
Sansui JSG32CSHD 32 inch HD Ready Smart LED TV,"₹12,390",4.35,"32 in, LED TV1366 x 768 pixelsWifi, EthernetSmart TV2 Speakers, 20 W OutputMLogic Processor, 512 MB RAM, 4 GB Storage2 HDMI Ports, 2 USB Ports178 ° Viewing Angle",flipkart,31
Acerpure Elevate Series 65 inch Ultra HD 4K Smart QLED TV (AP65UG51QEVTD),"₹45,999",4.7,"65 in, QLED TV4K Resolution, 3840 x 2160 pixelsWifi, EthernetSmart TV2 Speakers, 24 W OutputHDR3 HDMI Ports, 2 USB PortsDolby Atmos",flipkart,55
Wobble UD Series 55 inch Ultra HD 4K Smart LED TV (WB55GTAW9602UDFL),"₹32,999",4,"55 in, LED TV4K Resolution, 3840 x 2160 pixelsWifi, EthernetSmart TV2 Speakers, 20 W OutputHDR3 HDMI Ports, 2 USB PortsDolby Audio",amazon,48
Wobble UD Series 50 inch Ultra HD 4K Smart LED TV (WB50GTAW9602UDFL),"₹28,999",4.3,"50 in, LED TV4K Resolution, 3840 x 2160 pixelsWifi, EthernetSmart TV2 Speakers, 20 W OutputHDR3 HDMI Ports, 2 USB PortsDolby Audio",amazon,47
Sony Bravia 3 S30 85 inch Ultra HD 4K Smart LED TV (K-85S30),"₹2,46,999",4.5,"85 in, LED TV4K Resolution, 3840 x 2160 pixelsWifi, EthernetSmart TV2 Speakers, 20 W Output16 GB StorageHDR, Dolby Vision4 HDMI Ports, 2 USB Ports",flipkart,73
BPL 50U-D5310 50 inch Ultra HD 4K Smart LED TV,"₹41,074",4,"50 in, LED TV4K Resolution, 3840 x 2160 pixelsWifi, EthernetSmart TV2 Speakers, 32 W Output2 HDMI Ports, 2 USB PortsSupports Apps & GamesScreen Mirroring",flipkart,44
Samsung DUE80 43 inch Ultra HD 4K Smart LED TV (UA43DUE80AKLXL),"₹29,990",4.3,"43 in, LED TV4K Resolution, 3840 x 2160 pixelsWifi, EthernetSmart TV2 Speakers, 20 W OutputHDR, High Frame Rate (HFR)3 HDMI Ports, 2 USB PortsUltra Slim",amazon,50
MarQ by Flipkart 24HDNDQEETB 24 inch HD Ready LED TV,"₹5,299",4,"24 in, LED TV1366 x 768 pixelsSmart TV: No2 Speakers, 20 W Output1 HDMI Ports, 2 USB Ports60 Hz, 16:09 Ratio",flipkart,18
Bazeegar BAZQL43F1 43 inch Ultra HD 4K Smart QLED TV,"₹20,999",4.25,"43 in, QLED TV4K Resolution, 3840 x 2160 pixelsWifi, EthernetSmart TV2 Speakers, 24 W OutputHDRHDMISupports Apps & Games",amazon,44
Sony Bravia 3 S30 75 inch Ultra HD 4K Smart LED TV (K-75S30),"₹1,43,990",4.35,"75 in, LED TV4K Resolution, 3840 x 2160 pixelsWifi, EthernetSmart TV2 Speakers, 20 W Output16 GB StorageHDR, Dolby Vision4 HDMI Ports, 2 USB Ports",amazon,71
Wobble QD Series 50 inch Ultra HD 4K Smart QLED TV (WB50GTAW9602QD),"₹31,999",4,"50 in, QLED TV4K Resolution, 3840 x 2160 pixelsWifi, EthernetSmart TV2 Speakers, 20 W Output2 GB RAM, 16 GB StorageHDR3 HDMI Ports, 2 USB Ports",amazon,52
Skylive SL40WS1 40 inch HD Ready Smart LED TV,"₹15,681",4.2,"40 in, LED TV1366 x 768 pixelsWifi, EthernetSmart TV2 Speakers, 20 W Output3 HDMI Ports, 3 USB Ports60 Hz, 16:9 Ratio",flipkart,34
