,index,brand,ultra_hd,full_hd,Rating,inches,display_type,wifi,rom,value_score,smart_features,Company_amazon,Company_croma,Company_flipkart,ppi,resolution_width,resolution_height,fast_charging,ram,Spec_Score,size_category,charging_category,brand_category,Price
0,1,45.0,1,0,4.65,55.0,6.0,1,16.0,0.0062722388892764,4.0,0.0,0.0,1.0,3.0,1.0,2.0,1.0,1.0,3.0,1.0,2.0,0.0,10.6689553946757
1,2,26.0,1,0,4.55,55.0,2.0,1,19.2,0.0059584752017905,3.0,0.0,0.0,1.0,3.0,1.0,2.0,1.0,1.0,2.0,1.0,2.0,0.0,10.645424897265505
2,3,56.0,1,0,4.35,55.0,6.0,1,32.0,0.00646639098354,4.0,1.0,0.0,0.0,3.0,1.0,2.0,2.0,1.0,2.0,1.0,1.0,0.0,10.51867319162636
3,4,26.0,1,0,4.4,43.0,2.0,1,19.2,0.0073808832542985,3.0,0.0,0.0,1.0,4.0,1.0,2.0,1.0,1.0,2.0,0.0,2.0,0.0,10.341742483467284
4,5,36.0,1,0,4.05,75.0,6.0,1,32.0,0.0036180482406432,4.0,1.0,0.0,0.0,1.0,1.0,2.0,2.0,1.0,4.0,1.0,2.0,0.0,11.225243392518449
5,6,17.0,1,0,4.2,55.0,4.0,1,28.8,0.0057961159223184,4.0,0.0,0.0,1.0,3.0,1.0,2.0,1.0,1.0,4.0,1.0,2.0,0.0,10.819778284410283
6,7,44.0,1,0,4.5,65.0,2.0,1,16.0,0.0034448697370045,4.0,1.0,0.0,0.0,2.0,1.0,2.0,1.0,1.0,3.0,1.0,2.0,0.0,11.302093316370168
7,8,13.0,0,0,4.45,32.0,2.0,1,16.0,0.0149555146951455,4.0,0.0,1.0,0.0,0.0,0.0,0.0,1.0,1.0,0.0,0.0,2.0,1.0,9.121509158269568
8,9,37.0,1,0,4.2,55.0,6.0,1,16.0,0.0102671229832437,4.0,0.0,0.0,1.0,3.0,1.0,2.0,3.0,1.0,2.0,1.0,1.0,0.0,10.021270588192513
9,10,56.0,1,0,4.65,55.0,4.0,1,32.0,0.0063034734105202,4.0,1.0,0.0,0.0,3.0,1.0,2.0,1.0,1.0,3.0,1.0,2.0,0.0,10.714417768752456
10,11,41.0,1,0,4.55,43.0,4.0,1,25.6,0.0076514931864308,3.0,0.0,0.0,1.0,4.0,1.0,2.0,2.0,1.0,3.0,0.0,2.0,0.0,10.448453699421847
11,12,56.0,0,0,4.5,32.0,2.0,1,16.0,0.0149555146951455,4.0,0.0,1.0,0.0,0.0,0.0,0.0,1.0,2.0,0.0,0.0,2.0,0.0,9.121509158269568
12,13,45.0,1,0,4.4,55.0,4.0,1,22.4,0.0036181797977553,3.6,0.0,1.0,0.0,3.0,1.0,2.0,1.0,1.0,4.0,1.0,2.0,0.0,11.40746494431207
13,14,41.0,1,0,4.7,55.0,4.0,1,28.8,0.0062339639051967,3.0,0.0,0.0,1.0,3.0,1.0,2.0,2.0,1.0,3.0,1.0,2.0,0.0,10.736201004154935
14,15,56.0,1,0,4.3,43.0,6.0,1,32.0,0.0086002866762225,4.0,1.0,0.0,0.0,4.0,1.0,2.0,2.0,1.0,3.0,0.0,2.0,0.0,10.308952660644293
15,16,37.0,1,0,4.25,43.0,6.0,1,16.0,0.0114513705373335,4.0,0.0,0.0,1.0,4.0,1.0,2.0,2.0,1.0,2.0,0.0,2.0,0.0,9.867860374892976
16,17,45.0,1,0,4.45,65.0,4.0,1,44.8,0.0032363930581187,3.0,0.0,0.0,1.0,2.0,1.0,2.0,1.0,2.0,4.0,1.0,2.0,0.0,11.608235644774552
17,18,17.0,1,0,4.2,43.0,6.0,1,16.0,0.0112123395059112,4.0,0.0,1.0,0.0,4.0,1.0,2.0,1.0,1.0,3.0,0.0,2.0,0.0,10.0690019910137
18,19,45.0,0,1,4.65,32.0,2.0,1,16.0,0.0149555146951455,3.0,0.0,0.0,1.0,1.0,0.0,1.0,1.0,2.0,0.0,0.0,2.0,0.0,9.305650551780507
19,20,41.0,1,0,4.3,43.0,2.0,1,19.2,0.0081225230564094,3.0,0.0,0.0,1.0,4.0,1.0,2.0,1.0,1.0,2.0,0.0,2.0,0.0,10.203592144986466
20,21,28.0,1,0,4.7,55.0,4.0,1,44.8,0.0064174311044443,4.0,1.0,0.0,0.0,3.0,1.0,2.0,1.0,2.0,4.0,1.0,2.0,0.0,10.858998997563564
21,22,31.0,1,0,4.05,43.0,6.0,1,32.0,0.0090723628945157,4.0,0.0,0.0,1.0,4.0,1.0,2.0,3.0,1.0,2.0,0.0,1.0,0.0,10.126631103850338
22,23,11.0,1,0,4.05,43.0,2.0,1,19.2,0.0131635969664138,4.0,0.0,0.0,1.0,4.0,1.0,2.0,1.0,2.0,0.0,0.0,2.0,2.0,9.392661928770137
23,24,44.0,1,0,4.3,65.0,1.0,1,32.0,0.0015422524797397,4.0,1.0,0.0,0.0,2.0,1.0,2.0,1.0,2.0,4.0,1.0,2.0,0.0,12.345797413264954
24,25,45.0,1,0,4.2,55.0,6.0,1,32.0,0.0058482055304961,3.0,1.0,0.0,0.0,3.0,1.0,2.0,2.0,2.0,4.0,1.0,1.0,0.0,10.839404425545462
25,26,56.0,1,0,4.45,43.0,4.0,1,32.0,0.0078214491348222,4.0,1.0,0.0,0.0,4.0,1.0,2.0,1.0,1.0,3.0,0.0,2.0,0.0,10.404262840448617
26,27,17.0,1,0,4.65,55.0,6.0,1,19.2,0.0098054250934534,4.0,0.0,1.0,0.0,3.0,1.0,2.0,1.0,1.0,3.0,1.0,2.0,0.0,10.351373376528244
27,28,28.0,1,0,4.0,43.0,6.0,1,44.8,0.0080002666755558,4.0,1.0,0.0,0.0,4.0,1.0,2.0,1.0,2.0,3.0,0.0,2.0,0.0,10.308952660644293
28,29,13.0,0,0,4.35,32.0,6.0,1,16.0,0.0133949191685912,4.0,0.0,1.0,0.0,0.0,0.0,0.0,1.0,0.0,1.0,0.0,2.0,1.0,9.472012088995733
29,30,31.0,0,0,4.55,32.0,6.0,1,16.0,0.0147790409436703,4.0,0.0,0.0,1.0,0.0,0.0,0.0,3.0,0.0,0.0,0.0,1.0,0.0,9.367344120785848
30,31,17.0,1,0,4.75,50.0,6.0,1,28.8,0.0099753325110837,4.0,0.0,0.0,1.0,4.0,1.0,2.0,2.0,1.0,3.0,1.0,2.0,0.0,10.308952660644293
31,32,45.0,1,0,4.0,55.0,4.0,1,16.0,0.0054783799647818,3.0,0.0,0.0,1.0,3.0,1.0,2.0,1.0,1.0,3.0,1.0,2.0,0.0,10.736396675471232
32,33,28.0,1,0,4.55,55.0,6.0,1,44.8,0.007166429160729,4.0,1.0,0.0,0.0,3.0,1.0,2.0,2.0,2.0,3.0,1.0,2.0,0.0,10.596634733096073
33,34,45.0,1,0,4.05,43.0,6.0,1,16.0,0.0072299168975069,3.0,0.0,0.0,1.0,4.0,1.0,2.0,1.0,1.0,3.0,0.0,2.0,0.0,10.38871840689063
34,35,26.0,1,0,4.25,43.0,4.0,1,22.4,0.0053950536222368,3.0,0.0,1.0,0.0,4.0,1.0,2.0,1.0,1.0,3.0,0.0,2.0,0.0,10.72965662094508
35,36,41.0,1,0,4.3,50.0,2.0,1,19.2,0.0063083488930381,3.0,1.0,0.0,0.0,4.0,1.0,2.0,2.0,1.0,2.0,1.0,2.0,0.0,10.531856183153891
36,37,37.0,0,0,4.65,32.0,6.0,1,16.0,0.0149555146951455,4.0,0.0,0.0,1.0,0.0,0.0,0.0,1.0,0.0,1.0,0.0,2.0,0.0,9.323669057283183
37,38,51.0,0,1,4.55,43.0,6.0,1,19.2,0.0124374958330555,3.0,1.0,0.0,0.0,1.0,0.0,1.0,1.0,2.0,1.0,0.0,2.0,0.0,9.615805480084347
38,39,17.0,1,0,4.2,55.0,4.0,1,28.8,0.0049966378730667,4.0,0.0,0.0,1.0,3.0,1.0,2.0,1.0,1.0,4.0,1.0,2.0,0.0,10.968198289528557
39,40,17.0,1,0,4.25,65.0,4.0,1,32.0,0.0040297441226133,4.0,0.0,0.0,1.0,2.0,1.0,2.0,1.0,1.0,4.0,1.0,2.0,0.0,11.251443810887574
40,41,45.0,1,0,4.45,65.0,6.0,1,32.0,0.0049901500227307,3.0,1.0,0.0,0.0,2.0,1.0,2.0,2.0,2.0,4.0,1.0,1.0,0.0,11.097273648073832
41,42,41.0,1,0,4.65,43.0,4.0,1,25.6,0.0059308570149921,3.0,0.0,1.0,0.0,4.0,1.0,2.0,2.0,1.0,3.0,0.0,2.0,0.0,10.707527418047702
42,43,26.0,1,0,4.45,43.0,2.0,1,19.2,0.0067426285645019,3.0,1.0,0.0,0.0,4.0,1.0,2.0,1.0,1.0,1.0,0.0,2.0,0.0,10.404262840448617
43,44,26.0,1,0,4.55,43.0,2.0,1,22.4,0.0067687815091324,3.0,0.0,1.0,0.0,4.0,1.0,2.0,1.0,1.0,2.0,0.0,2.0,0.0,10.499573020252942
44,45,45.0,1,0,4.4,75.0,6.0,1,32.0,0.0036434025163996,3.0,0.0,1.0,0.0,1.0,1.0,2.0,1.0,2.0,4.0,1.0,2.0,0.0,11.44025799325892
45,46,45.0,1,0,4.45,55.0,6.0,1,32.0,0.0057105114172485,3.0,1.0,0.0,0.0,3.0,1.0,2.0,1.0,2.0,4.0,1.0,2.0,0.0,10.87787736679393
46,47,45.0,1,0,4.7,55.0,6.0,1,32.0,0.0069969760409397,3.0,1.0,0.0,0.0,3.0,1.0,2.0,1.0,2.0,3.0,1.0,2.0,0.0,10.66874607044333
47,48,56.0,1,0,4.1,43.0,6.0,1,32.0,0.0082003037149524,4.0,1.0,0.0,0.0,4.0,1.0,2.0,2.0,1.0,2.0,0.0,2.0,0.0,10.203592144986466
48,49,56.0,0,0,4.55,32.0,6.0,1,16.0,0.0121341422761517,4.0,0.0,0.0,1.0,0.0,0.0,0.0,1.0,0.0,1.0,0.0,2.0,0.0,9.615805480084347
49,50,0.0,1,0,4.25,50.0,6.0,1,19.2,0.0096903876155046,4.0,0.0,0.0,1.0,4.0,1.0,2.0,3.0,1.0,3.0,1.0,1.0,0.0,10.126631103850338
50,51,45.0,0,1,4.75,32.0,6.0,1,19.2,0.0121794871794871,4.0,0.0,1.0,0.0,1.0,0.0,1.0,0.0,0.0,1.0,0.0,2.0,0.0,9.679781342959442
51,52,26.0,1,0,4.75,75.0,2.0,1,22.4,0.0030875308753087,3.0,0.0,0.0,1.0,1.0,1.0,2.0,1.0,2.0,3.0,1.0,2.0,0.0,11.512925464970229
52,53,8.0,0,0,4.75,32.0,6.0,1,16.0,0.0149555146951455,4.0,0.0,0.0,1.0,0.0,0.0,0.0,3.0,0.0,0.0,0.0,1.0,1.0,9.35010231435134
53,54,8.0,0,1,4.65,40.0,6.0,1,19.2,0.0116257266079129,4.0,0.0,0.0,1.0,1.0,0.0,1.0,3.0,0.0,1.0,0.0,1.0,1.0,9.680344001221918
54,55,26.0,1,0,4.15,55.0,4.0,1,25.6,0.0041855416331903,3.0,0.0,0.0,1.0,3.0,1.0,2.0,1.0,1.0,3.0,1.0,2.0,0.0,10.976782033219948
55,56,44.0,1,0,4.6,65.0,2.0,1,32.0,0.0026604546549923,4.0,0.0,1.0,0.0,2.0,1.0,2.0,1.0,2.0,4.0,1.0,2.0,0.0,11.731988703117286
56,57,51.0,0,0,4.5,40.0,6.0,0,16.0,0.0106373306664242,3.0,1.0,0.0,0.0,0.0,0.0,0.0,1.0,1.0,0.0,0.0,2.0,0.0,9.305650551780507
57,58,44.0,1,0,4.35,55.0,1.0,1,32.0,0.0015676418986201,4.0,1.0,0.0,0.0,3.0,1.0,2.0,3.0,2.0,4.0,1.0,1.0,0.0,12.259096691303094
58,59,51.0,0,0,4.45,32.0,6.0,0,16.0,0.0144643080385048,3.0,1.0,0.0,0.0,0.0,0.0,0.0,1.0,1.0,0.0,0.0,2.0,0.0,9.121509158269568
59,60,45.0,1,0,4.05,75.0,2.0,1,25.6,0.0034401972872996,4.0,0.0,0.0,1.0,1.0,1.0,2.0,2.0,1.0,3.0,1.0,2.0,0.0,11.198091424858744
60,61,45.0,1,0,4.5,77.0,6.0,1,32.0,0.0015422524797397,3.0,0.0,0.0,1.0,1.0,1.0,2.0,1.0,2.0,4.0,0.0,2.0,0.0,12.345797413264954
61,62,17.0,1,0,4.15,75.0,4.0,1,38.4,0.0031958195819581,4.0,0.0,0.0,1.0,1.0,1.0,2.0,1.0,2.0,4.0,1.0,2.0,0.0,11.512835460919986
62,63,45.0,1,0,4.45,75.0,6.0,1,32.0,0.0039901138061846,3.0,1.0,0.0,0.0,1.0,1.0,2.0,2.0,2.0,4.0,1.0,1.0,0.0,11.373559944009717
63,64,45.0,1,0,4.35,77.0,6.0,1,32.0,0.0023490156601044,3.0,0.0,0.0,1.0,1.0,1.0,2.0,1.0,2.0,4.0,0.0,2.0,0.0,11.918390573078392
64,65,41.0,1,0,4.35,77.0,3.0,1,38.4,0.0015422524797397,4.0,0.0,0.0,1.0,1.0,1.0,2.0,3.0,2.0,4.0,0.0,0.0,0.0,12.345797413264954
65,66,51.0,0,0,4.65,32.0,2.0,1,16.0,0.0149555146951455,4.0,0.0,0.0,1.0,0.0,0.0,0.0,1.0,0.0,0.0,0.0,2.0,0.0,9.121509158269568
66,67,41.0,1,0,4.2,55.0,5.0,1,32.0,0.0036434173905709,4.0,1.0,0.0,0.0,3.0,1.0,2.0,1.0,2.0,4.0,1.0,2.0,0.0,11.326595886778737
67,68,1.0,1,0,4.2,65.0,6.0,1,16.0,0.0068251706292657,4.0,0.0,0.0,1.0,2.0,1.0,2.0,3.0,1.0,3.0,1.0,1.0,1.0,10.596634733096073
68,69,41.0,1,0,4.75,55.0,6.0,1,19.2,0.0059388497385769,3.0,0.0,0.0,1.0,3.0,1.0,2.0,1.0,1.0,2.0,1.0,2.0,0.0,10.69174034652358
69,70,56.0,1,0,4.1,50.0,2.0,1,19.2,0.0077609914639808,4.0,0.0,0.0,1.0,4.0,1.0,2.0,2.0,1.0,2.0,1.0,2.0,0.0,10.23995978915734
70,71,36.0,1,0,4.1,43.0,6.0,1,32.0,0.0089595910959665,4.0,1.0,0.0,0.0,4.0,1.0,2.0,2.0,1.0,3.0,0.0,2.0,0.0,10.203592144986466
71,72,50.0,1,0,4.4,43.0,6.0,1,16.0,0.0099660249150622,4.0,1.0,0.0,0.0,4.0,1.0,2.0,3.0,1.0,3.0,0.0,0.0,0.0,10.184560331647974
72,73,26.0,1,0,4.75,55.0,5.0,1,44.8,0.0035886974916893,4.0,0.0,0.0,1.0,3.0,1.0,2.0,3.0,2.0,4.0,1.0,1.0,0.0,11.570146654617512
73,74,17.0,1,0,4.6,55.0,6.0,1,28.8,0.0084116689048258,4.0,0.0,0.0,1.0,3.0,1.0,2.0,2.0,1.0,3.0,1.0,2.0,0.0,10.46310334047155
74,75,45.0,1,0,4.35,55.0,4.0,1,19.2,0.0052209492635024,3.4,0.0,1.0,0.0,3.0,1.0,2.0,1.0,2.0,3.0,1.0,2.0,0.0,10.91492481446108
75,76,45.0,1,0,4.45,43.0,6.0,1,16.0,0.008065877058658,3.0,0.0,0.0,1.0,4.0,1.0,2.0,1.0,1.0,3.0,0.0,2.0,0.0,10.373491181781864
76,77,45.0,1,0,4.2,65.0,4.0,1,32.0,0.004320617231033,3.0,1.0,0.0,0.0,2.0,1.0,2.0,1.0,2.0,4.0,1.0,2.0,0.0,11.15612194133691
77,78,37.0,1,0,4.5,55.0,6.0,1,32.0,0.009692680487711,4.0,0.0,0.0,1.0,3.0,1.0,2.0,3.0,1.0,2.0,1.0,1.0,0.0,10.16585181700362
78,79,45.0,1,0,4.15,43.0,6.0,1,16.0,0.0073652791222975,4.0,0.0,0.0,1.0,4.0,1.0,2.0,2.0,1.0,2.0,0.0,2.0,0.0,10.341452118734878
79,80,56.0,1,0,4.2,55.0,6.0,1,32.0,0.0063015003572279,4.0,1.0,0.0,0.0,3.0,1.0,2.0,2.0,1.0,3.0,1.0,1.0,0.0,10.645210588588755
80,81,45.0,0,1,4.15,32.0,6.0,1,19.2,0.0107165913492575,3.0,1.0,0.0,0.0,1.0,0.0,1.0,1.0,0.0,1.0,0.0,2.0,0.0,9.648014489106362
81,82,26.0,0,0,4.65,32.0,2.0,1,16.0,0.0117120490129339,4.0,0.0,0.0,1.0,0.0,0.0,0.0,1.0,0.0,0.0,0.0,2.0,0.0,9.594990340370426
82,83,15.0,1,0,4.15,43.0,6.0,1,19.2,0.0139331380812915,4.0,0.0,0.0,1.0,1.0,0.0,1.0,2.0,2.0,1.0,0.0,2.0,1.0,9.546812608597396
83,84,56.0,0,0,4.7,32.0,2.0,1,16.0,0.0149555146951455,4.0,0.0,0.0,1.0,0.0,0.0,0.0,1.0,2.0,0.0,0.0,2.0,0.0,9.305650551780507
84,85,45.0,1,0,4.35,55.0,6.0,1,16.0,0.0054386330485517,4.0,0.0,1.0,0.0,3.0,1.0,2.0,1.0,1.0,3.0,1.0,2.0,0.0,10.778768772309704
85,86,45.0,1,0,4.3,65.0,6.0,1,16.0,0.004168333589783,4.0,0.0,1.0,0.0,2.0,1.0,2.0,1.0,1.0,3.0,1.0,2.0,0.0,11.082004077752629
86,87,41.0,1,0,4.25,65.0,3.0,1,35.2,0.0020077918890729,4.0,0.0,0.0,1.0,2.0,1.0,2.0,2.0,2.0,4.0,1.0,2.0,0.0,12.001450263540583
87,88,8.0,0,1,4.7,43.0,6.0,1,19.2,0.0102062975027144,4.0,0.0,0.0,1.0,1.0,0.0,1.0,3.0,0.0,0.0,0.0,1.0,1.0,9.769956159911606
88,89,44.0,1,0,4.6,55.0,2.0,1,19.2,0.0032929782082324,4.0,1.0,0.0,0.0,3.0,1.0,2.0,1.0,1.0,4.0,1.0,2.0,0.0,11.461537429252754
89,90,31.0,1,0,4.5,50.0,6.0,1,32.0,0.0082744604664666,4.0,0.0,0.0,1.0,4.0,1.0,2.0,3.0,1.0,3.0,1.0,1.0,0.0,10.341742483467284
90,91,31.0,1,0,4.15,75.0,4.0,1,44.8,0.0043358856102329,4.0,0.0,0.0,1.0,1.0,1.0,2.0,1.0,1.0,4.0,1.0,2.0,0.0,11.112447898373103
91,92,41.0,1,0,4.3,65.0,4.0,1,22.4,0.0036012950161877,3.0,0.0,0.0,1.0,2.0,1.0,2.0,2.0,1.0,4.0,1.0,2.0,0.0,11.289781913656018
92,93,41.0,1,0,4.6,55.0,4.0,1,22.4,0.0042948083180082,3.0,0.0,1.0,0.0,3.0,1.0,2.0,1.0,2.0,3.0,1.0,2.0,0.0,11.1660735453374
93,94,26.0,1,0,4.0,65.0,5.0,1,44.8,0.0015422524797397,4.0,0.0,1.0,0.0,2.0,1.0,2.0,3.0,2.0,4.0,1.0,1.0,0.0,12.345797413264954
94,95,41.0,1,0,4.35,32.0,2.0,1,22.4,0.0073213718640838,3.0,1.0,0.0,0.0,4.0,1.0,2.0,2.0,1.0,2.0,0.0,2.0,0.0,10.357457069703909
95,96,51.0,0,1,4.2,40.0,6.0,1,19.2,0.0124453663234313,3.0,1.0,0.0,0.0,1.0,0.0,1.0,1.0,1.0,1.0,0.0,2.0,0.0,9.51044496442652
96,97,26.0,1,0,4.4,55.0,2.0,1,25.6,0.0050161003220064,3.0,0.0,1.0,0.0,3.0,1.0,2.0,1.0,1.0,3.0,1.0,2.0,0.0,10.819778284410283
97,98,26.0,1,0,4.4,55.0,4.0,1,32.0,0.0041910305595978,4.0,0.0,1.0,0.0,3.0,1.0,2.0,1.0,2.0,4.0,1.0,2.0,0.0,11.233092507461846
98,99,26.0,1,0,4.7,55.0,4.0,1,16.0,0.0047278805899495,3.0,0.0,0.0,1.0,3.0,1.0,2.0,1.0,1.0,4.0,1.0,2.0,0.0,11.121363262031055
99,100,56.0,1,0,4.4,55.0,4.0,1,32.0,0.0054154887593992,3.0,1.0,0.0,0.0,3.0,1.0,2.0,2.0,1.0,3.0,1.0,1.0,0.0,10.858998997563564
100,101,51.0,1,0,4.4,43.0,6.0,1,32.0,0.0102004636574389,4.0,1.0,0.0,0.0,4.0,1.0,2.0,3.0,1.0,2.0,0.0,1.0,0.0,9.998797732340453
101,102,19.0,1,0,4.45,55.0,6.0,1,19.2,0.0056071121422428,4.0,0.0,0.0,1.0,3.0,1.0,2.0,1.0,2.0,3.0,1.0,2.0,0.0,10.819778284410283
102,103,23.0,0,0,4.0,32.0,6.0,1,16.0,0.0149555146951455,4.0,0.0,0.0,1.0,0.0,0.0,0.0,1.0,0.0,0.0,0.0,2.0,0.0,9.121509158269568
103,104,36.0,1,0,4.7,55.0,4.0,1,32.0,0.00674362486141,4.0,1.0,0.0,0.0,3.0,1.0,2.0,3.0,1.0,3.0,1.0,1.0,0.0,10.736396675471232
104,105,51.0,0,0,4.35,32.0,2.0,1,16.0,0.0149555146951455,4.0,0.0,0.0,1.0,0.0,0.0,0.0,1.0,1.0,0.0,0.0,2.0,0.0,9.121509158269568
105,106,12.0,1,0,4.6,55.0,4.0,1,32.0,0.0086426861420043,4.0,1.0,0.0,0.0,3.0,1.0,2.0,3.0,1.0,3.0,1.0,1.0,1.0,10.404262840448617
106,107,41.0,1,0,4.1,43.0,6.0,1,19.2,0.0064625644134586,3.0,0.0,0.0,1.0,4.0,1.0,2.0,1.0,1.0,2.0,0.0,2.0,0.0,10.403990075979044
107,108,22.0,0,0,4.6,32.0,2.0,0,16.0,0.0149555146951455,3.0,0.0,0.0,1.0,0.0,0.0,0.0,2.0,0.0,0.0,0.0,2.0,2.0,9.121509158269568
108,109,51.0,0,1,4.75,40.0,6.0,1,19.2,0.014504924040003,4.0,0.0,0.0,1.0,1.0,0.0,1.0,1.0,2.0,1.0,0.0,2.0,0.0,9.480367509189245
109,110,51.0,0,1,4.35,43.0,2.0,1,19.2,0.0113353053031903,4.0,0.0,0.0,1.0,1.0,0.0,1.0,1.0,1.0,0.0,0.0,2.0,0.0,9.560997243589352
110,111,51.0,0,0,4.7,32.0,2.0,1,16.0,0.0149555146951455,4.0,1.0,0.0,0.0,0.0,0.0,0.0,1.0,1.0,0.0,0.0,2.0,0.0,9.121509158269568
111,112,50.0,1,0,4.2,55.0,6.0,1,16.0,0.0073520422339538,4.0,1.0,0.0,0.0,3.0,1.0,2.0,3.0,1.0,3.0,1.0,0.0,0.0,10.491024186183038
112,113,56.0,0,0,4.6,32.0,2.0,1,16.0,0.0127394414954996,4.0,1.0,0.0,0.0,0.0,0.0,0.0,1.0,2.0,0.0,0.0,2.0,0.0,9.472704636443671
113,114,8.0,0,1,4.75,40.0,6.0,1,19.2,0.0149555146951455,4.0,1.0,0.0,0.0,1.0,0.0,1.0,3.0,0.0,1.0,0.0,1.0,1.0,9.51044496442652
114,115,17.0,1,0,4.45,65.0,4.0,1,32.0,0.0046407805825797,4.0,0.0,0.0,1.0,2.0,1.0,2.0,1.0,1.0,4.0,1.0,2.0,0.0,11.156250521031495
115,116,44.0,1,0,4.3,43.0,2.0,1,19.2,0.0049554250924113,4.0,1.0,0.0,0.0,4.0,1.0,2.0,1.0,1.0,2.0,0.0,2.0,0.0,10.736201004154935
116,117,44.0,1,0,4.45,55.0,2.0,1,16.0,0.0041635747701242,4.0,1.0,0.0,0.0,3.0,1.0,2.0,1.0,1.0,3.0,1.0,2.0,0.0,11.034744492199986
117,118,45.0,1,0,4.0,55.0,6.0,1,32.0,0.0055112335829685,3.0,0.0,0.0,1.0,3.0,1.0,2.0,2.0,2.0,3.0,1.0,1.0,0.0,10.714417768752456
118,119,41.0,0,0,4.05,32.0,2.0,0,16.0,0.0083505154639175,3.0,0.0,1.0,0.0,0.0,0.0,0.0,1.0,1.0,0.0,0.0,2.0,0.0,9.71057005652877
119,120,41.0,1,0,4.1,55.0,6.0,1,25.6,0.0054989770402364,3.0,1.0,0.0,0.0,3.0,1.0,2.0,1.0,1.0,3.0,1.0,2.0,0.0,10.69174034652358
120,121,45.0,0,1,4.55,43.0,6.0,1,19.2,0.0081932773109243,4.0,1.0,0.0,0.0,1.0,0.0,1.0,1.0,1.0,1.0,0.0,2.0,0.0,10.126271039034782
121,122,41.0,1,0,4.25,55.0,4.0,1,19.2,0.0040652763083522,4.0,1.0,0.0,0.0,3.0,1.0,2.0,1.0,1.0,3.0,1.0,2.0,0.0,11.141861783579396
122,123,41.0,1,0,4.7,43.0,2.0,1,19.2,0.0087434187434187,3.0,1.0,0.0,0.0,4.0,1.0,2.0,1.0,1.0,2.0,0.0,2.0,0.0,10.257343526911065
123,124,26.0,1,0,4.75,43.0,2.0,1,19.2,0.0082243170450173,4.0,0.0,1.0,0.0,4.0,1.0,2.0,1.0,1.0,1.0,0.0,2.0,0.0,10.165505603232392
124,125,47.0,1,0,4.0,43.0,6.0,1,16.0,0.0101822810127733,4.0,0.0,0.0,1.0,4.0,1.0,2.0,1.0,1.0,2.0,0.0,2.0,0.0,9.998797732340453
125,126,45.0,1,0,4.55,43.0,6.0,1,32.0,0.007280208005943,3.0,0.0,0.0,1.0,4.0,1.0,2.0,2.0,1.0,2.0,0.0,2.0,0.0,10.46310334047155
126,127,29.0,0,1,4.5,43.0,2.0,1,19.2,0.0110777752134779,4.0,0.0,0.0,1.0,1.0,0.0,1.0,1.0,0.0,0.0,0.0,2.0,1.0,9.472704636443671
127,128,35.0,1,0,4.35,43.0,2.0,1,16.0,0.0098868130369562,4.0,0.0,1.0,0.0,4.0,1.0,2.0,1.0,1.0,1.0,0.0,2.0,0.0,9.998797732340453
128,129,44.0,1,0,4.05,43.0,2.0,1,22.4,0.0056701620046287,3.0,0.0,1.0,0.0,4.0,1.0,2.0,1.0,1.0,1.0,0.0,2.0,0.0,10.46310334047155
129,130,41.0,0,0,4.4,32.0,2.0,1,16.0,0.0097498213009292,3.0,0.0,1.0,0.0,0.0,0.0,0.0,1.0,0.0,0.0,0.0,2.0,0.0,9.546169544733283
130,131,24.0,0,1,4.25,40.0,6.0,1,19.2,0.0111569473092068,4.0,0.0,0.0,1.0,1.0,0.0,1.0,3.0,0.0,1.0,0.0,1.0,1.0,9.680344001221918
131,132,26.0,1,0,4.2,43.0,4.0,1,19.2,0.0051334474099424,3.0,0.0,0.0,1.0,4.0,1.0,2.0,1.0,1.0,2.0,0.0,2.0,0.0,10.714417768752456
132,133,26.0,1,0,4.6,65.0,4.0,1,44.8,0.0031755022568368,4.0,0.0,1.0,0.0,2.0,1.0,2.0,1.0,2.0,4.0,1.0,2.0,0.0,11.635063448504866
133,134,26.0,1,0,4.75,48.0,5.0,1,44.8,0.0033240322437771,4.0,0.0,1.0,0.0,4.0,1.0,2.0,1.0,2.0,4.0,0.0,2.0,0.0,11.634178030396887
134,135,26.0,1,0,4.35,77.0,5.0,1,44.8,0.0015422524797397,4.0,0.0,1.0,0.0,1.0,1.0,2.0,3.0,2.0,4.0,1.0,1.0,0.0,12.345797413264954
135,136,45.0,1,0,4.35,55.0,2.0,0,25.5,0.006750717783094,3.0,0.0,1.0,0.0,1.0,0.0,1.0,1.0,1.0,2.0,1.0,2.0,0.0,10.462846164547514
136,137,45.0,1,0,4.15,50.0,6.0,1,16.0,0.0061733777891767,4.0,0.0,1.0,0.0,4.0,1.0,2.0,1.0,1.0,3.0,1.0,2.0,0.0,10.571086129249698
137,138,45.0,1,0,4.25,65.0,2.0,1,16.0,0.0041734860883797,4.0,1.0,0.0,0.0,2.0,1.0,2.0,1.0,0.0,2.0,1.0,2.0,0.0,10.91492481446108
138,139,45.0,1,0,4.2,55.0,6.0,1,32.0,0.0054689564068692,3.0,0.0,1.0,0.0,3.0,1.0,2.0,1.0,2.0,4.0,1.0,2.0,0.0,10.87787736679393
139,140,45.0,1,0,4.55,65.0,6.0,1,32.0,0.0047456779539934,3.0,0.0,1.0,0.0,2.0,1.0,2.0,1.0,2.0,4.0,1.0,2.0,0.0,11.15612194133691
140,141,45.0,1,0,4.4,55.0,6.0,1,16.0,0.0061824243867587,3.0,1.0,0.0,0.0,3.0,1.0,2.0,1.0,1.0,3.0,1.0,2.0,0.0,10.645210588588755
141,142,45.0,1,0,4.3,43.0,6.0,1,16.0,0.0072991815701727,3.0,1.0,0.0,0.0,4.0,1.0,2.0,1.0,1.0,2.0,0.0,2.0,0.0,10.403990075979044
142,143,41.0,1,0,4.55,65.0,2.0,1,28.8,0.0045507223368788,3.0,1.0,0.0,0.0,2.0,1.0,2.0,2.0,1.0,3.0,1.0,2.0,0.0,11.05074713802576
143,144,41.0,1,0,4.0,55.0,4.0,1,22.4,0.0038736307350373,3.0,0.0,1.0,0.0,3.0,1.0,2.0,1.0,1.0,3.0,1.0,2.0,0.0,11.05074713802576
144,145,45.0,1,0,4.65,55.0,6.0,1,32.0,0.0059914613742571,3.0,0.0,0.0,1.0,3.0,1.0,2.0,2.0,2.0,4.0,1.0,1.0,0.0,10.858998997563564
145,146,31.0,1,0,4.1,77.0,4.0,1,44.8,0.0028327530250275,4.0,0.0,0.0,1.0,1.0,1.0,2.0,1.0,1.0,4.0,0.0,2.0,0.0,11.608235644774552
146,147,37.0,0,1,4.45,40.0,6.0,1,19.2,0.0107588329029067,4.0,0.0,0.0,1.0,1.0,0.0,1.0,1.0,0.0,1.0,0.0,2.0,0.0,9.809176873064889
147,148,41.0,1,0,4.3,43.0,2.0,1,25.6,0.0073737694506192,3.0,0.0,0.0,1.0,4.0,1.0,2.0,2.0,1.0,2.0,0.0,2.0,0.0,10.357457069703909
148,149,47.0,1,0,4.6,55.0,2.0,1,19.2,0.0060965241310327,4.0,1.0,0.0,0.0,3.0,1.0,2.0,2.0,1.0,2.0,1.0,2.0,0.0,10.596409707779776
149,150,41.0,1,0,4.2,55.0,2.0,1,32.0,0.0055078906423649,3.0,1.0,0.0,0.0,3.0,1.0,2.0,2.0,1.0,3.0,1.0,2.0,0.0,10.714217748749787
150,151,13.0,1,0,4.2,55.0,6.0,1,32.0,0.0062477558348294,4.0,0.0,1.0,0.0,3.0,1.0,2.0,1.0,1.0,3.0,1.0,2.0,1.0,10.571086129249698
151,152,26.0,1,0,4.65,55.0,5.0,1,44.8,0.0026478752936152,4.0,0.0,1.0,0.0,3.0,1.0,2.0,1.0,2.0,4.0,1.0,2.0,0.0,11.852898708764702
152,153,26.0,1,0,4.55,55.0,4.0,1,22.4,0.0044510147466783,3.0,0.0,1.0,0.0,3.0,1.0,2.0,1.0,1.0,4.0,1.0,2.0,0.0,11.134457628756993
153,154,51.0,1,0,4.5,50.0,6.0,1,32.0,0.0093465133274356,4.0,1.0,0.0,0.0,4.0,1.0,2.0,3.0,1.0,2.0,1.0,1.0,0.0,10.16585181700362
154,155,26.0,0,0,4.0,32.0,2.0,1,16.0,0.0078303425774877,3.0,0.0,1.0,0.0,0.0,0.0,0.0,0.0,0.0,0.0,0.0,2.0,0.0,9.81961669349898
155,156,26.0,1,0,4.2,50.0,2.0,1,19.2,0.0052274270196877,3.0,0.0,1.0,0.0,4.0,1.0,2.0,1.0,1.0,2.0,1.0,2.0,0.0,10.69627642742294
156,157,41.0,1,0,4.2,55.0,3.0,1,25.6,0.0024805102763997,4.0,0.0,0.0,1.0,3.0,1.0,2.0,2.0,1.0,4.0,1.0,2.0,0.0,11.751871496787873
157,158,26.0,1,0,4.05,55.0,2.0,1,19.2,0.0048424965760125,3.0,1.0,0.0,0.0,3.0,1.0,2.0,1.0,1.0,2.0,1.0,2.0,0.0,10.736396675471232
158,159,26.0,0,0,4.55,32.0,2.0,1,16.0,0.0097738835500282,3.0,0.0,1.0,0.0,0.0,0.0,0.0,0.0,0.0,0.0,0.0,2.0,0.0,9.780811314668616
159,160,26.0,0,0,4.45,32.0,2.0,1,16.0,0.0084320227380388,3.0,1.0,0.0,0.0,0.0,0.0,0.0,0.0,0.0,0.0,0.0,2.0,0.0,9.852194258148575
160,161,26.0,1,0,4.35,65.0,4.0,1,16.0,0.0033185909133083,3.0,1.0,0.0,0.0,2.0,1.0,2.0,1.0,1.0,4.0,1.0,2.0,0.0,11.48246625748552
161,162,31.0,0,0,4.75,32.0,6.0,1,16.0,0.0149555146951455,4.0,0.0,0.0,1.0,0.0,0.0,0.0,3.0,0.0,1.0,0.0,1.0,0.0,9.367344120785848
162,163,31.0,1,0,4.7,55.0,6.0,1,32.0,0.0088305706233522,4.0,0.0,0.0,1.0,3.0,1.0,2.0,3.0,1.0,3.0,1.0,1.0,0.0,10.404262840448617
163,164,56.0,1,0,4.7,65.0,4.0,1,32.0,0.0043736718565535,3.0,1.0,0.0,0.0,2.0,1.0,2.0,2.0,1.0,4.0,1.0,1.0,0.0,11.184421397998191
164,165,1.0,1,0,4.7,42.52,6.0,1,32.0,0.0114439758250358,4.0,0.0,0.0,1.0,4.0,1.0,2.0,3.0,1.0,2.0,0.0,1.0,1.0,10.043249494911286
165,166,15.0,0,1,4.5,40.0,6.0,1,19.2,0.0135011250937578,4.0,0.0,0.0,1.0,1.0,0.0,1.0,2.0,1.0,0.0,0.0,2.0,1.0,9.392661928770137
166,167,56.0,1,0,4.35,75.0,6.0,1,32.0,0.0038933859822309,4.0,0.0,0.0,1.0,1.0,1.0,2.0,2.0,1.0,4.0,1.0,1.0,0.0,11.238172779922788
167,168,26.0,1,0,4.3,55.0,4.0,1,28.8,0.0033898105659489,4.0,0.0,0.0,1.0,3.0,1.0,2.0,1.0,1.0,4.0,1.0,2.0,0.0,11.35030064751358
168,169,15.0,1,0,4.1,43.0,4.0,0,22.4,0.0090004390458071,3.0,0.0,0.0,1.0,4.0,1.0,2.0,3.0,0.0,1.0,0.0,1.0,1.0,9.9281801651265
169,170,36.0,1,0,4.7,65.0,4.0,1,32.0,0.0055104398351695,4.0,1.0,0.0,0.0,2.0,1.0,2.0,3.0,1.0,4.0,1.0,1.0,0.0,10.968198289528557
170,171,51.0,1,0,4.65,43.0,6.0,1,16.0,0.0105686622119187,4.0,0.0,0.0,1.0,4.0,1.0,2.0,3.0,1.0,1.0,0.0,1.0,0.0,9.998797732340453
171,172,17.0,1,0,4.2,43.0,6.0,1,16.0,0.0085558384867224,4.0,0.0,0.0,1.0,4.0,1.0,2.0,1.0,1.0,2.0,0.0,2.0,0.0,10.221613957361985
172,173,17.0,1,0,4.75,75.0,4.0,1,35.2,0.0024937655860349,4.0,1.0,0.0,0.0,1.0,1.0,2.0,3.0,1.0,4.0,1.0,0.0,0.0,11.982929094215963
173,174,51.0,1,0,4.0,55.0,6.0,1,16.0,0.0084037144417832,4.0,0.0,0.0,1.0,3.0,1.0,2.0,3.0,1.0,1.0,1.0,1.0,0.0,10.077440859659566
174,175,46.0,1,0,4.55,55.0,6.0,1,32.0,0.0082729779690293,4.0,0.0,0.0,1.0,3.0,1.0,2.0,3.0,1.0,3.0,1.0,0.0,0.0,10.404262840448617
175,176,17.0,1,0,4.2,43.0,6.0,1,16.0,0.0072438771990341,4.0,1.0,0.0,0.0,4.0,1.0,2.0,3.0,1.0,1.0,0.0,1.0,0.0,10.274740715974104
176,177,0.0,1,0,4.3,43.0,2.0,1,16.0,0.0095351971824861,4.0,0.0,0.0,1.0,4.0,1.0,2.0,2.0,1.0,2.0,0.0,2.0,0.0,10.043249494911286
177,178,1.0,1,0,4.25,75.0,6.0,1,16.0,0.0052732458008481,4.0,0.0,0.0,1.0,1.0,1.0,2.0,3.0,1.0,4.0,1.0,1.0,1.0,10.896739325546411
178,179,8.0,1,0,4.1,43.0,6.0,1,22.4,0.0095302448781015,4.0,0.0,0.0,1.0,4.0,1.0,2.0,3.0,1.0,1.0,0.0,1.0,1.0,9.825526011066415
179,180,1.0,1,0,4.6,55.0,6.0,1,16.0,0.0092003066768892,4.0,0.0,0.0,1.0,3.0,1.0,2.0,3.0,1.0,3.0,1.0,1.0,1.0,10.308952660644293
180,181,35.0,0,0,4.1,32.0,2.0,1,16.0,0.0102507321951567,3.0,0.0,0.0,1.0,0.0,0.0,0.0,1.0,2.0,0.0,0.0,2.0,0.0,9.546812608597396
181,182,45.0,0,1,4.7,50.0,6.0,1,19.2,0.0073657885961987,4.0,1.0,0.0,0.0,0.0,0.0,1.0,1.0,1.0,1.0,1.0,2.0,0.0,10.30865261563529
182,183,37.0,1,0,4.05,55.0,6.0,1,22.4,0.0061716244960157,4.0,0.0,0.0,1.0,3.0,1.0,2.0,3.0,0.0,1.0,1.0,1.0,0.0,10.357742824813725
183,184,50.0,1,0,4.75,50.0,6.0,1,16.0,0.010131473128431,4.0,0.0,0.0,1.0,4.0,1.0,2.0,1.0,1.0,3.0,1.0,2.0,0.0,10.261161996807944
184,185,56.0,0,0,4.5,32.0,2.0,1,16.0,0.010607900564326,4.0,1.0,0.0,0.0,0.0,0.0,0.0,1.0,0.0,0.0,0.0,2.0,0.0,9.546812608597396
185,186,45.0,1,0,4.2,55.0,4.0,1,44.8,0.0037275465943324,3.0,0.0,0.0,1.0,3.0,1.0,2.0,1.0,2.0,4.0,1.0,2.0,0.0,11.289781913656018
186,187,36.0,1,0,4.25,50.0,6.0,1,32.0,0.0072859224549272,4.0,1.0,0.0,0.0,4.0,1.0,2.0,2.0,1.0,3.0,1.0,2.0,0.0,10.46310334047155
187,188,45.0,1,0,4.55,77.0,4.0,1,44.8,0.0015430501871747,4.0,0.0,0.0,1.0,1.0,1.0,2.0,3.0,2.0,4.0,0.0,1.0,0.0,12.345797413264954
188,189,56.0,0,0,4.15,32.0,6.0,1,16.0,0.0127702130933148,4.0,0.0,0.0,1.0,0.0,0.0,0.0,1.0,0.0,1.0,0.0,2.0,0.0,9.472704636443671
189,190,45.0,1,0,4.65,65.0,4.0,1,19.2,0.0044701118620368,3.4,0.0,0.0,1.0,2.0,1.0,2.0,1.0,2.0,3.0,1.0,2.0,0.0,11.13687837249461
190,191,12.0,0,0,4.6,32.0,6.0,1,16.0,0.0149555146951455,4.0,0.0,0.0,1.0,0.0,0.0,0.0,2.0,2.0,0.0,0.0,2.0,1.0,9.121509158269568
191,192,26.0,1,0,4.55,50.0,2.0,1,19.2,0.0059515260323159,3.0,0.0,0.0,1.0,4.0,1.0,2.0,1.0,1.0,2.0,1.0,2.0,0.0,10.571086129249698
192,193,45.0,1,0,4.05,55.0,4.0,1,25.6,0.0053101180026222,3.0,0.0,0.0,1.0,3.0,1.0,2.0,1.0,1.0,3.0,1.0,2.0,0.0,10.714417768752456
193,194,17.0,1,0,4.3,65.0,6.0,1,25.6,0.0057621152423048,4.0,0.0,0.0,1.0,2.0,1.0,2.0,2.0,1.0,4.0,1.0,2.0,0.0,10.819778284410283
194,195,17.0,1,0,4.3,75.0,4.0,1,44.8,0.0033540335403354,4.0,1.0,0.0,0.0,1.0,1.0,2.0,1.0,2.0,4.0,1.0,2.0,0.0,11.512925464970229
195,196,44.0,1,0,4.65,75.0,2.0,1,16.0,0.0025538978604803,4.0,1.0,0.0,0.0,1.0,1.0,2.0,1.0,1.0,4.0,1.0,2.0,0.0,11.711702550502414
196,197,17.0,1,0,4.35,43.0,6.0,1,28.8,0.0095059076262083,4.0,1.0,0.0,0.0,4.0,1.0,2.0,2.0,1.0,3.0,0.0,2.0,0.0,10.203592144986466
197,198,45.0,1,0,4.4,43.0,2.0,1,16.0,0.007545551982851,3.0,1.0,0.0,0.0,4.0,1.0,2.0,0.0,1.0,1.0,0.0,2.0,0.0,10.239638308916676
198,199,45.0,1,0,4.75,65.0,4.0,1,16.0,0.0051211737683401,3.0,0.0,0.0,1.0,2.0,1.0,2.0,3.0,1.0,4.0,1.0,1.0,0.0,11.06663836234181
199,200,44.0,1,0,4.6,55.0,2.0,1,16.0,0.0039036217608728,4.0,1.0,0.0,0.0,3.0,1.0,2.0,1.0,1.0,2.0,1.0,2.0,0.0,11.097273648073832
200,201,31.0,1,0,4.35,55.0,6.0,1,32.0,0.0075138640564865,4.0,0.0,0.0,1.0,3.0,1.0,2.0,3.0,1.0,3.0,1.0,1.0,0.0,10.404262840448617
201,202,16.0,1,0,4.25,55.0,4.0,1,32.0,0.0043775190326914,4.0,0.0,1.0,0.0,3.0,1.0,2.0,3.0,1.0,4.0,1.0,1.0,0.0,11.112313560992032
202,203,31.0,1,0,4.05,65.0,6.0,1,32.0,0.0052827235374682,4.0,0.0,0.0,1.0,2.0,1.0,2.0,3.0,1.0,3.0,1.0,1.0,0.0,10.736396675471232
203,204,41.0,1,0,4.05,43.0,2.0,1,19.2,0.0072645739910313,3.0,0.0,0.0,1.0,4.0,1.0,2.0,1.0,1.0,2.0,0.0,2.0,0.0,10.274740715974104
204,205,56.0,1,0,4.4,43.0,2.0,1,32.0,0.008800366681945,4.0,1.0,0.0,0.0,4.0,1.0,2.0,1.0,1.0,1.0,0.0,2.0,0.0,10.085809109330082
205,206,41.0,1,0,4.4,65.0,5.0,1,41.6,0.0018361908592689,4.0,0.0,1.0,0.0,2.0,1.0,2.0,3.0,2.0,4.0,1.0,0.0,0.0,12.200512214949525
206,207,41.0,0,0,4.5,32.0,2.0,1,16.0,0.0104134092188379,3.0,0.0,0.0,1.0,0.0,0.0,0.0,1.0,0.0,0.0,0.0,2.0,0.0,9.679718805828
207,208,41.0,1,0,4.2,65.0,4.0,1,32.0,0.0028951737395508,4.0,0.0,0.0,1.0,2.0,1.0,2.0,1.0,2.0,4.0,1.0,2.0,0.0,11.542484267211773
208,209,56.0,1,0,4.7,55.0,2.0,1,22.4,0.006986675315549,4.0,1.0,0.0,0.0,3.0,1.0,2.0,2.0,1.0,2.0,1.0,1.0,0.0,10.51867319162636
209,210,41.0,1,0,4.55,55.0,5.0,1,38.4,0.0033800321907827,4.0,0.0,0.0,1.0,3.0,1.0,2.0,3.0,2.0,4.0,1.0,1.0,0.0,11.56171562913966
210,211,41.0,1,0,4.6,65.0,4.0,1,35.2,0.0020534404693578,4.0,0.0,0.0,1.0,2.0,1.0,2.0,3.0,2.0,4.0,1.0,1.0,0.0,12.05810613756652
211,212,17.0,1,0,4.55,55.0,6.0,1,28.8,0.0074355472084684,4.0,1.0,0.0,0.0,3.0,1.0,2.0,1.0,1.0,4.0,1.0,2.0,0.0,10.621327345686446
212,213,45.0,1,0,4.5,43.0,2.0,1,19.2,0.0079922779922779,3.0,0.0,0.0,1.0,4.0,1.0,2.0,1.0,1.0,1.0,0.0,2.0,0.0,10.16203685698089
213,214,19.0,1,0,4.2,65.0,2.0,1,16.0,0.0053551338783469,3.0,0.0,0.0,1.0,2.0,1.0,2.0,1.0,1.0,2.0,1.0,2.0,0.0,10.596634733096073
214,215,45.0,0,1,4.05,40.0,6.0,1,19.2,0.0081038589804668,3.0,1.0,0.0,0.0,1.0,0.0,1.0,1.0,0.0,1.0,0.0,2.0,0.0,9.951849053414008
215,216,45.0,1,0,4.7,55.0,6.0,1,16.0,0.0069928534842313,3.0,0.0,0.0,1.0,3.0,1.0,2.0,1.0,1.0,3.0,1.0,2.0,0.0,10.621327345686446
216,217,19.0,0,1,4.7,40.0,2.0,1,19.2,0.0094004947628822,3.0,0.0,0.0,1.0,1.0,0.0,1.0,1.0,0.0,0.0,0.0,2.0,0.0,9.852194258148575
217,218,41.0,1,0,4.7,55.0,6.0,1,19.2,0.0050142884358925,3.0,1.0,0.0,0.0,3.0,1.0,2.0,1.0,1.0,2.0,1.0,2.0,0.0,10.86839700531273
218,219,41.0,1,0,4.2,43.0,2.0,1,19.2,0.0068649885583524,3.0,0.0,1.0,0.0,4.0,1.0,2.0,1.0,1.0,1.0,0.0,2.0,0.0,10.328461127032336
219,220,41.0,1,0,4.6,43.0,6.0,1,22.4,0.0062330623306233,3.0,0.0,0.0,1.0,4.0,1.0,2.0,1.0,1.0,2.0,0.0,2.0,0.0,10.592952963693447
220,221,28.0,1,0,4.7,43.0,6.0,1,16.0,0.0092382495948136,4.0,0.0,0.0,1.0,4.0,1.0,2.0,1.0,2.0,3.0,0.0,2.0,0.0,10.275051108968611
221,222,56.0,1,0,4.25,65.0,6.0,1,32.0,0.0050849122305755,4.0,1.0,0.0,0.0,2.0,1.0,2.0,2.0,1.0,4.0,1.0,1.0,0.0,10.933106969717286
222,223,45.0,0,0,4.0,32.0,6.0,1,16.0,0.010406937958639,4.0,1.0,0.0,0.0,0.0,0.0,0.0,0.0,0.0,0.0,0.0,2.0,0.0,9.615205300012317
223,224,46.0,0,0,4.3,32.0,2.0,1,16.0,0.0149555146951455,4.0,0.0,0.0,1.0,0.0,0.0,0.0,1.0,1.0,0.0,0.0,2.0,0.0,9.121509158269568
224,225,26.0,0,0,4.1,32.0,2.0,1,16.0,0.0089743589743589,3.0,0.0,1.0,0.0,0.0,0.0,0.0,1.0,0.0,0.0,0.0,2.0,0.0,9.679781342959442
225,226,46.0,1,0,4.1,43.0,6.0,1,22.4,0.0099268382546449,4.0,0.0,0.0,1.0,4.0,1.0,2.0,3.0,1.0,1.0,0.0,1.0,0.0,9.852194258148575
226,227,15.0,1,0,4.45,55.0,6.0,1,16.0,0.0098539233544055,4.0,1.0,0.0,0.0,3.0,1.0,2.0,2.0,1.0,3.0,1.0,2.0,1.0,10.23995978915734
227,228,50.0,1,0,4.15,55.0,6.0,1,16.0,0.0057281456291258,4.0,1.0,0.0,0.0,3.0,1.0,2.0,1.0,2.0,4.0,1.0,2.0,0.0,10.819598268208338
228,229,15.0,0,0,4.1,32.0,6.0,1,16.0,0.0149555146951455,4.0,0.0,0.0,1.0,0.0,0.0,0.0,2.0,2.0,0.0,0.0,2.0,1.0,9.121509158269568
229,230,21.0,1,0,4.25,43.0,6.0,1,16.0,0.0104130206510325,4.0,0.0,0.0,1.0,4.0,1.0,2.0,3.0,1.0,1.0,0.0,1.0,1.0,9.903487552536127
230,231,0.0,1,0,4.75,43.0,6.0,1,16.0,0.0100281491907107,4.0,1.0,0.0,0.0,4.0,1.0,2.0,3.0,1.0,3.0,0.0,1.0,0.0,10.203592144986466
231,232,37.0,1,0,4.15,65.0,2.0,1,16.0,0.0057640490013611,4.0,0.0,0.0,1.0,2.0,1.0,2.0,3.0,1.0,1.0,1.0,1.0,0.0,10.491274217438248
232,233,37.0,1,0,4.25,50.0,6.0,1,16.0,0.0079140660022759,4.0,0.0,0.0,1.0,4.0,1.0,2.0,2.0,1.0,2.0,1.0,2.0,0.0,10.275051108968611
233,234,37.0,1,0,4.15,43.0,2.0,1,16.0,0.0102054757090551,4.0,0.0,0.0,1.0,4.0,1.0,2.0,2.0,1.0,1.0,0.0,2.0,0.0,9.814656338829511
234,235,44.0,1,0,4.6,55.0,2.0,1,16.0,0.0037158610078215,4.0,1.0,0.0,0.0,3.0,1.0,2.0,1.0,1.0,3.0,1.0,2.0,0.0,11.264348714399029
235,236,16.0,1,0,4.55,65.0,6.0,1,32.0,0.0059583333333333,4.0,0.0,0.0,1.0,2.0,1.0,2.0,1.0,1.0,3.0,1.0,2.0,0.0,10.827766295132466
236,237,44.0,1,0,4.6,55.0,4.0,1,32.0,0.0024534968997933,4.0,0.0,0.0,1.0,3.0,1.0,2.0,3.0,2.0,4.0,1.0,1.0,0.0,11.918330571278322
237,238,16.0,1,0,4.35,43.0,6.0,1,32.0,0.0078067078552515,4.0,0.0,0.0,1.0,4.0,1.0,2.0,1.0,1.0,3.0,0.0,2.0,0.0,10.43385106267516
238,239,31.0,1,0,4.55,50.0,4.0,1,16.0,0.0086296079175143,4.0,0.0,0.0,1.0,4.0,1.0,2.0,1.0,1.0,2.0,1.0,2.0,0.0,10.275051108968611
239,240,41.0,1,0,4.3,43.0,2.0,1,22.4,0.008104157852225,3.0,0.0,0.0,1.0,4.0,1.0,2.0,1.0,1.0,1.0,0.0,2.0,0.0,10.16585181700362
240,241,26.0,1,0,4.1,55.0,5.0,1,25.6,0.0031076955468996,4.0,0.0,0.0,1.0,3.0,1.0,2.0,3.0,1.0,4.0,1.0,1.0,0.0,11.461537429252754
241,242,17.0,1,0,4.7,43.0,6.0,1,16.0,0.0121939714137459,4.0,0.0,0.0,1.0,4.0,1.0,2.0,1.0,0.0,2.0,0.0,2.0,0.0,9.961756460660103
242,243,35.0,1,0,4.55,43.0,2.0,1,16.0,0.0088235294117647,4.0,0.0,1.0,0.0,4.0,1.0,2.0,1.0,1.0,2.0,0.0,2.0,0.0,10.177324218165856
243,244,15.0,0,1,4.4,32.0,2.0,1,19.2,0.0149555146951455,4.0,0.0,0.0,1.0,1.0,0.0,1.0,2.0,1.0,0.0,0.0,2.0,1.0,9.121509158269568
244,245,29.0,0,1,4.6,32.0,2.0,1,19.2,0.0149555146951455,4.0,0.0,0.0,1.0,1.0,0.0,1.0,1.0,0.0,0.0,0.0,2.0,1.0,9.121509158269568
245,246,26.0,1,0,4.55,43.0,2.0,1,28.8,0.0085753298203777,4.0,0.0,0.0,1.0,4.0,1.0,2.0,1.0,1.0,1.0,0.0,2.0,0.0,10.16585181700362
246,247,56.0,1,0,4.4,50.0,2.0,1,16.0,0.0079202640088002,4.0,0.0,1.0,0.0,4.0,1.0,2.0,3.0,1.0,2.0,1.0,1.0,0.0,10.308952660644293
247,248,56.0,1,0,4.15,43.0,2.0,1,16.0,0.0087983519340773,4.0,0.0,1.0,0.0,4.0,1.0,2.0,2.0,1.0,2.0,0.0,2.0,0.0,10.126631103850338
248,249,8.0,1,0,4.15,49.0,2.0,1,22.4,0.0096838713261847,4.0,0.0,0.0,1.0,4.0,1.0,2.0,3.0,0.0,1.0,0.0,1.0,1.0,9.798127036878302
249,250,41.0,1,0,4.45,55.0,6.0,1,32.0,0.0033615278221087,4.0,0.0,1.0,0.0,3.0,1.0,2.0,1.0,2.0,4.0,1.0,2.0,0.0,11.450954311987475
250,251,20.0,1,0,4.45,65.0,2.0,1,19.2,0.0051423364963665,3.0,0.0,0.0,1.0,2.0,1.0,2.0,1.0,1.0,2.0,1.0,2.0,0.0,10.714417768752456
251,252,3.0,0,1,4.05,43.0,2.0,0,19.2,0.0071614704513727,3.0,0.0,0.0,1.0,1.0,0.0,1.0,1.0,2.0,0.0,0.0,2.0,2.0,9.975389521825209
252,253,20.0,1,0,4.25,43.0,2.0,1,22.4,0.0075558354013111,3.0,0.0,0.0,1.0,4.0,1.0,2.0,1.0,1.0,1.0,0.0,2.0,0.0,10.203592144986466
253,254,24.0,0,1,4.05,43.0,6.0,1,19.2,0.0094505250291682,4.0,0.0,0.0,1.0,1.0,0.0,1.0,3.0,0.0,1.0,0.0,1.0,1.0,9.798127036878302
254,255,24.0,0,0,4.35,32.0,6.0,1,16.0,0.0137761480123343,4.0,0.0,0.0,1.0,0.0,0.0,0.0,3.0,0.0,0.0,0.0,1.0,1.0,9.392661928770137
255,256,26.0,1,0,4.1,75.0,4.0,1,44.8,0.0022843020307287,3.0,0.0,0.0,1.0,1.0,1.0,2.0,1.0,2.0,4.0,1.0,2.0,0.0,11.84939770159144
256,257,26.0,1,0,4.0,77.0,4.0,1,44.8,0.0015422524797397,4.0,0.0,1.0,0.0,1.0,1.0,2.0,1.0,2.0,4.0,0.0,2.0,0.0,12.345797413264954
257,258,44.0,1,0,4.25,77.0,2.0,1,38.4,0.0015422524797397,4.0,0.0,1.0,0.0,1.0,1.0,2.0,1.0,2.0,4.0,0.0,2.0,0.0,12.345797413264954
258,259,45.0,1,0,4.5,75.0,6.0,1,16.0,0.0035474761736674,4.0,0.0,1.0,0.0,1.0,1.0,2.0,2.0,1.0,4.0,1.0,2.0,0.0,11.35030064751358
259,260,45.0,1,0,4.15,43.0,2.0,1,22.4,0.0062269459206001,3.6,1.0,0.0,0.0,4.0,1.0,2.0,1.0,2.0,1.0,0.0,2.0,0.0,10.373209892223665
260,261,41.0,1,0,4.25,75.0,3.0,1,44.8,0.0015422524797397,4.0,0.0,1.0,0.0,1.0,1.0,2.0,2.0,2.0,4.0,1.0,2.0,0.0,12.345797413264954
261,262,45.0,1,0,4.65,55.0,2.0,1,22.4,0.0059302325581395,3.6,1.0,0.0,0.0,3.0,1.0,2.0,1.0,1.0,2.0,1.0,2.0,0.0,10.596409707779776
262,263,45.0,1,0,4.55,65.0,6.0,1,16.0,0.004782166468893,3.0,1.0,0.0,0.0,2.0,1.0,2.0,1.0,1.0,3.0,1.0,2.0,0.0,10.985140168879203
263,264,26.0,1,0,4.0,55.0,5.0,1,44.8,0.0017852223262989,4.0,0.0,1.0,0.0,3.0,1.0,2.0,3.0,2.0,4.0,1.0,1.0,0.0,12.108961344680718
264,265,26.0,1,0,4.75,77.0,5.0,1,44.8,0.0015422524797397,4.0,0.0,1.0,0.0,1.0,1.0,2.0,1.0,2.0,4.0,1.0,2.0,0.0,12.345797413264954
265,266,41.0,1,0,4.75,48.0,5.0,1,44.8,0.0030635153890113,4.0,0.0,1.0,0.0,4.0,1.0,2.0,1.0,2.0,4.0,0.0,2.0,0.0,11.715792836880157
266,267,41.0,1,0,4.45,55.0,6.0,1,25.6,0.0031725913456777,4.0,0.0,1.0,0.0,3.0,1.0,2.0,2.0,1.0,4.0,1.0,2.0,0.0,11.52278668294207
267,268,41.0,1,0,4.4,55.0,2.0,1,25.6,0.004657784267202,3.0,0.0,1.0,0.0,3.0,1.0,2.0,2.0,1.0,3.0,1.0,2.0,0.0,10.911281225871654
268,269,41.0,1,0,4.5,50.0,6.0,1,22.4,0.0041318248893261,4.0,0.0,1.0,0.0,4.0,1.0,2.0,1.0,1.0,2.0,1.0,2.0,0.0,11.0184815912866
269,270,41.0,1,0,4.25,77.0,2.0,1,38.4,0.0015422524797397,3.0,0.0,1.0,0.0,1.0,1.0,2.0,1.0,2.0,4.0,0.0,2.0,0.0,12.250046467818787
270,271,41.0,1,0,4.4,55.0,2.0,1,25.6,0.0055745721271393,3.0,0.0,0.0,1.0,3.0,1.0,2.0,2.0,1.0,3.0,1.0,2.0,0.0,10.714217748749787
271,272,26.0,1,0,4.4,77.0,2.0,1,35.2,0.0015422524797397,3.0,0.0,1.0,0.0,1.0,1.0,2.0,1.0,2.0,4.0,0.0,2.0,0.0,12.214492102222922
272,273,45.0,1,0,4.6,75.0,6.0,1,32.0,0.0037311525683618,3.0,0.0,0.0,1.0,1.0,1.0,2.0,2.0,2.0,4.0,1.0,1.0,0.0,11.407564949312402
273,274,41.0,1,0,4.3,65.0,5.0,1,38.4,0.0022834640238898,4.0,0.0,0.0,1.0,2.0,1.0,2.0,1.0,2.0,4.0,1.0,2.0,0.0,11.884489021402713
274,275,51.0,1,0,4.45,65.0,6.0,1,32.0,0.0063414085352133,4.0,1.0,0.0,0.0,2.0,1.0,2.0,3.0,1.0,3.0,1.0,1.0,0.0,10.596634733096073
275,276,17.0,0,1,4.6,43.0,6.0,1,19.2,0.0094095186144824,4.0,0.0,0.0,1.0,1.0,0.0,1.0,1.0,2.0,1.0,0.0,2.0,0.0,9.998797732340453
276,277,31.0,1,0,4.55,65.0,4.0,1,44.8,0.0055250986624761,4.0,0.0,0.0,1.0,2.0,1.0,2.0,1.0,1.0,4.0,1.0,2.0,0.0,10.933106969717286
277,278,13.0,0,0,4.5,32.0,2.0,1,16.0,0.0142618849040867,4.0,0.0,1.0,0.0,0.0,0.0,0.0,1.0,0.0,0.0,0.0,2.0,1.0,9.391911647379434
278,279,41.0,1,0,4.45,55.0,5.0,1,44.8,0.0024638383279119,4.0,0.0,1.0,0.0,3.0,1.0,2.0,1.0,2.0,4.0,1.0,2.0,0.0,11.880972500857888
279,280,41.0,1,0,4.4,65.0,4.0,1,32.0,0.0030947104730706,3.0,0.0,1.0,0.0,2.0,1.0,2.0,1.0,1.0,4.0,1.0,2.0,0.0,11.5501345407525
280,281,41.0,1,0,4.65,75.0,4.0,1,28.8,0.0022374666753364,3.0,0.0,1.0,0.0,1.0,1.0,2.0,1.0,1.0,4.0,1.0,2.0,0.0,11.943349816786196
281,282,41.0,1,0,4.35,75.0,4.0,1,35.2,0.0029565977279347,3.0,0.0,0.0,1.0,1.0,1.0,2.0,1.0,2.0,4.0,1.0,2.0,0.0,11.54239688475326
282,283,26.0,1,0,4.75,50.0,2.0,1,19.2,0.0061751543788594,3.0,1.0,0.0,0.0,4.0,1.0,2.0,1.0,1.0,2.0,1.0,2.0,0.0,10.596634733096073
283,284,41.0,1,0,4.25,55.0,6.0,1,16.0,0.0037716579799971,4.0,1.0,0.0,0.0,3.0,1.0,2.0,1.0,1.0,3.0,1.0,2.0,0.0,11.170308387425273
284,285,26.0,1,0,4.0,65.0,5.0,1,44.8,0.00160008205549,4.0,0.0,1.0,0.0,2.0,1.0,2.0,1.0,2.0,4.0,1.0,2.0,0.0,12.180708682634608
285,286,41.0,1,0,4.15,50.0,4.0,1,25.6,0.0048494751435927,3.0,0.0,1.0,0.0,4.0,1.0,2.0,1.0,1.0,3.0,1.0,2.0,0.0,10.829550381558986
286,287,41.0,1,0,4.0,65.0,4.0,1,22.4,0.0029666254635352,3.0,1.0,0.0,0.0,2.0,1.0,2.0,1.0,2.0,3.0,1.0,2.0,0.0,11.396290520005437
287,288,41.0,1,0,4.2,77.0,4.0,1,32.0,0.0015422524797397,3.0,0.0,1.0,0.0,1.0,1.0,2.0,1.0,1.0,4.0,0.0,2.0,0.0,12.345797413264954
288,289,26.0,1,0,4.5,65.0,4.0,1,32.0,0.0032114576204907,3.0,0.0,1.0,0.0,2.0,1.0,2.0,1.0,1.0,4.0,1.0,2.0,0.0,11.535576971529968
289,290,41.0,1,0,4.75,75.0,4.0,1,35.2,0.0027481610050417,3.0,1.0,0.0,0.0,1.0,1.0,2.0,1.0,2.0,4.0,1.0,2.0,0.0,11.703471441647247
290,291,41.0,1,0,4.65,77.0,5.0,1,41.6,0.0015422524797397,4.0,0.0,1.0,0.0,1.0,1.0,2.0,3.0,2.0,4.0,1.0,0.0,0.0,12.345797413264954
291,292,39.0,0,0,4.0,32.0,2.0,1,16.0,0.0114394661582459,4.0,0.0,0.0,1.0,0.0,0.0,0.0,1.0,0.0,0.0,0.0,2.0,1.0,9.258273025731484
292,293,41.0,1,0,4.75,55.0,6.0,1,19.2,0.0032216346706517,4.0,0.0,1.0,0.0,3.0,1.0,2.0,1.0,1.0,3.0,1.0,2.0,0.0,11.373559944009717
293,294,41.0,1,0,4.1,75.0,6.0,1,35.2,0.0016832464866571,4.0,0.0,1.0,0.0,1.0,1.0,2.0,2.0,2.0,4.0,1.0,2.0,0.0,12.154731981599651
294,295,41.0,1,0,4.75,65.0,6.0,1,28.8,0.0027043224211551,4.0,0.0,1.0,0.0,2.0,1.0,2.0,2.0,2.0,4.0,1.0,2.0,0.0,11.801789338819562
295,296,26.0,0,0,4.75,32.0,2.0,1,16.0,0.009500542888165,3.0,1.0,0.0,0.0,0.0,0.0,0.0,0.0,2.0,0.0,0.0,2.0,0.0,9.769956159911606
296,297,41.0,1,0,4.7,65.0,5.0,1,44.8,0.0019969946629359,4.0,0.0,0.0,1.0,2.0,1.0,2.0,1.0,2.0,4.0,1.0,2.0,0.0,12.17039883467536
297,298,17.0,1,0,4.5,50.0,2.0,1,22.4,0.0073147858705845,4.0,1.0,0.0,0.0,4.0,1.0,2.0,2.0,1.0,2.0,1.0,2.0,0.0,10.373209892223665
298,299,17.0,1,0,4.4,43.0,2.0,1,22.4,0.008314190440904,4.0,1.0,0.0,0.0,4.0,1.0,2.0,2.0,0.0,2.0,0.0,2.0,0.0,10.203258756085228
299,300,47.0,0,0,4.15,32.0,6.0,1,16.0,0.0109005628517823,4.0,1.0,0.0,0.0,0.0,0.0,0.0,1.0,1.0,1.0,0.0,2.0,0.0,9.679781342959442
300,301,37.0,1,0,4.2,43.0,2.0,1,32.0,0.0085870483132583,4.0,0.0,0.0,1.0,4.0,1.0,2.0,2.0,1.0,1.0,0.0,2.0,0.0,10.021270588192513
301,302,16.0,1,0,4.6,55.0,2.0,1,19.2,0.0045009784735812,4.0,0.0,0.0,1.0,3.0,1.0,2.0,1.0,1.0,1.0,1.0,2.0,0.0,10.736201004154935
302,303,37.0,0,0,4.3,32.0,6.0,1,16.0,0.0149555146951455,4.0,0.0,0.0,1.0,0.0,0.0,0.0,1.0,0.0,1.0,0.0,2.0,0.0,9.323669057283183
303,304,56.0,1,0,4.3,75.0,4.0,1,32.0,0.0030530305303053,3.0,0.0,0.0,1.0,1.0,1.0,2.0,2.0,1.0,4.0,1.0,1.0,0.0,11.512925464970229
304,305,37.0,1,0,4.15,43.0,6.0,1,16.0,0.0095365760245116,4.0,0.0,0.0,1.0,4.0,1.0,2.0,3.0,1.0,2.0,0.0,1.0,0.0,10.06475570013225
305,306,36.0,1,0,4.2,75.0,4.0,1,32.0,0.003406704518939,4.0,1.0,0.0,0.0,1.0,1.0,2.0,3.0,1.0,4.0,1.0,1.0,0.0,11.407564949312402
306,307,15.0,1,0,4.65,75.0,4.0,0,19.2,0.003934675918091,3.0,0.0,0.0,1.0,1.0,1.0,2.0,3.0,0.0,2.0,1.0,1.0,1.0,11.082142548877776
307,308,34.0,1,0,4.3,55.0,2.0,1,19.2,0.0059647085389851,4.0,1.0,0.0,0.0,3.0,1.0,2.0,1.0,1.0,1.0,1.0,2.0,1.0,10.341742483467284
308,309,34.0,1,0,4.25,43.0,6.0,1,19.2,0.0074594881423731,4.0,1.0,0.0,0.0,4.0,1.0,2.0,1.0,1.0,1.0,0.0,2.0,1.0,10.106428396532818
309,310,10.0,0,0,4.0,32.0,6.0,1,16.0,0.0149555146951455,4.0,0.0,0.0,1.0,0.0,0.0,0.0,1.0,1.0,0.0,0.0,2.0,2.0,9.121509158269568
310,311,10.0,0,0,4.2,32.0,2.0,1,16.0,0.0149555146951455,4.0,0.0,0.0,1.0,0.0,0.0,0.0,1.0,1.0,0.0,0.0,2.0,2.0,9.121509158269568
311,312,10.0,1,0,4.65,43.0,2.0,1,22.4,0.0093004650232511,4.0,0.0,0.0,1.0,4.0,1.0,2.0,1.0,2.0,1.0,0.0,2.0,2.0,9.903487552536127
312,313,51.0,1,0,4.15,75.0,6.0,1,16.0,0.0042854037210819,4.0,0.0,0.0,1.0,1.0,1.0,2.0,3.0,1.0,3.0,1.0,1.0,0.0,10.918718232265189
313,314,26.0,1,0,4.15,43.0,2.0,1,19.2,0.0059674898405751,4.0,0.0,0.0,1.0,4.0,1.0,2.0,1.0,1.0,1.0,0.0,2.0,0.0,10.373209892223665
314,315,26.0,1,0,4.35,75.0,4.0,1,28.8,0.0016942194432602,4.0,0.0,0.0,1.0,1.0,1.0,2.0,1.0,1.0,4.0,1.0,2.0,0.0,12.154779351142624
315,316,49.0,0,0,4.7,32.0,2.0,1,16.0,0.0149555146951455,3.0,1.0,0.0,0.0,0.0,0.0,0.0,2.0,0.0,0.0,0.0,2.0,1.0,9.121509158269568
316,317,40.0,0,1,4.25,40.0,2.0,1,19.2,0.0085061433257352,4.0,0.0,0.0,1.0,1.0,0.0,1.0,2.0,1.0,0.0,0.0,2.0,2.0,9.797460147890598
317,318,34.0,1,0,4.45,65.0,2.0,1,19.2,0.0053207678427791,3.0,0.0,0.0,1.0,2.0,1.0,2.0,1.0,1.0,2.0,1.0,2.0,1.0,10.736396675471232
318,319,34.0,1,0,4.35,50.0,2.0,1,19.2,0.0073731312925861,3.0,0.0,0.0,1.0,4.0,1.0,2.0,1.0,1.0,1.0,1.0,2.0,1.0,10.292145542327912
319,320,34.0,1,0,4.55,55.0,2.0,1,19.2,0.0072802240068925,3.0,0.0,0.0,1.0,3.0,1.0,2.0,1.0,1.0,2.0,1.0,2.0,1.0,10.388995368317827
320,321,13.0,0,0,4.15,32.0,2.0,1,16.0,0.0128778778778778,4.0,0.0,1.0,0.0,0.0,0.0,0.0,1.0,0.0,0.0,0.0,2.0,1.0,9.20943996673302
321,322,34.0,1,0,4.25,55.0,6.0,1,19.2,0.0067536096879366,4.0,1.0,0.0,0.0,3.0,1.0,2.0,1.0,1.0,3.0,1.0,2.0,1.0,10.505067539570582
322,323,54.0,1,0,4.45,55.0,2.0,1,16.0,0.007012333707082,4.0,0.0,0.0,1.0,3.0,1.0,2.0,3.0,1.0,2.0,1.0,1.0,1.0,10.404262840448617
323,324,15.0,1,0,4.55,50.0,4.0,0,22.4,0.0082253163583214,3.0,0.0,0.0,1.0,4.0,1.0,2.0,3.0,0.0,1.0,1.0,1.0,1.0,10.16585181700362
324,325,15.0,1,0,4.3,55.0,4.0,0,22.4,0.0066582792993322,3.0,0.0,0.0,1.0,3.0,1.0,2.0,3.0,0.0,1.0,1.0,1.0,1.0,10.341742483467284
325,326,15.0,1,0,4.55,65.0,4.0,0,22.4,0.0052739834996249,3.0,0.0,0.0,1.0,2.0,1.0,2.0,3.0,0.0,2.0,1.0,1.0,1.0,10.691944912900398
326,327,37.0,1,0,4.0,50.0,2.0,1,32.0,0.006482982171799,4.0,0.0,0.0,1.0,4.0,1.0,2.0,2.0,1.0,1.0,1.0,2.0,0.0,10.275051108968611
327,328,31.0,1,0,4.3,43.0,6.0,1,32.0,0.0082157811293142,4.0,0.0,0.0,1.0,4.0,1.0,2.0,2.0,1.0,1.0,0.0,2.0,0.0,10.110501721920452
328,329,14.0,1,0,4.05,50.0,2.0,1,16.0,0.0067447540801598,4.0,0.0,0.0,1.0,4.0,1.0,2.0,1.0,1.0,1.0,1.0,2.0,2.0,10.204406628019903
329,330,16.0,0,0,4.3,32.0,2.0,1,16.0,0.008874296435272,4.0,1.0,0.0,0.0,0.0,0.0,0.0,0.0,0.0,0.0,0.0,2.0,0.0,9.679781342959442
330,331,16.0,1,0,4.6,50.0,2.0,1,32.0,0.0063030967388325,4.0,1.0,0.0,0.0,4.0,1.0,2.0,1.0,1.0,1.0,1.0,2.0,0.0,10.50482093382342
331,332,16.0,1,0,4.6,43.0,2.0,1,32.0,0.0074872838250254,4.0,1.0,0.0,0.0,4.0,1.0,2.0,1.0,1.0,1.0,0.0,2.0,0.0,10.29184041103433
332,333,12.0,1,0,4.2,65.0,4.0,1,32.0,0.0058436052957672,4.0,1.0,0.0,0.0,2.0,1.0,2.0,3.0,1.0,3.0,1.0,1.0,1.0,10.736396675471232
333,334,35.0,1,0,4.45,55.0,2.0,1,16.0,0.0055409267197387,4.0,0.0,0.0,1.0,3.0,1.0,2.0,1.0,1.0,3.0,1.0,2.0,0.0,10.79939188675334
334,335,17.0,1,0,4.35,55.0,6.0,1,16.0,0.0066598622097473,4.0,0.0,0.0,1.0,3.0,1.0,2.0,2.0,1.0,3.0,1.0,2.0,0.0,10.57620240758158
335,336,17.0,1,0,4.15,65.0,6.0,1,16.0,0.0048515494525886,4.0,0.0,0.0,1.0,2.0,1.0,2.0,2.0,1.0,3.0,1.0,2.0,0.0,10.894718767073805
336,337,52.0,1,0,4.55,43.0,6.0,1,16.0,0.0089345454545454,4.0,1.0,0.0,0.0,4.0,1.0,2.0,1.0,1.0,2.0,0.0,2.0,2.0,10.221977646629885
337,338,24.0,1,0,4.75,65.0,4.0,1,19.2,0.0054871635717857,4.0,1.0,0.0,0.0,2.0,1.0,2.0,0.0,1.0,4.0,1.0,2.0,1.0,10.968198289528557
338,339,16.0,1,0,4.25,75.0,4.0,1,44.8,0.0026809754596507,4.0,1.0,0.0,0.0,1.0,1.0,2.0,3.0,2.0,4.0,1.0,1.0,0.0,11.775220496271928
339,340,52.0,0,0,4.2,32.0,2.0,1,16.0,0.0094559099437148,4.0,1.0,0.0,0.0,0.0,0.0,0.0,1.0,0.0,0.0,0.0,2.0,2.0,9.679781342959442
340,341,35.0,1,0,4.65,65.0,2.0,1,16.0,0.0041654225141833,4.0,0.0,0.0,1.0,2.0,1.0,2.0,1.0,1.0,3.0,1.0,2.0,0.0,11.112164276066547
341,342,52.0,1,0,4.45,43.0,6.0,0,16.0,0.0082338099243061,3.0,0.0,0.0,1.0,4.0,1.0,2.0,3.0,1.0,2.0,0.0,1.0,2.0,10.29977736270884
342,343,1.0,1,0,4.7,77.0,6.0,1,32.0,0.0017904847165938,4.0,0.0,0.0,1.0,1.0,1.0,2.0,3.0,2.0,4.0,0.0,1.0,1.0,12.254862809699606
343,344,52.0,1,0,4.2,55.0,6.0,0,16.0,0.006,3.0,1.0,0.0,0.0,3.0,1.0,2.0,3.0,1.0,2.0,1.0,1.0,2.0,10.55843949396453
344,345,34.0,1,0,4.45,50.0,4.0,1,25.6,0.0057649037478124,4.0,1.0,0.0,0.0,4.0,1.0,2.0,1.0,1.0,3.0,1.0,2.0,1.0,10.691944912900398
345,346,47.0,1,0,4.0,50.0,6.0,1,16.0,0.0067899363443467,4.0,1.0,0.0,0.0,4.0,1.0,2.0,1.0,1.0,2.0,1.0,2.0,0.0,10.403990075979044
346,347,47.0,1,0,4.7,43.0,6.0,1,16.0,0.0080806502031884,4.0,1.0,0.0,0.0,4.0,1.0,2.0,1.0,0.0,2.0,0.0,2.0,0.0,10.373209892223665
347,348,0.0,0,0,4.5,32.0,2.0,1,16.0,0.0123760313359446,4.0,1.0,0.0,0.0,0.0,0.0,0.0,1.0,1.0,0.0,0.0,2.0,0.0,9.392661928770137
348,349,34.0,1,0,4.45,55.0,2.0,1,19.2,0.0069392182785857,4.0,0.0,0.0,1.0,3.0,1.0,2.0,1.0,1.0,1.0,1.0,2.0,1.0,10.292145542327912
349,350,8.0,1,0,4.5,55.0,6.0,1,32.0,0.0072796258713491,4.0,0.0,0.0,1.0,3.0,1.0,2.0,3.0,1.0,2.0,1.0,0.0,1.0,10.4341158035983
350,351,46.0,1,0,4.0,65.0,6.0,1,32.0,0.0056890153114513,4.0,0.0,0.0,1.0,2.0,1.0,2.0,3.0,1.0,3.0,1.0,0.0,0.0,10.714417768752456
351,352,8.0,1,0,4.2,65.0,6.0,1,32.0,0.0052957672992891,4.0,0.0,0.0,1.0,2.0,1.0,2.0,3.0,1.0,3.0,1.0,0.0,1.0,10.736396675471232
352,353,24.0,1,0,4.45,55.0,6.0,1,22.4,0.0076865965635322,4.0,0.0,0.0,1.0,3.0,1.0,2.0,3.0,1.0,3.0,1.0,0.0,1.0,10.404262840448617
353,354,46.0,1,0,4.65,75.0,6.0,1,32.0,0.0047931506638563,4.0,0.0,0.0,1.0,1.0,1.0,2.0,3.0,1.0,4.0,1.0,0.0,0.0,11.082142548877776
354,355,8.0,1,0,4.35,75.0,6.0,1,32.0,0.0042182457309959,4.0,0.0,0.0,1.0,1.0,1.0,2.0,3.0,1.0,3.0,1.0,0.0,1.0,11.097410021008562
355,356,26.0,1,0,4.65,55.0,2.0,1,19.2,0.0049357011635027,3.0,0.0,0.0,1.0,3.0,1.0,2.0,1.0,1.0,2.0,1.0,2.0,0.0,10.79939188675334
356,357,0.0,0,0,4.2,32.0,6.0,1,16.0,0.0133787687976887,4.0,1.0,0.0,0.0,0.0,0.0,0.0,2.0,0.0,1.0,0.0,2.0,0.0,9.51044496442652
357,358,0.0,1,0,4.75,43.0,6.0,1,16.0,0.0108858702445935,4.0,0.0,0.0,1.0,4.0,1.0,2.0,2.0,1.0,2.0,0.0,2.0,0.0,10.085809109330082
358,359,0.0,1,0,4.05,55.0,6.0,1,16.0,0.0066707844348363,4.0,1.0,0.0,0.0,3.0,1.0,2.0,3.0,1.0,2.0,1.0,1.0,0.0,10.4341158035983
359,360,36.0,1,0,4.4,75.0,6.0,1,16.0,0.0040384114850888,4.0,0.0,0.0,1.0,1.0,1.0,2.0,3.0,2.0,4.0,1.0,1.0,0.0,11.198214720130528
360,361,54.0,0,1,4.7,40.0,2.0,1,16.0,0.0111631976998562,4.0,0.0,0.0,1.0,1.0,0.0,1.0,2.0,2.0,0.0,0.0,2.0,1.0,9.680344001221918
361,362,54.0,0,0,4.0,32.0,2.0,1,16.0,0.0120010000833402,4.0,0.0,0.0,1.0,0.0,0.0,0.0,2.0,2.0,0.0,0.0,2.0,1.0,9.392661928770137
362,363,13.0,1,0,4.0,55.0,2.0,1,16.0,0.0061353784594864,4.0,0.0,1.0,0.0,3.0,1.0,2.0,1.0,1.0,1.0,1.0,2.0,1.0,10.30865261563529
363,364,0.0,0,1,4.15,40.0,2.0,1,19.2,0.0093380836302268,4.0,0.0,0.0,1.0,1.0,0.0,1.0,1.0,1.0,0.0,0.0,2.0,0.0,9.680344001221918
364,365,0.0,1,0,4.65,50.0,2.0,1,16.0,0.0098583943357734,4.0,1.0,0.0,0.0,4.0,1.0,2.0,3.0,1.0,2.0,1.0,1.0,0.0,10.126631103850338
365,366,1.0,1,0,4.25,55.0,6.0,1,16.0,0.00649323592322,4.0,1.0,0.0,0.0,3.0,1.0,2.0,3.0,1.0,2.0,1.0,1.0,1.0,10.491274217438248
366,367,17.0,1,0,4.1,65.0,6.0,1,25.6,0.004180829367777,4.0,0.0,0.0,1.0,2.0,1.0,2.0,3.0,1.0,3.0,1.0,1.0,0.0,10.931301769895525
367,368,17.0,1,0,4.25,55.0,6.0,1,19.2,0.0057771223390612,4.0,1.0,0.0,0.0,3.0,1.0,2.0,3.0,1.0,2.0,1.0,1.0,0.0,10.571086129249698
368,369,30.0,1,0,4.35,55.0,6.0,1,32.0,0.0054811096221924,4.0,0.0,0.0,1.0,3.0,1.0,2.0,2.0,1.0,3.0,1.0,2.0,2.0,10.819778284410283
369,370,17.0,1,0,4.2,50.0,6.0,1,16.0,0.0061217490711631,4.0,1.0,0.0,0.0,4.0,1.0,2.0,3.0,1.0,2.0,1.0,1.0,0.0,10.462846164547514
370,371,37.0,1,0,4.75,75.0,6.0,1,22.4,0.0043252735816842,4.0,0.0,0.0,1.0,1.0,1.0,2.0,2.0,1.0,2.0,1.0,2.0,0.0,11.02679245379461
371,372,50.0,1,0,4.15,75.0,6.0,1,16.0,0.0047530727020974,4.0,0.0,0.0,1.0,1.0,1.0,2.0,1.0,1.0,4.0,1.0,2.0,0.0,10.976782033219948
372,373,8.0,1,0,4.6,43.0,6.0,1,16.0,0.0107338444687842,4.0,0.0,0.0,1.0,4.0,1.0,2.0,3.0,1.0,1.0,0.0,1.0,1.0,9.95227771670556
373,374,25.0,1,0,4.65,55.0,6.0,1,16.0,0.0079502564598858,4.0,0.0,0.0,1.0,3.0,1.0,2.0,3.0,1.0,2.0,1.0,1.0,2.0,10.341742483467284
374,375,46.0,1,0,4.6,50.0,6.0,1,16.0,0.0082803312132485,4.0,0.0,0.0,1.0,4.0,1.0,2.0,3.0,1.0,1.0,1.0,1.0,0.0,10.126631103850338
375,376,9.0,1,0,4.3,43.0,6.0,1,22.4,0.0071988566761943,4.0,0.0,0.0,1.0,4.0,1.0,2.0,1.0,2.0,1.0,0.0,2.0,2.0,10.106060982105628
376,377,13.0,0,0,4.35,32.0,6.0,1,16.0,0.0103377110694183,4.0,0.0,1.0,0.0,0.0,0.0,0.0,3.0,0.0,0.0,0.0,1.0,1.0,9.679781342959442
377,378,26.0,1,0,4.6,77.0,7.0,1,22.4,0.0015422524797397,3.0,0.0,0.0,1.0,1.0,1.0,2.0,1.0,1.0,4.0,0.0,2.0,0.0,12.345797413264954
378,379,44.0,1,0,4.2,50.0,2.0,1,16.0,0.0034742066476161,4.0,1.0,0.0,0.0,4.0,1.0,2.0,1.0,1.0,2.0,1.0,2.0,0.0,11.10482187913902
379,380,42.0,0,0,4.25,32.0,2.0,1,16.0,0.0113417346182357,4.0,0.0,0.0,1.0,0.0,0.0,0.0,1.0,2.0,0.0,0.0,2.0,1.0,9.509778075438817
380,381,12.0,1,0,4.15,55.0,2.0,1,32.0,0.0078023120924837,4.0,0.0,0.0,1.0,3.0,1.0,2.0,1.0,1.0,1.0,1.0,2.0,1.0,10.126631103850338
381,382,42.0,1,0,4.65,55.0,6.0,1,32.0,0.0072351197826623,4.0,0.0,0.0,1.0,3.0,1.0,2.0,2.0,1.0,3.0,1.0,2.0,1.0,10.608835006177392
382,383,42.0,1,0,4.45,43.0,6.0,1,32.0,0.0075330871037242,4.0,1.0,0.0,0.0,4.0,1.0,2.0,2.0,1.0,2.0,0.0,2.0,1.0,10.38871840689063
383,384,45.0,0,1,4.45,32.0,6.0,1,16.0,0.0111325219743069,4.0,0.0,0.0,1.0,0.0,0.0,0.0,1.0,0.0,0.0,0.0,2.0,0.0,9.60177416667137
384,385,45.0,1,0,4.7,65.0,6.0,1,44.8,0.0042888036100451,4.0,0.0,0.0,1.0,2.0,1.0,2.0,1.0,2.0,4.0,1.0,2.0,0.0,11.289781913656018
385,386,45.0,1,0,4.55,77.0,4.0,1,44.8,0.0015826155765894,3.0,0.0,0.0,1.0,1.0,1.0,2.0,1.0,2.0,4.0,0.0,2.0,0.0,12.345797413264954
386,387,45.0,1,0,4.0,75.0,4.0,1,44.8,0.0018000100000555,4.0,0.0,0.0,1.0,1.0,1.0,2.0,2.0,2.0,4.0,1.0,1.0,0.0,12.100712129872347
387,388,13.0,1,0,4.3,43.0,6.0,1,32.0,0.009581628012733,4.0,0.0,1.0,0.0,4.0,1.0,2.0,1.0,1.0,1.0,0.0,2.0,1.0,9.998388557730848
388,389,24.0,1,0,4.0,65.0,6.0,1,16.0,0.0053334603204838,4.0,0.0,0.0,1.0,2.0,1.0,2.0,3.0,1.0,2.0,1.0,1.0,1.0,10.645424897265505
389,390,35.0,0,0,4.05,32.0,2.0,1,16.0,0.0081100182578479,4.0,0.0,0.0,1.0,0.0,0.0,0.0,1.0,2.0,0.0,0.0,2.0,0.0,9.73979145986534
390,391,45.0,1,0,4.75,77.0,4.0,1,44.8,0.0015422524797397,4.0,0.0,0.0,1.0,1.0,1.0,2.0,3.0,2.0,4.0,0.0,1.0,0.0,12.345797413264954
391,392,31.0,1,0,4.4,50.0,6.0,1,32.0,0.0077904193580117,4.0,0.0,0.0,1.0,4.0,1.0,2.0,3.0,1.0,2.0,1.0,1.0,0.0,10.325481962595504
392,393,42.0,1,0,4.6,50.0,6.0,1,22.4,0.0067153284671532,4.0,1.0,0.0,0.0,4.0,1.0,2.0,2.0,1.0,2.0,1.0,2.0,1.0,10.518429918794682
393,394,13.0,0,0,4.0,32.0,6.0,1,16.0,0.0145533927596871,4.0,0.0,1.0,0.0,0.0,0.0,0.0,1.0,0.0,1.0,0.0,2.0,1.0,9.305195902988862
394,395,8.0,0,1,4.05,40.0,2.0,1,19.2,0.0095471105078934,4.0,0.0,0.0,1.0,1.0,0.0,1.0,3.0,0.0,0.0,0.0,1.0,1.0,9.546812608597396
395,396,13.0,1,0,4.25,43.0,2.0,1,32.0,0.0095672836418209,4.0,0.0,1.0,0.0,4.0,1.0,2.0,1.0,1.0,1.0,0.0,2.0,1.0,9.903037451255743
396,397,21.0,0,0,4.75,32.0,6.0,1,16.0,0.0149555146951455,4.0,0.0,0.0,1.0,0.0,0.0,0.0,1.0,2.0,0.0,0.0,2.0,1.0,9.305650551780507
397,398,12.0,0,0,4.6,32.0,2.0,1,16.0,0.0149555146951455,4.0,0.0,0.0,1.0,0.0,0.0,0.0,1.0,0.0,0.0,0.0,2.0,1.0,9.121509158269568
398,399,39.0,0,1,4.25,32.0,2.0,1,19.2,0.0132753235162873,4.0,0.0,0.0,1.0,1.0,0.0,1.0,1.0,1.0,0.0,0.0,2.0,1.0,9.32420462812523
399,400,22.0,0,0,4.4,32.0,2.0,1,16.0,0.0149555146951455,4.0,0.0,0.0,1.0,0.0,0.0,0.0,2.0,0.0,0.0,0.0,2.0,2.0,9.121509158269568
400,401,49.0,0,0,4.1,32.0,2.0,0,16.0,0.0141894353369763,3.0,1.0,0.0,0.0,0.0,0.0,0.0,2.0,0.0,0.0,0.0,2.0,1.0,9.121509158269568
401,402,49.0,0,1,4.2,40.0,2.0,0,19.2,0.0110432569974554,3.0,1.0,0.0,0.0,1.0,0.0,1.0,2.0,1.0,0.0,0.0,2.0,1.0,9.375091807576672
402,403,8.0,1,0,4.35,75.0,2.0,1,16.0,0.003205296897862,4.0,0.0,0.0,1.0,1.0,1.0,2.0,0.0,1.0,4.0,1.0,2.0,1.0,11.461632170582678
403,404,37.0,1,0,4.6,65.0,2.0,1,28.8,0.0053036542036283,4.0,0.0,0.0,1.0,2.0,1.0,2.0,2.0,1.0,1.0,1.0,2.0,0.0,10.657259354912508
404,405,49.0,0,0,4.6,32.0,2.0,1,16.0,0.0149555146951455,3.0,1.0,0.0,0.0,0.0,0.0,0.0,2.0,0.0,0.0,0.0,2.0,1.0,9.121509158269568
405,406,13.0,0,0,4.4,32.0,2.0,1,16.0,0.0149555146951455,4.0,0.0,1.0,0.0,0.0,0.0,0.0,1.0,0.0,0.0,0.0,2.0,1.0,9.258654232254733
406,407,47.0,1,0,4.0,65.0,6.0,1,28.8,0.0042864797285229,4.0,1.0,0.0,0.0,2.0,1.0,2.0,1.0,1.0,3.0,1.0,2.0,0.0,10.932946242515648
407,408,50.0,1,0,4.4,65.0,6.0,1,16.0,0.0060501260442925,4.0,1.0,0.0,0.0,2.0,1.0,2.0,1.0,1.0,3.0,1.0,2.0,0.0,10.778956289890028
408,409,13.0,1,0,4.3,50.0,6.0,1,32.0,0.0071241012816505,4.0,0.0,1.0,0.0,4.0,1.0,2.0,1.0,1.0,2.0,1.0,2.0,1.0,10.373209892223665
409,410,50.0,1,0,4.15,43.0,6.0,1,16.0,0.0102063359733222,4.0,1.0,0.0,0.0,4.0,1.0,2.0,1.0,1.0,3.0,0.0,2.0,0.0,10.085434039
410,411,16.0,1,0,4.15,43.0,2.0,1,32.0,0.0068905660377358,4.0,0.0,0.0,1.0,4.0,1.0,2.0,1.0,1.0,1.0,0.0,2.0,0.0,10.184937747111393
411,412,37.0,0,0,4.05,32.0,6.0,1,16.0,0.0132557505227747,4.0,0.0,0.0,1.0,0.0,0.0,0.0,1.0,0.0,0.0,0.0,2.0,0.0,9.305650551780507
412,413,44.0,1,0,4.0,77.0,4.0,1,44.8,0.0015422524797397,4.0,0.0,1.0,0.0,1.0,1.0,2.0,1.0,2.0,4.0,0.0,2.0,0.0,12.345797413264954
413,414,23.0,1,0,4.3,55.0,2.0,1,25.6,0.0076485236570615,4.0,0.0,0.0,1.0,3.0,1.0,2.0,1.0,2.0,1.0,1.0,2.0,0.0,10.138559674715612
414,415,23.0,1,0,4.0,50.0,2.0,1,19.2,0.0078902701958805,4.0,0.0,0.0,1.0,4.0,1.0,2.0,1.0,2.0,1.0,1.0,2.0,0.0,9.98966524877718
415,416,16.0,1,0,4.7,65.0,6.0,1,32.0,0.0045582664040006,4.0,0.0,1.0,0.0,2.0,1.0,2.0,2.0,1.0,3.0,1.0,2.0,0.0,11.097273648073832
416,417,31.0,0,0,4.35,32.0,6.0,1,16.0,0.0141294127703222,4.0,0.0,0.0,1.0,0.0,0.0,0.0,3.0,0.0,0.0,0.0,1.0,0.0,9.367344120785848
417,418,19.0,1,0,4.7,75.0,2.0,1,32.0,0.0040957727967542,3.0,0.0,0.0,1.0,1.0,1.0,2.0,2.0,2.0,3.0,1.0,2.0,0.0,11.156250521031495
418,419,46.0,1,0,4.25,75.0,4.0,1,16.0,0.0031316119117043,4.0,0.0,0.0,1.0,1.0,1.0,2.0,0.0,1.0,4.0,1.0,2.0,0.0,11.461632170582678
419,420,19.0,1,0,4.45,65.0,6.0,1,32.0,0.0056071121422428,3.0,0.0,0.0,1.0,2.0,1.0,2.0,1.0,2.0,3.0,1.0,2.0,0.0,10.819778284410283
420,421,24.0,0,0,4.75,32.0,6.0,1,16.0,0.0149555146951455,4.0,1.0,0.0,0.0,0.0,0.0,0.0,3.0,0.0,0.0,0.0,1.0,1.0,9.121509158269568
421,422,24.0,0,1,4.4,40.0,6.0,1,19.2,0.0110007857704121,4.0,0.0,0.0,1.0,1.0,0.0,1.0,3.0,0.0,0.0,0.0,1.0,1.0,9.546812608597396
422,423,24.0,0,0,4.6,32.0,6.0,1,16.0,0.0149555146951455,4.0,0.0,0.0,1.0,0.0,0.0,0.0,1.0,1.0,0.0,0.0,2.0,1.0,9.121509158269568
423,424,47.0,1,0,4.3,65.0,2.0,1,16.0,0.005542345385453,4.0,1.0,0.0,0.0,2.0,1.0,2.0,1.0,1.0,3.0,1.0,2.0,0.0,10.714417768752456
424,425,17.0,1,0,4.0,50.0,2.0,1,28.8,0.0071113744953516,4.0,1.0,0.0,0.0,4.0,1.0,2.0,2.0,1.0,1.0,1.0,2.0,0.0,10.203592144986466
425,426,56.0,1,0,4.4,43.0,2.0,1,25.6,0.0082503437643235,4.0,0.0,0.0,1.0,4.0,1.0,2.0,1.0,1.0,1.0,0.0,2.0,0.0,10.085809109330082
426,427,47.0,0,1,4.25,40.0,2.0,1,19.2,0.0080754037701885,4.0,0.0,0.0,1.0,1.0,0.0,1.0,1.0,1.0,0.0,0.0,2.0,0.0,9.903487552536127
427,428,36.0,1,0,4.75,65.0,6.0,1,32.0,0.0055134913123448,4.0,1.0,0.0,0.0,2.0,1.0,2.0,2.0,1.0,3.0,1.0,2.0,0.0,10.933106969717286
428,429,47.0,0,0,4.7,32.0,2.0,1,16.0,0.0117583988563259,4.0,1.0,0.0,0.0,0.0,0.0,0.0,1.0,2.0,0.0,0.0,2.0,0.0,9.546169544733283
429,430,33.0,1,0,4.55,43.0,2.0,1,19.2,0.0081903276131045,4.0,0.0,0.0,1.0,4.0,1.0,2.0,1.0,1.0,1.0,0.0,2.0,2.0,10.126631103850338
430,431,33.0,1,0,4.55,55.0,2.0,1,22.4,0.0062401782908083,4.0,0.0,0.0,1.0,3.0,1.0,2.0,1.0,1.0,1.0,1.0,2.0,2.0,10.46310334047155
431,432,33.0,0,1,4.0,43.0,2.0,1,19.2,0.008200410020501,4.0,1.0,0.0,0.0,1.0,0.0,1.0,1.0,2.0,1.0,0.0,2.0,2.0,9.903487552536127
432,433,13.0,1,0,4.5,65.0,2.0,1,32.0,0.0047556142668428,4.0,0.0,1.0,0.0,2.0,1.0,2.0,1.0,1.0,2.0,1.0,2.0,1.0,10.87787736679393
433,434,36.0,0,1,4.0,32.0,2.0,1,16.0,0.0115564115860434,4.0,1.0,0.0,0.0,0.0,0.0,0.0,1.0,2.0,0.0,0.0,2.0,0.0,9.51044496442652
434,435,12.0,1,0,4.25,65.0,6.0,1,32.0,0.0063233249591453,4.0,1.0,0.0,0.0,2.0,1.0,2.0,3.0,1.0,3.0,1.0,1.0,1.0,10.621327345686446
435,436,12.0,1,0,4.6,43.0,6.0,1,32.0,0.0095410941145968,4.0,1.0,0.0,0.0,4.0,1.0,2.0,3.0,1.0,2.0,0.0,1.0,1.0,10.203592144986466
436,437,44.0,1,0,4.2,65.0,4.0,1,38.4,0.0019092036129641,4.0,0.0,1.0,0.0,2.0,1.0,2.0,1.0,2.0,4.0,1.0,2.0,0.0,12.03996493109922
437,438,26.0,1,0,4.1,55.0,5.0,1,35.2,0.0019630422002557,4.0,0.0,0.0,1.0,3.0,1.0,2.0,3.0,2.0,4.0,1.0,1.0,0.0,12.013700752882718
438,439,36.0,1,0,4.3,55.0,6.0,1,16.0,0.0059382366246815,4.0,1.0,0.0,0.0,3.0,1.0,2.0,3.0,1.0,3.0,1.0,1.0,0.0,10.645424897265505
439,440,26.0,1,0,4.65,65.0,2.0,1,25.6,0.0035534253921437,4.0,0.0,1.0,0.0,2.0,1.0,2.0,1.0,1.0,3.0,1.0,2.0,0.0,11.219775135482212
440,441,56.0,1,0,4.45,55.0,6.0,1,32.0,0.0066150436498283,4.0,0.0,0.0,1.0,3.0,1.0,2.0,2.0,1.0,2.0,1.0,1.0,0.0,10.51867319162636
441,442,16.0,1,0,4.55,55.0,5.0,1,32.0,0.0033800321907827,4.0,0.0,0.0,1.0,3.0,1.0,2.0,3.0,2.0,4.0,1.0,1.0,0.0,11.56171562913966
442,443,44.0,1,0,4.65,77.0,4.0,1,44.8,0.0015422524797397,4.0,1.0,0.0,0.0,1.0,1.0,2.0,1.0,2.0,4.0,0.0,2.0,0.0,12.345797413264954
443,444,44.0,1,0,4.7,55.0,4.0,1,38.4,0.0025198370147973,4.0,0.0,1.0,0.0,3.0,1.0,2.0,1.0,1.0,4.0,1.0,2.0,0.0,11.848618826918727
444,445,24.0,1,0,4.3,43.0,6.0,1,22.4,0.0099584188641507,4.0,1.0,0.0,0.0,4.0,1.0,2.0,3.0,1.0,1.0,0.0,1.0,1.0,9.852194258148575
445,446,44.0,1,0,4.0,65.0,4.0,1,38.4,0.0019364290719154,4.0,1.0,0.0,0.0,2.0,1.0,2.0,1.0,1.0,4.0,1.0,2.0,0.0,11.963943757846549
446,447,50.0,1,0,4.7,75.0,6.0,1,16.0,0.0049945303953742,4.0,1.0,0.0,0.0,1.0,1.0,2.0,3.0,1.0,4.0,1.0,0.0,0.0,11.066497727453186
447,448,50.0,1,0,4.4,50.0,6.0,1,16.0,0.0072756367515668,4.0,0.0,0.0,1.0,4.0,1.0,2.0,3.0,1.0,3.0,1.0,0.0,0.0,10.531989539602542
448,449,16.0,0,0,4.3,32.0,2.0,1,16.0,0.0091307623809849,4.0,0.0,0.0,1.0,0.0,0.0,0.0,0.0,0.0,0.0,0.0,2.0,0.0,9.588776807696428
449,450,50.0,1,0,4.55,65.0,6.0,1,16.0,0.006007201440288,4.0,1.0,0.0,0.0,2.0,1.0,2.0,3.0,1.0,3.0,1.0,0.0,0.0,10.819598268208338
450,451,44.0,1,0,4.0,55.0,5.0,1,32.0,0.0015422524797397,4.0,1.0,0.0,0.0,3.0,1.0,2.0,2.0,2.0,4.0,1.0,2.0,0.0,12.345797413264954
451,452,44.0,1,0,4.65,55.0,4.0,1,28.8,0.002647126702054,4.0,1.0,0.0,0.0,3.0,1.0,2.0,1.0,1.0,4.0,1.0,2.0,0.0,11.775220496271928
452,453,44.0,1,0,4.05,65.0,5.0,1,32.0,0.0015422524797397,4.0,1.0,0.0,0.0,2.0,1.0,2.0,2.0,2.0,4.0,1.0,2.0,0.0,12.345797413264954
453,454,12.0,0,1,4.4,43.0,2.0,1,19.2,0.0093683463449254,3.0,0.0,0.0,1.0,1.0,0.0,1.0,2.0,1.0,0.0,0.0,2.0,1.0,9.64859530290734
454,455,44.0,1,0,4.55,50.0,2.0,1,16.0,0.003874438767611,4.0,1.0,0.0,0.0,4.0,1.0,2.0,1.0,1.0,2.0,1.0,2.0,0.0,11.075830361179468
455,456,8.0,1,0,4.75,55.0,6.0,1,16.0,0.0082744604664666,4.0,0.0,0.0,1.0,3.0,1.0,2.0,3.0,1.0,2.0,1.0,0.0,1.0,10.341742483467284
456,457,8.0,1,0,4.3,50.0,6.0,1,16.0,0.0081395764134433,4.0,0.0,0.0,1.0,4.0,1.0,2.0,3.0,1.0,2.0,1.0,1.0,1.0,10.23995978915734
457,458,16.0,0,1,4.2,32.0,6.0,0,19.2,0.0081793778619927,3.0,0.0,1.0,0.0,1.0,0.0,1.0,1.0,2.0,0.0,0.0,2.0,0.0,9.852194258148575
458,459,17.0,1,0,4.05,77.0,4.0,1,44.8,0.0015422524797397,4.0,0.0,0.0,1.0,1.0,1.0,2.0,2.0,2.0,4.0,0.0,2.0,0.0,12.345797413264954
459,460,17.0,1,0,4.05,77.0,4.0,1,44.8,0.0022140147600984,4.0,0.0,0.0,1.0,1.0,1.0,2.0,2.0,2.0,4.0,0.0,2.0,0.0,11.918390573078392
460,461,17.0,1,0,4.1,75.0,6.0,1,25.6,0.0041586308375833,4.0,1.0,0.0,0.0,1.0,1.0,2.0,2.0,1.0,4.0,1.0,2.0,0.0,11.156250521031495
461,462,26.0,1,0,4.05,75.0,2.0,1,19.2,0.0026327632763276,4.0,0.0,1.0,0.0,1.0,1.0,2.0,1.0,2.0,3.0,1.0,2.0,0.0,11.512835460919986
462,463,17.0,1,0,4.1,77.0,6.0,1,44.8,0.0026991891599096,4.0,1.0,0.0,0.0,1.0,1.0,2.0,2.0,2.0,4.0,0.0,2.0,0.0,11.695247021764184
463,464,6.0,1,0,4.25,65.0,6.0,1,22.4,0.0064218797219703,4.0,0.0,0.0,1.0,2.0,1.0,2.0,2.0,1.0,2.0,1.0,1.0,1.0,10.502324053624832
464,465,44.0,1,0,4.0,50.0,2.0,1,19.2,0.0036071487129037,4.0,1.0,0.0,0.0,4.0,1.0,2.0,1.0,1.0,2.0,1.0,2.0,0.0,11.0184815912866
465,466,45.0,1,0,4.25,75.0,4.0,1,38.4,0.0030189455187819,4.0,0.0,0.0,1.0,1.0,1.0,2.0,1.0,1.0,4.0,1.0,2.0,0.0,11.58050934429376
466,467,41.0,1,0,4.75,75.0,2.0,1,22.4,0.0033533356865513,3.0,1.0,0.0,0.0,1.0,1.0,2.0,1.0,1.0,3.0,1.0,2.0,0.0,11.35030064751358
467,468,45.0,1,0,4.5,75.0,4.0,1,32.0,0.0034203420342034,3.0,1.0,0.0,0.0,1.0,1.0,2.0,1.0,2.0,4.0,1.0,2.0,0.0,11.512835460919986
468,469,26.0,1,0,4.25,65.0,5.0,1,38.4,0.0018417689871659,4.0,0.0,0.0,1.0,2.0,1.0,2.0,3.0,2.0,4.0,1.0,1.0,0.0,12.100662128622306
469,470,26.0,1,0,4.35,77.0,5.0,1,32.0,0.0015422524797397,4.0,0.0,1.0,0.0,1.0,1.0,2.0,3.0,2.0,4.0,1.0,1.0,0.0,12.345797413264954
470,471,44.0,1,0,4.35,43.0,2.0,1,16.0,0.0044202032277346,4.0,1.0,0.0,0.0,4.0,1.0,2.0,1.0,1.0,2.0,0.0,2.0,0.0,10.8235910067382
471,472,26.0,0,0,4.0,32.0,2.0,1,16.0,0.0100007353481873,3.0,0.0,1.0,0.0,0.0,0.0,0.0,1.0,1.0,0.0,0.0,2.0,0.0,9.517825071724143
472,473,39.0,1,0,4.7,55.0,2.0,1,16.0,0.0061649226105459,4.0,0.0,0.0,1.0,3.0,1.0,2.0,1.0,1.0,1.0,1.0,2.0,1.0,10.443133842110312
473,474,45.0,1,0,4.5,77.0,6.0,1,32.0,0.0027694438033694,4.0,1.0,0.0,0.0,1.0,1.0,2.0,1.0,2.0,4.0,0.0,2.0,0.0,11.775220496271928
474,475,47.0,1,0,4.15,75.0,6.0,1,16.0,0.0037350466880836,4.0,0.0,0.0,1.0,1.0,1.0,2.0,2.0,1.0,4.0,1.0,2.0,0.0,11.289781913656018
475,476,47.0,1,0,4.05,65.0,6.0,1,16.0,0.0048316637133984,4.0,1.0,0.0,0.0,2.0,1.0,2.0,1.0,1.0,4.0,1.0,2.0,0.0,10.950806546816688
476,477,47.0,1,0,4.3,77.0,6.0,1,16.0,0.002426445903185,4.0,0.0,0.0,1.0,1.0,1.0,2.0,3.0,1.0,4.0,0.0,1.0,0.0,11.84939770159144
477,478,47.0,1,0,4.5,55.0,6.0,1,16.0,0.0069659442724458,4.0,1.0,0.0,0.0,3.0,1.0,2.0,1.0,1.0,3.0,1.0,2.0,0.0,10.645210588588755
478,479,26.0,1,0,4.45,77.0,5.0,1,44.8,0.0015422524797397,4.0,0.0,1.0,0.0,1.0,1.0,2.0,3.0,2.0,4.0,1.0,1.0,0.0,12.345797413264954
479,480,44.0,1,0,4.0,75.0,2.0,1,16.0,0.0020351379282931,4.0,0.0,1.0,0.0,1.0,1.0,2.0,1.0,1.0,3.0,1.0,2.0,0.0,11.742377078558851
480,481,44.0,1,0,4.0,65.0,2.0,1,16.0,0.0027289546716003,4.0,1.0,0.0,0.0,2.0,1.0,2.0,1.0,1.0,3.0,1.0,2.0,0.0,11.367680015613487
481,482,45.0,1,0,4.15,65.0,2.0,1,19.2,0.0043168633726745,3.0,0.0,1.0,0.0,2.0,1.0,2.0,1.0,1.0,2.0,1.0,2.0,0.0,10.819598268208338
482,483,39.0,0,0,4.5,32.0,2.0,1,16.0,0.0128248113998323,4.0,0.0,0.0,1.0,0.0,0.0,0.0,1.0,2.0,0.0,0.0,2.0,1.0,9.3868953338758
483,484,45.0,1,0,4.35,50.0,2.0,1,16.0,0.0063403829665618,3.0,0.0,1.0,0.0,4.0,1.0,2.0,0.0,1.0,2.0,1.0,2.0,0.0,10.462846164547514
484,485,45.0,1,0,4.35,65.0,6.0,1,32.0,0.0047850797513291,3.0,0.0,0.0,1.0,2.0,1.0,2.0,3.0,2.0,3.0,1.0,1.0,0.0,11.002099841204238
485,486,45.0,1,0,4.75,75.0,6.0,1,16.0,0.0042438991865582,3.0,1.0,0.0,0.0,1.0,1.0,2.0,2.0,1.0,4.0,1.0,2.0,0.0,11.225123385317872
486,487,41.0,0,1,4.75,43.0,2.0,1,19.2,0.0082,3.0,1.0,0.0,0.0,1.0,0.0,1.0,1.0,0.0,1.0,0.0,2.0,0.0,10.075379913839544
487,488,44.0,1,0,4.15,43.0,2.0,1,16.0,0.004232202392626,4.0,1.0,0.0,0.0,4.0,1.0,2.0,1.0,1.0,2.0,0.0,2.0,0.0,10.839404425545462
488,489,26.0,1,0,4.7,75.0,4.0,1,44.8,0.0027565982404692,4.0,0.0,1.0,0.0,1.0,1.0,2.0,1.0,2.0,4.0,1.0,2.0,0.0,11.798036735741295
489,490,16.0,1,0,4.45,55.0,6.0,1,32.0,0.0054389896109187,4.0,0.0,1.0,0.0,3.0,1.0,2.0,2.0,1.0,3.0,1.0,2.0,0.0,10.801430997592224
490,491,37.0,1,0,4.55,43.0,6.0,1,32.0,0.00966915288137,4.0,0.0,0.0,1.0,4.0,1.0,2.0,3.0,1.0,2.0,0.0,1.0,0.0,10.085809109330082
491,492,19.0,1,0,4.7,50.0,2.0,1,16.0,0.0075202506750225,3.0,0.0,0.0,1.0,4.0,1.0,2.0,1.0,1.0,1.0,1.0,2.0,0.0,10.308952660644293
492,493,16.0,1,0,4.5,65.0,6.0,1,32.0,0.0041817609072294,4.0,1.0,0.0,0.0,2.0,1.0,2.0,2.0,1.0,3.0,1.0,2.0,0.0,11.05865344255235
493,494,41.0,1,0,4.1,55.0,2.0,1,22.4,0.0053362255965292,3.0,0.0,0.0,1.0,3.0,1.0,2.0,1.0,1.0,2.0,1.0,2.0,0.0,10.63323181522976
494,495,13.0,1,0,4.25,43.0,2.0,1,32.0,0.0081492288453522,4.0,0.0,1.0,0.0,4.0,1.0,2.0,1.0,1.0,1.0,0.0,2.0,1.0,10.085434039
495,496,41.0,0,0,4.6,32.0,2.0,0,16.0,0.0086752771745342,3.0,0.0,0.0,1.0,0.0,0.0,0.0,1.0,1.0,0.0,0.0,2.0,0.0,9.769899015421748
496,497,16.0,1,0,4.5,55.0,4.0,1,32.0,0.0036500405560061,4.0,0.0,0.0,1.0,3.0,1.0,2.0,2.0,2.0,4.0,1.0,1.0,0.0,11.407564949312402
497,498,16.0,1,0,4.0,43.0,6.0,1,32.0,0.0061289389997108,4.0,1.0,0.0,0.0,4.0,1.0,2.0,1.0,1.0,2.0,0.0,2.0,0.0,10.451348811602948
498,499,41.0,1,0,4.65,50.0,2.0,1,19.2,0.0061614040351008,3.0,0.0,0.0,1.0,4.0,1.0,2.0,1.0,1.0,2.0,1.0,2.0,0.0,10.596634733096073
499,500,41.0,1,0,4.7,75.0,2.0,1,19.2,0.0031677356234373,3.0,0.0,1.0,0.0,1.0,1.0,2.0,1.0,1.0,3.0,1.0,2.0,0.0,11.429446025158937
500,501,41.0,1,0,4.0,55.0,4.0,1,25.6,0.0029473994463099,4.0,0.0,0.0,1.0,3.0,1.0,2.0,3.0,1.0,4.0,1.0,1.0,0.0,11.461632170582678
501,502,41.0,1,0,4.55,77.0,5.0,1,44.8,0.0015422524797397,4.0,0.0,1.0,0.0,1.0,1.0,2.0,3.0,2.0,4.0,1.0,1.0,0.0,12.345797413264954
502,503,41.0,0,1,4.75,43.0,2.0,0,19.2,0.007127741439015,3.0,1.0,0.0,0.0,1.0,0.0,1.0,1.0,0.0,0.0,0.0,2.0,0.0,10.165505603232392
503,504,41.0,1,0,4.25,43.0,6.0,1,19.2,0.0050295857988165,4.0,0.0,0.0,1.0,4.0,1.0,2.0,1.0,1.0,2.0,0.0,2.0,0.0,10.746691329302752
504,505,41.0,1,0,4.1,75.0,4.0,1,19.2,0.0015422524797397,4.0,0.0,0.0,1.0,4.0,1.0,2.0,3.0,0.0,4.0,1.0,0.0,0.0,12.345797413264954
505,506,41.0,1,0,4.65,55.0,4.0,1,32.0,0.0025347045570172,4.0,0.0,0.0,1.0,3.0,1.0,2.0,3.0,1.0,4.0,1.0,1.0,0.0,11.832040795365506
506,507,41.0,1,0,4.5,77.0,5.0,1,44.8,0.0015422524797397,4.0,0.0,1.0,0.0,1.0,1.0,2.0,3.0,2.0,4.0,0.0,1.0,0.0,12.345797413264954
507,508,41.0,1,0,4.65,75.0,2.0,1,22.4,0.0030981968166675,3.0,0.0,0.0,1.0,1.0,1.0,2.0,1.0,1.0,3.0,1.0,2.0,0.0,11.456947530560772
508,509,41.0,1,0,4.15,75.0,2.0,1,22.4,0.0029379705584897,3.0,0.0,0.0,1.0,1.0,1.0,2.0,1.0,1.0,3.0,1.0,2.0,0.0,11.396290520005437
509,510,41.0,1,0,4.05,55.0,6.0,1,19.2,0.0037893208582029,4.0,0.0,1.0,0.0,3.0,1.0,2.0,1.0,1.0,3.0,1.0,2.0,0.0,11.034744492199986
510,511,41.0,1,0,4.45,75.0,6.0,1,28.8,0.0020282450901026,4.0,0.0,0.0,1.0,1.0,1.0,2.0,1.0,1.0,4.0,1.0,2.0,0.0,11.898187865760873
511,512,26.0,0,0,4.25,32.0,2.0,1,16.0,0.0087363966142684,3.0,0.0,1.0,0.0,0.0,0.0,0.0,1.0,1.0,0.0,0.0,2.0,0.0,9.713597426242222
512,513,41.0,1,0,4.5,65.0,6.0,1,16.0,0.0031811910652999,4.0,0.0,0.0,1.0,2.0,1.0,2.0,1.0,1.0,3.0,1.0,2.0,0.0,11.381722787354375
513,514,45.0,1,0,4.65,65.0,6.0,1,32.0,0.0052922917744438,4.0,1.0,0.0,0.0,2.0,1.0,2.0,1.0,2.0,3.0,1.0,2.0,0.0,10.968043105074278
514,515,41.0,1,0,4.05,65.0,2.0,1,22.4,0.0040506751125187,3.0,0.0,0.0,1.0,2.0,1.0,2.0,1.0,1.0,3.0,1.0,2.0,0.0,11.001949829953112
515,516,45.0,1,0,4.3,55.0,2.0,1,22.4,0.0060372492836676,3.0,0.0,0.0,1.0,3.0,1.0,2.0,1.0,1.0,1.0,1.0,2.0,0.0,10.460270761075147
516,517,45.0,1,0,4.25,65.0,6.0,1,16.0,0.004847341638884,3.0,1.0,0.0,0.0,2.0,1.0,2.0,1.0,1.0,3.0,1.0,2.0,0.0,10.950648639613158
517,518,41.0,1,0,4.75,65.0,4.0,1,19.2,0.0015677214406534,4.0,0.0,0.0,1.0,4.0,1.0,2.0,3.0,0.0,4.0,1.0,0.0,0.0,12.345797413264954
518,519,19.0,1,0,4.1,43.0,2.0,1,16.0,0.0073802952118084,3.0,0.0,0.0,1.0,4.0,1.0,2.0,1.0,1.0,1.0,0.0,2.0,0.0,10.126631103850338
519,520,19.0,1,0,4.3,55.0,2.0,1,16.0,0.0062547349919694,3.0,0.0,0.0,1.0,3.0,1.0,2.0,1.0,1.0,1.0,1.0,2.0,0.0,10.404262840448617
520,521,41.0,1,0,4.55,65.0,2.0,1,22.4,0.0041112322791712,3.0,0.0,0.0,1.0,2.0,1.0,2.0,1.0,1.0,3.0,1.0,2.0,0.0,11.06961829293506
521,522,41.0,1,0,4.45,55.0,2.0,1,22.4,0.0051911860012961,3.0,0.0,1.0,0.0,3.0,1.0,2.0,1.0,1.0,2.0,1.0,2.0,0.0,10.742702836729976
522,523,41.0,1,0,4.15,43.0,2.0,1,22.4,0.006502503917171,3.0,0.0,0.0,1.0,4.0,1.0,2.0,1.0,1.0,2.0,0.0,2.0,0.0,10.390532647636716
523,524,41.0,1,0,4.2,55.0,2.0,1,19.2,0.0051107325383304,3.0,0.0,0.0,1.0,3.0,1.0,2.0,1.0,1.0,2.0,1.0,2.0,0.0,10.718852365820323
524,525,41.0,1,0,4.65,55.0,2.0,1,19.2,0.0052634286890306,3.0,0.0,0.0,1.0,3.0,1.0,2.0,1.0,1.0,2.0,1.0,2.0,0.0,10.791193607554506
525,526,41.0,1,0,4.5,55.0,6.0,1,19.2,0.0036230972449364,4.0,0.0,0.0,1.0,3.0,1.0,2.0,1.0,2.0,3.0,1.0,2.0,0.0,11.283399086686796
526,527,41.0,1,0,4.75,65.0,2.0,1,22.4,0.0035393568776577,3.0,0.0,0.0,1.0,2.0,1.0,2.0,1.0,1.0,3.0,1.0,2.0,0.0,11.262410716859886
527,528,41.0,1,0,4.35,50.0,6.0,1,19.2,0.0040063110534023,4.0,0.0,0.0,1.0,4.0,1.0,2.0,1.0,1.0,3.0,1.0,2.0,0.0,11.100949205246406
528,529,41.0,1,0,4.6,50.0,2.0,1,22.4,0.0048705882352941,3.0,0.0,0.0,1.0,4.0,1.0,2.0,1.0,1.0,2.0,1.0,2.0,0.0,10.839600519357369
529,530,41.0,1,0,4.1,43.0,2.0,1,22.4,0.0057178014766201,3.0,0.0,0.0,1.0,4.0,1.0,2.0,1.0,1.0,2.0,0.0,2.0,0.0,10.50701085558772
530,531,28.0,1,0,4.7,55.0,4.0,1,32.0,0.005640102547319,4.0,1.0,0.0,0.0,3.0,1.0,2.0,1.0,2.0,3.0,1.0,2.0,0.0,10.915088464214609
531,532,51.0,1,0,4.6,75.0,6.0,1,32.0,0.0055000996394862,4.0,1.0,0.0,0.0,1.0,1.0,2.0,3.0,1.0,3.0,1.0,1.0,0.0,10.918718232265189
532,533,28.0,1,0,4.25,55.0,6.0,1,16.0,0.0067107029132345,4.0,1.0,0.0,0.0,3.0,1.0,2.0,2.0,2.0,3.0,1.0,2.0,0.0,10.545341438708522
533,534,41.0,1,0,4.05,43.0,2.0,1,19.2,0.0066878374087011,3.0,1.0,0.0,0.0,4.0,1.0,2.0,1.0,1.0,2.0,0.0,2.0,0.0,10.357457069703909
534,535,41.0,1,0,4.25,65.0,6.0,1,22.4,0.0035704760634751,3.0,1.0,0.0,0.0,2.0,1.0,2.0,1.0,1.0,3.0,1.0,2.0,0.0,11.225123385317872
535,536,41.0,1,0,4.5,55.0,2.0,1,19.2,0.0061478409368138,3.0,1.0,0.0,0.0,3.0,1.0,2.0,1.0,1.0,2.0,1.0,2.0,0.0,10.621107809394994
536,537,41.0,1,0,4.35,50.0,2.0,1,19.2,0.0061361887663503,3.0,1.0,0.0,0.0,4.0,1.0,2.0,1.0,1.0,2.0,1.0,2.0,0.0,10.571086129249698
537,538,41.0,1,0,4.65,43.0,6.0,1,19.2,0.0071061405946096,3.0,0.0,1.0,0.0,4.0,1.0,2.0,1.0,1.0,2.0,0.0,2.0,0.0,10.491024186183038
538,539,0.0,1,0,4.6,43.0,6.0,1,16.0,0.0048654781822727,4.0,0.0,0.0,1.0,4.0,1.0,2.0,2.0,1.0,2.0,0.0,2.0,0.0,10.858998997563564
539,540,45.0,0,0,4.0,32.0,6.0,1,16.0,0.010140093395597,3.0,1.0,0.0,0.0,0.0,0.0,0.0,0.0,0.0,0.0,0.0,2.0,0.0,9.615205300012317
540,541,19.0,0,0,4.4,32.0,2.0,1,16.0,0.0110007857704121,3.0,0.0,0.0,1.0,0.0,0.0,0.0,0.0,0.0,0.0,0.0,2.0,0.0,9.546812608597396
541,542,46.0,0,1,4.3,40.0,2.0,1,19.2,0.0107507679119937,4.0,0.0,0.0,1.0,1.0,0.0,1.0,3.0,0.0,0.0,0.0,1.0,0.0,9.546812608597396
542,543,46.0,0,0,4.0,32.0,2.0,1,16.0,0.0135533938135315,4.0,0.0,0.0,1.0,0.0,0.0,0.0,3.0,0.0,0.0,0.0,1.0,0.0,9.121509158269568
543,544,49.0,0,1,4.05,43.0,2.0,1,19.2,0.0101322373123659,4.0,0.0,0.0,1.0,1.0,0.0,1.0,2.0,1.0,0.0,0.0,2.0,1.0,9.546169544733283
544,545,49.0,0,0,4.7,32.0,2.0,0,16.0,0.0139210155148095,3.0,0.0,0.0,1.0,0.0,0.0,0.0,2.0,0.0,0.0,0.0,2.0,1.0,9.121509158269568
545,546,21.0,0,1,4.25,40.0,6.0,1,19.2,0.0113341729016964,4.0,0.0,0.0,1.0,1.0,0.0,1.0,0.0,1.0,0.0,0.0,2.0,1.0,9.51044496442652
546,547,13.0,1,0,4.05,55.0,2.0,1,25.6,0.0052889691580994,4.0,0.0,1.0,0.0,3.0,1.0,2.0,1.0,1.0,1.0,1.0,2.0,1.0,10.491024186183038
547,548,34.0,1,0,4.0,43.0,2.0,1,19.2,0.0075201119272472,3.0,0.0,0.0,1.0,4.0,1.0,2.0,1.0,2.0,1.0,0.0,2.0,1.0,10.03771245462736
548,549,26.0,0,0,4.6,32.0,2.0,1,16.0,0.0087247317194908,3.0,0.0,0.0,1.0,0.0,0.0,0.0,1.0,2.0,0.0,0.0,2.0,0.0,9.905285934477508
549,550,34.0,0,0,4.55,32.0,6.0,1,16.0,0.0140010770059235,4.0,0.0,0.0,1.0,0.0,0.0,0.0,1.0,2.0,1.0,0.0,2.0,1.0,9.472704636443671
550,551,47.0,1,0,4.75,65.0,6.0,1,16.0,0.006270125402508,4.0,0.0,0.0,1.0,2.0,1.0,2.0,3.0,1.0,3.0,1.0,1.0,0.0,10.819778284410283
551,552,47.0,1,0,4.55,55.0,6.0,1,16.0,0.007543619568936,4.0,0.0,0.0,1.0,3.0,1.0,2.0,3.0,1.0,3.0,1.0,1.0,0.0,10.545341438708522
552,553,45.0,1,0,4.65,77.0,4.0,1,44.8,0.0015422524797397,4.0,0.0,0.0,1.0,1.0,1.0,2.0,1.0,2.0,4.0,0.0,2.0,0.0,12.345797413264954
553,554,7.0,1,0,4.05,50.0,2.0,1,16.0,0.0072902430081002,4.0,1.0,0.0,0.0,4.0,1.0,2.0,2.0,1.0,2.0,1.0,2.0,2.0,10.308952660644293
554,555,27.0,0,1,4.2,43.0,2.0,1,19.2,0.0068011729178519,4.0,0.0,0.0,1.0,1.0,0.0,1.0,1.0,1.0,0.0,0.0,2.0,1.0,10.036706396322352
555,556,13.0,0,0,4.55,32.0,2.0,1,16.0,0.0149555146951455,4.0,0.0,1.0,0.0,0.0,0.0,0.0,1.0,2.0,0.0,0.0,2.0,1.0,9.121509158269568
556,557,39.0,1,0,4.0,43.0,2.0,1,19.2,0.0074815137016093,4.0,0.0,0.0,1.0,4.0,1.0,2.0,1.0,1.0,1.0,0.0,2.0,1.0,10.042858113983936
557,558,21.0,1,0,4.1,55.0,6.0,1,16.0,0.0083521611911552,4.0,0.0,0.0,1.0,3.0,1.0,2.0,3.0,1.0,2.0,1.0,1.0,1.0,10.203592144986466
558,559,0.0,1,0,4.75,65.0,6.0,1,16.0,0.0046136629175523,4.0,0.0,0.0,1.0,2.0,1.0,2.0,3.0,1.0,4.0,1.0,1.0,0.0,11.170998377666052
559,560,0.0,1,0,4.35,75.0,6.0,1,32.0,0.0033060330603306,4.0,1.0,0.0,0.0,1.0,1.0,2.0,3.0,2.0,4.0,1.0,1.0,0.0,11.512925464970229
560,561,15.0,1,0,4.35,65.0,6.0,1,16.0,0.0068358770446915,4.0,1.0,0.0,0.0,2.0,1.0,2.0,2.0,1.0,3.0,1.0,2.0,1.0,10.645424897265505
561,562,15.0,1,0,4.5,75.0,6.0,1,16.0,0.0045000642866326,4.0,1.0,0.0,0.0,1.0,1.0,2.0,2.0,1.0,4.0,1.0,2.0,1.0,11.156250521031495
562,563,39.0,1,0,4.7,55.0,6.0,1,22.4,0.0080140421263791,4.0,0.0,0.0,1.0,3.0,1.0,2.0,1.0,2.0,2.0,1.0,2.0,1.0,10.30598158469934
563,564,50.0,1,0,4.65,65.0,6.0,1,16.0,0.0052542372881355,4.0,1.0,0.0,0.0,2.0,1.0,2.0,1.0,2.0,4.0,1.0,2.0,0.0,11.089668007602317
564,565,15.0,1,0,4.55,50.0,6.0,1,25.6,0.0100104004160166,4.0,0.0,0.0,1.0,4.0,1.0,2.0,2.0,1.0,2.0,1.0,2.0,1.0,10.126631103850338
565,566,15.0,1,0,4.45,55.0,6.0,1,25.6,0.0087413836208436,4.0,0.0,0.0,1.0,3.0,1.0,2.0,2.0,1.0,2.0,1.0,2.0,1.0,10.23995978915734
566,567,41.0,1,0,4.6,55.0,6.0,1,28.8,0.004109881317509,4.0,1.0,0.0,0.0,3.0,1.0,2.0,1.0,1.0,4.0,1.0,2.0,0.0,11.225123385317872
567,568,17.0,0,1,4.5,43.0,2.0,1,19.2,0.0073829531812725,4.0,0.0,0.0,1.0,1.0,0.0,1.0,2.0,1.0,1.0,0.0,2.0,0.0,10.126271039034782
568,569,0.0,0,0,4.3,32.0,6.0,1,16.0,0.0114487953763231,4.0,0.0,0.0,1.0,0.0,0.0,0.0,2.0,2.0,1.0,0.0,2.0,0.0,9.64212278840172
569,570,0.0,1,0,4.1,55.0,6.0,1,16.0,0.0067975473038764,4.0,1.0,0.0,0.0,3.0,1.0,2.0,3.0,1.0,3.0,1.0,1.0,0.0,10.545341438708522
570,571,0.0,1,0,4.1,50.0,6.0,1,16.0,0.0078217791316655,4.0,1.0,0.0,0.0,4.0,1.0,2.0,3.0,1.0,3.0,1.0,1.0,0.0,10.388995368317827
571,572,50.0,1,0,4.6,50.0,2.0,1,16.0,0.0091339037510379,4.0,0.0,0.0,1.0,4.0,1.0,2.0,1.0,1.0,2.0,1.0,2.0,0.0,10.22918769217543
572,573,50.0,1,0,4.35,43.0,2.0,1,16.0,0.0079527423249396,4.0,0.0,0.0,1.0,4.0,1.0,2.0,1.0,1.0,2.0,0.0,2.0,0.0,10.274740715974104
573,574,17.0,0,0,4.2,32.0,2.0,1,16.0,0.0126010500875072,4.0,1.0,0.0,0.0,0.0,0.0,0.0,2.0,2.0,0.0,0.0,2.0,0.0,9.392661928770137
574,575,56.0,1,0,4.6,65.0,6.0,1,32.0,0.0044056958548711,4.0,1.0,0.0,0.0,2.0,1.0,2.0,2.0,1.0,4.0,1.0,2.0,0.0,11.170435156023451
575,576,37.0,1,0,4.3,55.0,2.0,1,16.0,0.0082563302532101,4.0,0.0,0.0,1.0,3.0,1.0,2.0,3.0,1.0,1.0,1.0,1.0,0.0,10.126631103850338
576,577,37.0,1,0,4.75,43.0,2.0,1,16.0,0.008955285052666,4.0,0.0,0.0,1.0,4.0,1.0,2.0,2.0,1.0,1.0,0.0,2.0,0.0,10.102338411281291
577,578,37.0,1,0,4.25,65.0,6.0,1,16.0,0.0064088997063414,4.0,0.0,0.0,1.0,2.0,1.0,2.0,3.0,1.0,3.0,1.0,1.0,0.0,10.54006438160768
578,579,56.0,1,0,4.4,55.0,2.0,1,19.2,0.0067098741898589,4.0,0.0,0.0,1.0,3.0,1.0,2.0,2.0,1.0,2.0,1.0,2.0,0.0,10.437052663271608
579,580,21.0,0,0,4.05,32.0,2.0,1,16.0,0.0149482081200142,3.0,0.0,0.0,1.0,0.0,0.0,0.0,0.0,0.0,0.0,0.0,2.0,1.0,9.121509158269568
580,581,41.0,1,0,4.2,55.0,2.0,1,22.4,0.004931506849315,4.0,1.0,0.0,0.0,3.0,1.0,2.0,1.0,1.0,2.0,1.0,2.0,0.0,10.736201004154935
581,582,44.0,1,0,4.4,65.0,5.0,1,32.0,0.0015422524797397,4.0,0.0,1.0,0.0,2.0,1.0,2.0,3.0,2.0,4.0,1.0,1.0,0.0,12.345797413264954
582,583,44.0,1,0,4.3,75.0,6.0,1,32.0,0.0015422524797397,4.0,1.0,0.0,0.0,1.0,1.0,2.0,3.0,2.0,4.0,1.0,1.0,0.0,12.345797413264954
583,584,44.0,1,0,4.35,77.0,6.0,1,32.0,0.0015422524797397,4.0,1.0,0.0,0.0,1.0,1.0,2.0,3.0,2.0,4.0,0.0,1.0,0.0,12.345797413264954
584,585,54.0,0,0,4.25,32.0,2.0,1,16.0,0.0112329452103721,4.0,1.0,0.0,0.0,0.0,0.0,0.0,1.0,0.0,0.0,0.0,2.0,1.0,9.546812608597396
585,586,44.0,1,0,4.65,50.0,2.0,1,16.0,0.0039656666529113,4.0,0.0,0.0,1.0,4.0,1.0,2.0,1.0,1.0,3.0,1.0,2.0,0.0,11.194096663521613
586,587,44.0,1,0,4.75,75.0,2.0,1,16.0,0.0023583232853393,4.0,1.0,0.0,0.0,1.0,1.0,2.0,1.0,1.0,4.0,1.0,2.0,0.0,11.856451337535864
587,588,17.0,1,0,4.65,65.0,6.0,1,22.4,0.0051150852514208,4.0,0.0,0.0,1.0,2.0,1.0,2.0,1.0,1.0,3.0,1.0,2.0,0.0,11.002099841204238
588,589,24.0,0,0,4.55,32.0,6.0,1,16.0,0.0149555146951455,4.0,0.0,0.0,1.0,0.0,0.0,0.0,3.0,0.0,1.0,0.0,1.0,1.0,9.259130536145614
589,590,16.0,0,1,4.65,43.0,2.0,1,19.2,0.0042203132255477,4.0,0.0,0.0,1.0,1.0,0.0,1.0,1.0,2.0,1.0,0.0,2.0,0.0,10.765934371538163
590,591,46.0,0,0,4.3,32.0,6.0,1,16.0,0.0149555146951455,4.0,0.0,0.0,1.0,0.0,0.0,0.0,3.0,0.0,1.0,0.0,1.0,0.0,9.259130536145614
591,592,44.0,1,0,4.1,55.0,2.0,1,16.0,0.0032912225292801,4.0,1.0,0.0,0.0,3.0,1.0,2.0,1.0,1.0,3.0,1.0,2.0,0.0,11.23837019120351
592,593,44.0,0,0,4.25,32.0,2.0,1,16.0,0.006157295619179,4.0,1.0,0.0,0.0,0.0,0.0,0.0,1.0,0.0,1.0,0.0,2.0,0.0,10.274740715974104
593,594,17.0,1,0,4.6,65.0,2.0,1,16.0,0.0060637741766858,4.0,0.0,0.0,1.0,2.0,1.0,2.0,1.0,1.0,3.0,1.0,2.0,0.0,10.691944912900398
594,595,44.0,0,0,4.6,32.0,2.0,1,16.0,0.0064584064584064,4.0,1.0,0.0,0.0,0.0,0.0,0.0,1.0,0.0,1.0,0.0,2.0,0.0,10.257343526911065
595,596,44.0,1,0,4.5,50.0,2.0,1,16.0,0.0048674462744137,4.0,0.0,0.0,1.0,4.0,1.0,2.0,1.0,1.0,2.0,1.0,2.0,0.0,10.799575577092764
596,597,44.0,1,0,4.7,65.0,4.0,1,32.0,0.0018392192859558,4.0,0.0,0.0,1.0,2.0,1.0,2.0,3.0,2.0,4.0,1.0,1.0,0.0,12.24043059304143
597,598,41.0,1,0,4.2,77.0,2.0,1,28.8,0.0015422524797397,4.0,0.0,1.0,0.0,1.0,1.0,2.0,1.0,1.0,4.0,0.0,2.0,0.0,12.345797413264954
598,599,17.0,1,0,4.65,55.0,6.0,1,19.2,0.0085030218503021,4.0,1.0,0.0,0.0,3.0,1.0,2.0,1.0,1.0,3.0,1.0,2.0,0.0,10.38176932322609
599,600,47.0,1,0,4.5,77.0,6.0,1,32.0,0.0026511833425065,4.0,1.0,0.0,0.0,1.0,1.0,2.0,3.0,2.0,4.0,0.0,1.0,0.0,11.76756768334381
600,601,17.0,1,0,4.35,43.0,2.0,1,16.0,0.0100243488847341,4.0,0.0,0.0,1.0,4.0,1.0,2.0,1.0,1.0,2.0,0.0,2.0,0.0,10.043249494911286
601,602,13.0,0,0,4.0,32.0,2.0,0,16.0,0.0120200333889816,3.0,0.0,1.0,0.0,0.0,0.0,0.0,0.0,0.0,0.0,0.0,2.0,1.0,9.121509158269568
602,603,13.0,1,0,4.5,75.0,6.0,1,16.0,0.0040849924608425,4.0,0.0,1.0,0.0,1.0,1.0,2.0,1.0,1.0,3.0,1.0,2.0,1.0,11.08206562284212
603,604,17.0,1,0,4.4,65.0,6.0,1,28.8,0.0055717255717255,4.0,0.0,0.0,1.0,2.0,1.0,2.0,1.0,1.0,4.0,1.0,2.0,0.0,10.876366535738477
604,605,38.0,0,0,4.3,32.0,2.0,1,16.0,0.0098292735195371,4.0,0.0,1.0,0.0,0.0,0.0,0.0,1.0,0.0,0.0,0.0,2.0,0.0,9.546812608597396
605,606,17.0,1,0,4.0,75.0,6.0,1,25.6,0.0034721407624633,4.0,0.0,0.0,1.0,1.0,1.0,2.0,2.0,1.0,4.0,1.0,2.0,0.0,11.353355125282244
606,607,19.0,0,0,4.5,32.0,2.0,1,16.0,0.0083291645822911,3.0,0.0,0.0,1.0,0.0,0.0,0.0,0.0,0.0,0.0,0.0,2.0,0.0,9.903037451255743
607,608,41.0,1,0,4.35,55.0,6.0,1,25.6,0.0043507632918055,4.0,0.0,1.0,0.0,3.0,1.0,2.0,1.0,1.0,3.0,1.0,2.0,0.0,10.950648639613158
608,609,47.0,1,0,4.75,55.0,6.0,1,28.8,0.0074370564913255,4.0,0.0,1.0,0.0,3.0,1.0,2.0,1.0,1.0,3.0,1.0,2.0,0.0,10.586584397242571
609,610,44.0,1,0,4.25,65.0,2.0,1,16.0,0.0037643394905641,4.0,0.0,0.0,1.0,2.0,1.0,2.0,1.0,1.0,3.0,1.0,2.0,0.0,11.156250521031495
610,611,45.0,1,0,4.65,65.0,6.0,1,32.0,0.0018099886220731,3.0,0.0,0.0,1.0,2.0,1.0,2.0,1.0,1.0,3.0,1.0,2.0,0.0,12.025695197731086
611,612,26.0,1,0,4.35,65.0,2.0,1,19.2,0.0037096474090613,4.0,0.0,1.0,0.0,2.0,1.0,2.0,1.0,1.0,2.0,1.0,2.0,0.0,11.074342980399235
612,613,26.0,1,0,4.25,55.0,2.0,1,22.4,0.0051402521282039,4.0,0.0,1.0,0.0,3.0,1.0,2.0,1.0,1.0,2.0,1.0,2.0,0.0,10.668839108844995
613,614,45.0,1,0,4.6,55.0,6.0,1,32.0,0.0021870645134847,3.0,0.0,0.0,1.0,3.0,1.0,2.0,1.0,1.0,3.0,1.0,2.0,0.0,11.711702550502414
614,615,26.0,1,0,4.15,65.0,5.0,1,44.8,0.0019773645727327,4.0,0.0,0.0,1.0,2.0,1.0,2.0,3.0,2.0,4.0,1.0,1.0,0.0,12.0435537160324
615,616,45.0,1,0,4.55,75.0,6.0,1,16.0,0.0025025208543404,4.0,0.0,0.0,1.0,1.0,1.0,2.0,2.0,1.0,3.0,1.0,1.0,0.0,11.695247021764184
616,617,31.0,1,0,4.75,65.0,6.0,1,16.0,0.0051742919389978,4.0,0.0,0.0,1.0,2.0,1.0,2.0,1.0,1.0,3.0,1.0,2.0,0.0,10.933089112414988
617,618,45.0,0,1,4.55,32.0,2.0,1,19.2,0.0132819015846538,3.0,0.0,1.0,0.0,1.0,0.0,1.0,1.0,0.0,0.0,0.0,2.0,0.0,9.391911647379434
618,619,31.0,1,0,4.35,55.0,4.0,1,16.0,0.007107242457534,4.0,0.0,0.0,1.0,3.0,1.0,2.0,1.0,1.0,3.0,1.0,2.0,0.0,10.477287975463508
619,620,45.0,1,0,4.3,50.0,2.0,1,16.0,0.0085346768960647,3.0,0.0,1.0,0.0,4.0,1.0,2.0,1.0,1.0,2.0,1.0,2.0,0.0,10.173514689749188
620,621,45.0,1,0,4.75,55.0,6.0,1,32.0,0.0081430898025657,3.0,0.0,0.0,1.0,3.0,1.0,2.0,1.0,1.0,3.0,1.0,2.0,0.0,10.46310334047155
621,622,41.0,1,0,4.65,75.0,6.0,1,19.2,0.0015422524797397,4.0,1.0,0.0,0.0,4.0,1.0,2.0,3.0,0.0,4.0,1.0,0.0,0.0,12.345797413264954
622,623,41.0,1,0,4.4,50.0,6.0,1,28.8,0.0038464085617028,4.0,0.0,1.0,0.0,4.0,1.0,2.0,3.0,1.0,3.0,1.0,1.0,0.0,11.231887935237117
623,624,41.0,1,0,4.0,65.0,2.0,1,25.6,0.0032576082297471,3.0,0.0,0.0,1.0,2.0,1.0,2.0,1.0,1.0,3.0,1.0,2.0,0.0,11.15612194133691
624,625,41.0,1,0,4.3,77.0,5.0,1,41.6,0.0015422524797397,4.0,1.0,0.0,0.0,1.0,1.0,2.0,3.0,2.0,4.0,1.0,0.0,0.0,12.345797413264954
625,626,41.0,1,0,4.05,65.0,2.0,1,19.2,0.0038411795137092,3.0,0.0,1.0,0.0,2.0,1.0,2.0,1.0,1.0,2.0,1.0,2.0,0.0,10.968043105074278
626,627,41.0,1,0,4.55,50.0,2.0,1,19.2,0.0065856996236743,3.0,0.0,0.0,1.0,4.0,1.0,2.0,1.0,1.0,2.0,1.0,2.0,0.0,10.545341438708522
627,628,41.0,1,0,4.15,55.0,2.0,1,22.4,0.0058209304137769,3.0,0.0,0.0,1.0,3.0,1.0,2.0,1.0,1.0,2.0,1.0,2.0,0.0,10.558413520275876
628,629,41.0,1,0,4.05,43.0,2.0,1,19.2,0.005782740304986,3.0,0.0,0.0,1.0,4.0,1.0,2.0,1.0,1.0,1.0,0.0,2.0,0.0,10.463646050320772
629,630,41.0,1,0,4.75,65.0,6.0,1,19.2,0.0031353135313531,4.0,0.0,0.0,1.0,2.0,1.0,2.0,1.0,1.0,3.0,1.0,2.0,0.0,11.512835460919986
630,631,41.0,1,0,4.1,75.0,2.0,1,16.0,0.0025832583258325,4.0,0.0,0.0,1.0,1.0,1.0,2.0,1.0,1.0,3.0,1.0,2.0,0.0,11.512835460919986
631,632,41.0,1,0,4.7,50.0,6.0,1,22.4,0.0052200472025544,4.0,0.0,0.0,1.0,4.0,1.0,2.0,1.0,1.0,2.0,1.0,2.0,0.0,10.828182866754094
632,633,27.0,1,0,4.3,43.0,2.0,1,19.2,0.0065439745177844,4.0,0.0,0.0,1.0,4.0,1.0,2.0,1.0,1.0,1.0,0.0,2.0,1.0,10.249061103403688
633,634,41.0,1,0,4.7,43.0,2.0,1,19.2,0.0067342525006758,3.0,0.0,0.0,1.0,4.0,1.0,2.0,1.0,1.0,2.0,0.0,2.0,0.0,10.518429918794682
634,635,41.0,1,0,4.25,55.0,6.0,1,19.2,0.0040450072592353,4.0,0.0,0.0,1.0,3.0,1.0,2.0,1.0,1.0,3.0,1.0,2.0,0.0,11.034744492199986
635,636,24.0,0,1,4.75,43.0,2.0,1,19.2,0.0108110904200289,4.0,0.0,0.0,1.0,1.0,0.0,1.0,2.0,1.0,0.0,0.0,2.0,1.0,9.581903928408666
636,637,9.0,1,0,4.15,43.0,2.0,1,22.4,0.0078023120924837,4.0,0.0,0.0,1.0,4.0,1.0,2.0,1.0,1.0,1.0,0.0,2.0,2.0,10.126631103850338
637,638,26.0,1,0,4.65,55.0,7.0,1,19.2,0.0049421542321497,4.0,0.0,1.0,0.0,3.0,1.0,2.0,1.0,1.0,3.0,1.0,2.0,0.0,10.957712470499596
638,639,9.0,0,0,4.05,32.0,2.0,1,16.0,0.0098285580084546,4.0,0.0,0.0,1.0,0.0,0.0,0.0,1.0,1.0,0.0,0.0,2.0,2.0,9.455245415071904
639,640,41.0,0,1,4.75,43.0,2.0,1,19.2,0.0076003377927907,3.0,0.0,0.0,1.0,1.0,0.0,1.0,1.0,1.0,0.0,0.0,2.0,0.0,10.021270588192513
640,641,15.0,1,0,4.45,65.0,2.0,1,25.6,0.0050514878780507,4.0,0.0,0.0,1.0,2.0,1.0,2.0,2.0,0.0,1.0,1.0,2.0,1.0,10.51867319162636
641,642,35.0,0,1,4.75,43.0,2.0,1,19.2,0.0059769908322847,3.0,0.0,0.0,1.0,1.0,0.0,1.0,1.0,0.0,0.0,0.0,2.0,0.0,10.233366673687698
642,643,8.0,1,0,4.1,55.0,2.0,1,22.4,0.0066850248197398,4.0,0.0,1.0,0.0,3.0,1.0,2.0,3.0,1.0,1.0,1.0,1.0,1.0,10.22557105170524
643,644,45.0,0,1,4.75,43.0,2.0,0,19.2,0.0061971918489065,3.0,0.0,0.0,1.0,4.0,1.0,2.0,1.0,2.0,1.0,0.0,2.0,0.0,10.379504316595238
644,645,31.0,1,0,4.45,55.0,2.0,1,16.0,0.008027765794737,4.0,0.0,0.0,1.0,3.0,1.0,2.0,1.0,1.0,1.0,1.0,2.0,0.0,10.146433731146518
645,646,13.0,0,1,4.75,43.0,2.0,1,19.2,0.0101000625390869,4.0,0.0,1.0,0.0,1.0,0.0,1.0,1.0,0.0,0.0,0.0,2.0,1.0,9.679781342959442
646,647,16.0,1,0,4.4,55.0,2.0,1,32.0,0.0053345768244346,4.0,0.0,0.0,1.0,3.0,1.0,2.0,1.0,1.0,2.0,1.0,2.0,0.0,10.666417292697274
647,648,19.0,1,0,4.45,55.0,6.0,1,19.2,0.0071776298425173,3.0,0.0,1.0,0.0,3.0,1.0,2.0,3.0,1.0,2.0,1.0,1.0,0.0,10.437052663271608
648,649,17.0,1,0,4.2,77.0,0.0,1,28.8,0.0015422524797397,4.0,1.0,0.0,0.0,1.0,1.0,2.0,3.0,1.0,4.0,0.0,1.0,0.0,12.345797413264954
649,650,56.0,1,0,4.7,55.0,2.0,1,19.2,0.0067508604569229,4.0,0.0,0.0,1.0,3.0,1.0,2.0,2.0,1.0,2.0,1.0,2.0,0.0,10.51596683002862
650,651,56.0,1,0,4.4,43.0,2.0,1,25.6,0.0081511670989255,4.0,0.0,0.0,1.0,4.0,1.0,2.0,2.0,1.0,1.0,0.0,2.0,0.0,10.203258756085228
651,652,56.0,1,0,4.65,50.0,2.0,1,22.4,0.0078012434619559,4.0,0.0,0.0,1.0,4.0,1.0,2.0,2.0,1.0,2.0,1.0,2.0,0.0,10.322197887394314
652,653,26.0,1,0,4.3,48.0,5.0,1,19.2,0.0026255395304768,4.0,0.0,0.0,1.0,4.0,1.0,2.0,1.0,1.0,3.0,0.0,2.0,0.0,11.461537429252754
653,654,26.0,1,0,4.45,55.0,5.0,1,19.2,0.0027147714771477,4.0,0.0,0.0,1.0,3.0,1.0,2.0,1.0,1.0,3.0,1.0,2.0,0.0,11.512835460919986
654,655,35.0,0,0,4.05,32.0,2.0,1,16.0,0.0102075611564121,4.0,0.0,1.0,0.0,0.0,0.0,0.0,1.0,1.0,0.0,0.0,2.0,0.0,9.509778075438817
655,656,35.0,0,0,4.75,32.0,2.0,1,16.0,0.0071252968873703,4.0,0.0,0.0,1.0,0.0,0.0,0.0,1.0,2.0,0.0,0.0,2.0,0.0,10.085809109330082
656,657,34.0,0,0,4.3,32.0,2.0,1,16.0,0.0108297187631173,4.0,0.0,0.0,1.0,0.0,0.0,0.0,1.0,2.0,0.0,0.0,2.0,1.0,9.567665104756411
657,658,53.0,0,0,4.05,32.0,2.0,1,16.0,0.0148516501833537,4.0,0.0,1.0,0.0,0.0,0.0,0.0,3.0,0.0,0.0,0.0,1.0,2.0,9.121509158269568
658,659,26.0,1,0,4.65,65.0,2.0,1,22.4,0.0037205723957531,4.0,0.0,0.0,1.0,2.0,1.0,2.0,1.0,1.0,2.0,1.0,2.0,0.0,11.082004077752629
659,660,26.0,1,0,4.7,55.0,2.0,1,19.2,0.0055257320319432,4.0,0.0,0.0,1.0,3.0,1.0,2.0,1.0,1.0,2.0,1.0,2.0,0.0,10.716216150693835
660,661,26.0,1,0,4.35,50.0,2.0,1,19.2,0.0044467654836774,4.0,0.0,0.0,1.0,4.0,1.0,2.0,1.0,1.0,1.0,1.0,2.0,0.0,10.714417768752456
661,662,16.0,1,0,4.3,50.0,2.0,1,32.0,0.0054838709677419,4.0,0.0,1.0,0.0,4.0,1.0,2.0,1.0,1.0,2.0,1.0,2.0,0.0,10.596409707779776
662,663,16.0,1,0,4.45,43.0,2.0,1,32.0,0.0066095786602,4.0,0.0,1.0,0.0,4.0,1.0,2.0,1.0,1.0,1.0,0.0,2.0,0.0,10.403990075979044
663,664,24.0,0,0,4.4,32.0,2.0,1,16.0,0.0149555146951455,4.0,0.0,0.0,1.0,0.0,0.0,0.0,2.0,0.0,0.0,0.0,2.0,1.0,9.121509158269568
664,665,26.0,1,0,4.55,43.0,2.0,1,22.4,0.0069876819708846,4.0,0.0,0.0,1.0,4.0,1.0,2.0,1.0,1.0,1.0,0.0,2.0,0.0,10.349966636734909
665,666,44.0,1,0,4.75,77.0,5.0,1,32.0,0.0015422524797397,4.0,0.0,0.0,1.0,1.0,1.0,2.0,3.0,2.0,4.0,1.0,1.0,0.0,12.345797413264954
666,667,8.0,0,1,4.1,40.0,2.0,1,19.2,0.011129366383313,4.0,0.0,0.0,1.0,1.0,0.0,1.0,3.0,0.0,0.0,0.0,1.0,1.0,9.546812608597396
667,668,44.0,1,0,4.05,55.0,2.0,1,32.0,0.0033484464595279,4.0,0.0,0.0,1.0,3.0,1.0,2.0,0.0,1.0,3.0,1.0,2.0,0.0,11.225123385317872
668,669,44.0,1,0,4.35,55.0,2.0,1,25.6,0.0042757371960682,4.0,0.0,0.0,1.0,3.0,1.0,2.0,1.0,1.0,3.0,1.0,2.0,0.0,10.968043105074278
669,670,46.0,0,0,4.75,32.0,2.0,1,16.0,0.0149555146951455,4.0,0.0,0.0,1.0,0.0,0.0,0.0,2.0,1.0,0.0,0.0,2.0,0.0,9.121509158269568
670,671,29.0,0,0,4.2,32.0,2.0,0,16.0,0.0117615682090945,3.0,0.0,0.0,1.0,0.0,0.0,0.0,1.0,0.0,0.0,0.0,2.0,1.0,9.121509158269568
671,672,35.0,1,0,4.35,55.0,2.0,0,19.2,0.0057861635220125,3.0,0.0,0.0,1.0,1.0,1.0,1.0,1.0,2.0,2.0,1.0,2.0,0.0,10.63344870621879
672,673,8.0,0,1,4.65,39.37,2.0,1,19.2,0.0109614972498035,4.0,0.0,0.0,1.0,1.0,0.0,1.0,3.0,0.0,0.0,0.0,1.0,1.0,9.546812608597396
673,674,41.0,1,0,4.7,43.0,2.0,1,19.2,0.005008425852498,4.0,0.0,0.0,1.0,4.0,1.0,2.0,1.0,1.0,1.0,0.0,2.0,0.0,10.605421020376692
674,675,55.0,0,0,4.45,32.0,2.0,0,16.0,0.013351907415345,3.0,0.0,0.0,1.0,0.0,0.0,0.0,1.0,0.0,0.0,0.0,2.0,2.0,9.121509158269568
675,676,41.0,1,0,4.65,55.0,6.0,1,25.6,0.004228041462084,4.0,0.0,0.0,1.0,3.0,1.0,2.0,1.0,1.0,1.0,1.0,2.0,0.0,10.91492481446108
676,677,16.0,0,0,4.2,32.0,2.0,1,16.0,0.0063219227967953,3.0,0.0,0.0,1.0,0.0,0.0,0.0,0.0,0.0,0.0,0.0,2.0,0.0,9.932852161166032
677,678,41.0,1,0,4.2,75.0,2.0,1,22.4,0.0028739867354458,3.0,0.0,0.0,1.0,1.0,1.0,2.0,1.0,2.0,3.0,1.0,2.0,0.0,11.461537429252754
678,679,5.0,0,1,4.55,43.0,2.0,1,19.2,0.008852140077821,4.0,1.0,0.0,0.0,1.0,0.0,1.0,1.0,0.0,0.0,0.0,2.0,2.0,9.79762691183662
679,680,27.0,1,0,4.65,43.0,6.0,1,22.4,0.0071749631021065,4.0,0.0,0.0,1.0,4.0,1.0,2.0,1.0,1.0,1.0,0.0,2.0,1.0,10.302699818978526
680,681,46.0,0,0,4.1,32.0,2.0,1,16.0,0.0149555146951455,4.0,0.0,0.0,1.0,0.0,0.0,0.0,1.0,1.0,0.0,0.0,2.0,0.0,9.121509158269568
681,682,41.0,0,0,4.75,32.0,2.0,1,16.0,0.007862558735583,3.0,0.0,0.0,1.0,0.0,0.0,0.0,1.0,0.0,0.0,0.0,2.0,0.0,9.837828403729851
682,683,41.0,0,1,4.45,43.0,2.0,1,19.2,0.0069253001333926,3.0,0.0,1.0,0.0,1.0,0.0,1.0,1.0,0.0,0.0,0.0,2.0,0.0,10.020870508171171
683,684,17.0,1,0,4.15,65.0,6.0,1,19.2,0.0028026338004389,4.0,0.0,0.0,1.0,2.0,1.0,2.0,1.0,2.0,2.0,1.0,2.0,0.0,11.25156070083582
684,685,27.0,0,0,4.55,32.0,2.0,1,16.0,0.008277430358158,4.0,0.0,0.0,1.0,0.0,0.0,0.0,1.0,0.0,0.0,0.0,2.0,1.0,9.775142686598905
685,686,41.0,1,0,4.55,55.0,2.0,1,22.4,0.0044498777506112,3.0,0.0,0.0,1.0,3.0,1.0,2.0,1.0,1.0,1.0,1.0,2.0,0.0,10.714217748749787
686,687,21.0,1,0,4.15,55.0,6.0,1,22.4,0.0059107851753083,4.0,0.0,0.0,1.0,3.0,1.0,2.0,3.0,1.0,1.0,1.0,1.0,1.0,10.404262840448617
687,688,26.0,1,0,4.0,55.0,2.0,1,22.4,0.0037825059101654,4.0,0.0,0.0,1.0,3.0,1.0,2.0,1.0,1.0,2.0,1.0,2.0,0.0,10.91492481446108
688,689,46.0,1,0,4.25,65.0,6.0,1,22.4,0.0040866170503278,4.0,0.0,0.0,1.0,2.0,1.0,2.0,3.0,1.0,1.0,1.0,1.0,0.0,10.858998997563564
689,690,26.0,1,0,4.75,65.0,2.0,1,22.4,0.0038289296909986,4.0,0.0,0.0,1.0,2.0,1.0,2.0,1.0,1.0,2.0,1.0,2.0,0.0,11.112313560992032
690,691,50.0,1,0,4.45,55.0,2.0,1,16.0,0.0072119523930108,4.0,1.0,0.0,0.0,3.0,1.0,2.0,0.0,1.0,3.0,1.0,2.0,0.0,10.583828076826626
691,692,26.0,1,0,4.0,55.0,2.0,1,19.2,0.0040008890864636,4.0,0.0,0.0,1.0,3.0,1.0,2.0,1.0,1.0,1.0,1.0,2.0,0.0,10.714217748749787
692,693,26.0,1,0,4.05,43.0,2.0,1,22.4,0.0051561079114883,4.0,0.0,1.0,0.0,4.0,1.0,2.0,1.0,2.0,1.0,0.0,2.0,0.0,10.403990075979044
693,694,26.0,1,0,4.0,43.0,2.0,1,19.2,0.0050589723227153,4.0,0.0,1.0,0.0,4.0,1.0,2.0,1.0,2.0,1.0,0.0,2.0,0.0,10.4341158035983
694,695,26.0,1,0,4.65,55.0,2.0,1,19.2,0.0045453512161854,3.0,0.0,1.0,0.0,3.0,1.0,2.0,1.0,2.0,1.0,1.0,2.0,0.0,10.69174034652358
695,696,26.0,0,1,4.15,32.0,2.0,1,16.0,0.0067501626545217,3.0,0.0,0.0,1.0,0.0,0.0,0.0,1.0,2.0,0.0,0.0,2.0,0.0,9.976691544794544
696,697,21.0,0,0,4.4,32.0,2.0,1,16.0,0.0149555146951455,4.0,0.0,0.0,1.0,0.0,0.0,0.0,1.0,1.0,0.0,0.0,2.0,1.0,9.121509158269568
697,698,26.0,1,0,4.25,43.0,2.0,1,19.2,0.0061553846684368,3.0,0.0,0.0,1.0,4.0,1.0,2.0,1.0,2.0,1.0,0.0,2.0,0.0,10.275051108968611
698,699,45.0,1,0,4.05,65.0,2.0,1,25.6,0.0037267453490698,3.0,0.0,0.0,1.0,2.0,1.0,2.0,2.0,1.0,1.0,1.0,2.0,0.0,10.819598268208338
699,700,41.0,1,0,4.2,65.0,6.0,1,19.2,0.0015635070563395,4.0,0.0,0.0,1.0,4.0,1.0,2.0,3.0,0.0,4.0,1.0,1.0,0.0,12.100606568745413
700,701,44.0,1,0,4.7,43.0,2.0,1,19.2,0.0036039339889981,4.0,0.0,0.0,1.0,4.0,1.0,2.0,1.0,1.0,1.0,0.0,2.0,0.0,11.001949829953112
701,702,41.0,1,0,4.35,43.0,2.0,1,19.2,0.0058454951717241,3.0,0.0,0.0,1.0,4.0,1.0,2.0,1.0,2.0,1.0,0.0,2.0,0.0,10.373491181781864
702,703,26.0,0,1,4.05,32.0,2.0,1,19.2,0.0047586535408066,3.0,0.0,0.0,1.0,1.0,0.0,1.0,1.0,1.0,0.0,0.0,2.0,0.0,10.357457069703909
703,704,44.0,1,0,4.6,65.0,2.0,1,22.4,0.0033124416588878,4.0,0.0,0.0,1.0,2.0,1.0,2.0,1.0,1.0,2.0,1.0,2.0,0.0,11.225123385317872
704,705,26.0,0,0,4.15,32.0,2.0,1,16.0,0.0111348803480783,3.0,0.0,1.0,0.0,0.0,0.0,0.0,1.0,0.0,0.0,0.0,2.0,0.0,9.531771484474335
705,706,56.0,0,0,4.15,32.0,2.0,1,16.0,0.0117593132761063,4.0,0.0,0.0,1.0,0.0,0.0,0.0,1.0,0.0,0.0,0.0,2.0,0.0,9.392661928770137
706,707,41.0,1,0,4.05,43.0,2.0,1,22.4,0.00486,4.0,1.0,0.0,0.0,4.0,1.0,2.0,1.0,2.0,1.0,0.0,2.0,0.0,10.463131911491969
707,708,41.0,1,0,4.3,65.0,6.0,1,19.2,0.0023184624749978,4.0,0.0,0.0,1.0,2.0,1.0,2.0,3.0,1.0,3.0,1.0,1.0,0.0,11.65260914341328
708,709,41.0,1,0,4.0,55.0,6.0,1,19.2,0.0040007274049827,4.0,0.0,0.0,1.0,3.0,1.0,2.0,1.0,1.0,2.0,1.0,2.0,0.0,10.91492481446108
709,710,41.0,1,0,4.1,65.0,6.0,1,19.2,0.0018609123778752,4.0,0.0,0.0,1.0,2.0,1.0,2.0,3.0,1.0,3.0,1.0,1.0,0.0,11.775220496271928
710,711,41.0,1,0,4.25,55.0,2.0,1,22.4,0.0040661013263752,4.0,1.0,0.0,0.0,3.0,1.0,2.0,1.0,1.0,1.0,1.0,2.0,0.0,10.736201004154935
711,712,41.0,1,0,4.25,75.0,2.0,1,25.6,0.0025502684493104,3.0,0.0,0.0,1.0,1.0,1.0,2.0,1.0,1.0,3.0,1.0,2.0,0.0,11.461537429252754
712,713,15.0,1,0,4.25,50.0,2.0,1,25.6,0.0066302652106084,4.0,1.0,0.0,0.0,4.0,1.0,2.0,2.0,0.0,0.0,1.0,2.0,1.0,10.126631103850338
713,714,46.0,1,0,4.25,54.72,2.0,1,22.4,0.0058953514629504,4.0,0.0,0.0,1.0,3.0,1.0,2.0,3.0,1.0,1.0,1.0,1.0,0.0,10.341742483467284
714,715,48.0,0,0,4.75,32.0,2.0,0,16.0,0.012856949519556,3.0,0.0,0.0,1.0,0.0,0.0,0.0,1.0,0.0,0.0,0.0,2.0,2.0,9.121509158269568
715,716,26.0,1,0,4.65,65.0,2.0,1,19.2,0.0035212173167595,4.0,0.0,0.0,1.0,2.0,1.0,2.0,1.0,1.0,2.0,1.0,2.0,0.0,11.15612194133691
716,717,26.0,1,0,4.6,55.0,5.0,1,32.0,0.0032714746082898,4.0,0.0,0.0,1.0,3.0,1.0,2.0,3.0,1.0,3.0,1.0,1.0,0.0,11.40746494431207
717,718,15.0,0,1,4.7,43.0,2.0,1,19.2,0.0130163858758366,4.0,0.0,0.0,1.0,1.0,0.0,1.0,2.0,0.0,0.0,0.0,2.0,1.0,9.472704636443671
718,719,41.0,1,0,4.4,55.0,6.0,1,25.6,0.0041806967827971,4.0,0.0,0.0,1.0,3.0,1.0,2.0,1.0,1.0,3.0,1.0,2.0,0.0,11.001949829953112
719,720,41.0,1,0,4.0,50.0,6.0,1,19.2,0.0038552464084378,4.0,0.0,0.0,1.0,4.0,1.0,2.0,1.0,1.0,2.0,1.0,2.0,0.0,10.91492481446108
720,721,41.0,1,0,4.05,65.0,2.0,1,19.2,0.0030885110638829,4.0,0.0,0.0,1.0,2.0,1.0,2.0,1.0,1.0,3.0,1.0,2.0,0.0,11.28966940732742
721,722,41.0,1,0,4.75,65.0,6.0,1,19.2,0.0025610922688929,4.0,0.0,0.0,1.0,2.0,1.0,2.0,3.0,1.0,3.0,1.0,1.0,0.0,11.65260914341328
722,723,41.0,1,0,4.65,55.0,6.0,1,22.4,0.003472462995066,4.0,0.0,0.0,1.0,3.0,1.0,2.0,3.0,1.0,2.0,1.0,1.0,0.0,11.225123385317872
723,724,41.0,1,0,4.45,43.0,2.0,1,19.2,0.0056295969402765,3.0,0.0,0.0,1.0,4.0,1.0,2.0,1.0,2.0,1.0,0.0,2.0,0.0,10.43385106267516
724,725,41.0,1,0,4.1,75.0,2.0,1,22.4,0.0025513945993999,4.0,0.0,0.0,1.0,1.0,1.0,2.0,1.0,1.0,2.0,1.0,2.0,0.0,11.40746494431207
725,726,41.0,1,0,4.3,55.0,2.0,1,19.2,0.0044964764719254,3.0,0.0,0.0,1.0,3.0,1.0,2.0,1.0,1.0,1.0,1.0,2.0,0.0,10.69174034652358
726,727,41.0,1,0,4.25,43.0,2.0,1,19.2,0.0055395574416489,3.0,0.0,0.0,1.0,4.0,1.0,2.0,1.0,2.0,1.0,0.0,2.0,0.0,10.403990075979044
727,728,11.0,0,0,4.35,32.0,2.0,1,16.0,0.0149555146951455,4.0,0.0,0.0,1.0,0.0,0.0,0.0,1.0,2.0,0.0,0.0,2.0,2.0,9.210340371976184
728,729,26.0,1,0,4.75,65.0,2.0,1,22.4,0.0041167352789213,4.0,0.0,0.0,1.0,2.0,1.0,2.0,1.0,1.0,2.0,1.0,2.0,0.0,11.002099841204238
729,730,41.0,1,0,4.35,43.0,2.0,1,19.2,0.0055030891438658,4.0,0.0,0.0,1.0,4.0,1.0,2.0,1.0,1.0,1.0,0.0,2.0,0.0,10.43385106267516
730,731,41.0,0,0,4.15,32.0,2.0,0,16.0,0.0060018406521167,3.0,0.0,0.0,1.0,0.0,0.0,0.0,1.0,0.0,0.0,0.0,2.0,0.0,9.62990560446313
731,732,56.0,1,0,4.35,55.0,2.0,1,25.6,0.0052930668461657,4.0,0.0,0.0,1.0,3.0,1.0,2.0,1.0,1.0,1.0,1.0,2.0,0.0,10.561706792794787
732,733,41.0,0,0,4.4,32.0,2.0,1,16.0,0.0060624916662962,3.0,0.0,0.0,1.0,0.0,0.0,0.0,0.0,0.0,0.0,0.0,2.0,0.0,10.021270588192513
733,734,26.0,0,1,4.05,43.0,2.0,1,19.2,0.0045889018012783,3.0,0.0,0.0,1.0,1.0,0.0,1.0,1.0,0.0,0.0,0.0,2.0,0.0,10.446422122219738
734,735,26.0,1,0,4.25,75.0,2.0,1,16.0,0.0020060160481283,4.0,0.0,0.0,1.0,1.0,1.0,2.0,1.0,1.0,3.0,1.0,2.0,0.0,11.736069016284436
735,736,41.0,1,0,4.05,55.0,6.0,1,28.8,0.0017895487561919,4.0,0.0,0.0,1.0,3.0,1.0,2.0,3.0,1.0,3.0,1.0,1.0,0.0,11.76756768334381
736,737,40.0,0,1,4.6,32.0,2.0,1,19.2,0.0149555146951455,4.0,0.0,0.0,1.0,1.0,0.0,1.0,1.0,0.0,0.0,0.0,2.0,2.0,9.121509158269568
737,738,56.0,0,0,4.35,32.0,2.0,1,16.0,0.0113777982921763,4.0,0.0,0.0,1.0,0.0,0.0,0.0,1.0,0.0,0.0,0.0,2.0,0.0,9.472704636443671
738,739,26.0,1,0,4.6,65.0,2.0,1,19.2,0.002811142346026,4.0,0.0,0.0,1.0,2.0,1.0,2.0,1.0,1.0,2.0,1.0,2.0,0.0,11.407564949312402
739,740,27.0,1,0,4.45,43.0,6.0,1,19.2,0.0071575929228294,4.0,0.0,0.0,1.0,4.0,1.0,2.0,1.0,1.0,1.0,0.0,2.0,1.0,10.261161996807944
740,741,20.0,1,0,4.45,55.0,2.0,1,22.4,0.0063573244949855,3.0,0.0,0.0,1.0,3.0,1.0,2.0,1.0,1.0,1.0,1.0,2.0,0.0,10.46310334047155
741,742,26.0,1,0,4.25,75.0,2.0,1,22.4,0.0028625369935707,3.0,0.0,1.0,0.0,1.0,1.0,2.0,1.0,2.0,3.0,1.0,2.0,0.0,11.492630916700763
742,743,45.0,1,0,4.75,75.0,6.0,1,16.0,0.0039192399049881,3.0,1.0,0.0,0.0,1.0,1.0,2.0,1.0,1.0,3.0,1.0,2.0,0.0,11.28966940732742
743,744,42.0,0,1,4.2,43.0,2.0,1,19.2,0.0068278449353897,4.0,1.0,0.0,0.0,1.0,0.0,1.0,1.0,2.0,0.0,0.0,2.0,1.0,10.085434039
744,745,41.0,1,0,4.1,50.0,2.0,1,25.6,0.0051840144502144,3.0,0.0,1.0,0.0,4.0,1.0,2.0,2.0,1.0,2.0,1.0,2.0,0.0,10.698536775122504
745,746,41.0,1,0,4.1,65.0,3.0,1,41.6,0.0015422524797397,4.0,0.0,1.0,0.0,2.0,1.0,2.0,3.0,2.0,4.0,1.0,0.0,0.0,12.345797413264954
746,747,41.0,1,0,4.55,65.0,2.0,1,28.8,0.0036944193839412,3.0,0.0,1.0,0.0,2.0,1.0,2.0,2.0,1.0,3.0,1.0,2.0,0.0,11.25920672006374
747,748,41.0,1,0,4.4,43.0,6.0,1,19.2,0.0044411818682327,4.0,0.0,1.0,0.0,4.0,1.0,2.0,1.0,1.0,2.0,0.0,2.0,0.0,10.90579082939994
748,749,41.0,1,0,4.4,65.0,2.0,1,28.8,0.004190542707027,3.0,0.0,0.0,1.0,2.0,1.0,2.0,2.0,1.0,3.0,1.0,2.0,0.0,11.05089000537367
749,750,41.0,1,0,4.25,43.0,2.0,1,22.4,0.0058173203474598,3.0,0.0,1.0,0.0,4.0,1.0,2.0,2.0,1.0,2.0,0.0,2.0,0.0,10.54510456855174
750,751,45.0,1,0,4.6,65.0,6.0,1,32.0,0.0047353637553493,3.0,0.0,0.0,1.0,2.0,1.0,2.0,2.0,2.0,4.0,1.0,1.0,0.0,11.127262984158245
751,752,48.0,0,1,4.75,43.0,2.0,1,19.2,0.0089805462958356,4.0,0.0,0.0,1.0,1.0,0.0,1.0,1.0,1.0,0.0,0.0,2.0,2.0,9.908475094047168
752,753,17.0,0,0,4.7,32.0,6.0,1,16.0,0.0134295306807629,4.0,0.0,0.0,1.0,0.0,0.0,0.0,1.0,2.0,1.0,0.0,2.0,0.0,9.546812608597396
753,754,26.0,1,0,4.45,65.0,2.0,1,19.2,0.0037903558181068,3.0,0.0,1.0,0.0,2.0,1.0,2.0,1.0,1.0,3.0,1.0,2.0,0.0,11.19534760016878
754,755,26.0,1,0,4.15,65.0,2.0,1,25.6,0.0036007882468859,3.0,1.0,0.0,0.0,2.0,1.0,2.0,1.0,1.0,3.0,1.0,2.0,0.0,11.127262984158245
755,756,13.0,0,0,4.0,32.0,2.0,1,16.0,0.0115641215715344,4.0,0.0,1.0,0.0,0.0,0.0,0.0,1.0,0.0,0.0,0.0,2.0,1.0,9.509778075438817
756,757,37.0,0,1,4.55,43.0,2.0,1,19.2,0.0087264258641947,4.0,0.0,0.0,1.0,1.0,0.0,1.0,2.0,0.0,1.0,0.0,2.0,0.0,9.994241915804592
757,758,47.0,1,0,4.25,43.0,2.0,1,25.6,0.0074401571989996,4.0,1.0,0.0,0.0,4.0,1.0,2.0,2.0,0.0,1.0,0.0,2.0,0.0,10.239638308916676
758,759,17.0,1,0,4.2,65.0,2.0,1,22.4,0.0047049409881976,4.0,1.0,0.0,0.0,2.0,1.0,2.0,2.0,1.0,2.0,1.0,2.0,0.0,10.819598268208338
759,760,41.0,1,0,4.65,65.0,6.0,1,19.2,0.0032635283675133,4.0,1.0,0.0,0.0,2.0,1.0,2.0,1.0,1.0,4.0,1.0,2.0,0.0,11.48133159337905
760,761,47.0,1,0,4.55,50.0,2.0,1,22.4,0.007253829321663,4.0,1.0,0.0,0.0,4.0,1.0,2.0,2.0,0.0,2.0,1.0,2.0,0.0,10.373209892223665
761,762,41.0,1,0,4.5,75.0,2.0,1,22.4,0.0034659156224853,3.0,1.0,0.0,0.0,1.0,1.0,2.0,1.0,1.0,4.0,1.0,2.0,0.0,11.373559944009717
762,763,41.0,1,0,4.5,55.0,5.0,1,41.6,0.0020387866732968,4.0,0.0,1.0,0.0,3.0,1.0,2.0,3.0,2.0,4.0,1.0,0.0,0.0,12.10620258525479
763,764,41.0,1,0,4.25,75.0,2.0,1,22.4,0.0027783198360815,3.0,0.0,1.0,0.0,1.0,1.0,2.0,1.0,1.0,4.0,1.0,2.0,0.0,11.537530268827478
764,765,41.0,1,0,4.55,55.0,5.0,1,38.4,0.0031597514791803,4.0,0.0,0.0,1.0,3.0,1.0,2.0,1.0,1.0,4.0,1.0,2.0,0.0,11.589886506106357
765,766,41.0,1,0,4.55,65.0,5.0,1,41.6,0.0017373516978044,4.0,1.0,0.0,0.0,2.0,1.0,2.0,3.0,2.0,4.0,1.0,0.0,0.0,12.30134191540679
766,767,41.0,1,0,4.4,77.0,6.0,1,44.8,0.0015422524797397,4.0,0.0,1.0,0.0,1.0,1.0,2.0,2.0,2.0,4.0,0.0,2.0,0.0,12.345797413264954
767,768,41.0,1,0,4.2,65.0,6.0,1,19.2,0.0022177774221937,4.0,0.0,1.0,0.0,2.0,1.0,2.0,1.0,1.0,3.0,1.0,2.0,0.0,11.735997013692314
768,769,47.0,0,1,4.35,43.0,6.0,1,19.2,0.0078331332533013,4.0,1.0,0.0,0.0,1.0,0.0,1.0,1.0,2.0,1.0,0.0,2.0,0.0,10.126271039034782
769,770,17.0,1,0,4.15,55.0,2.0,1,22.4,0.0062267296471242,4.0,1.0,0.0,0.0,3.0,1.0,2.0,2.0,1.0,2.0,1.0,2.0,0.0,10.491024186183038
770,771,31.0,0,1,4.3,43.0,6.0,1,19.2,0.0087915018445264,4.0,0.0,0.0,1.0,1.0,0.0,1.0,3.0,0.0,1.0,0.0,1.0,0.0,10.021270588192513
771,772,13.0,1,0,4.65,55.0,6.0,1,32.0,0.0063122171945701,4.0,0.0,1.0,0.0,3.0,1.0,2.0,1.0,1.0,3.0,1.0,2.0,1.0,10.645210588588755
772,773,12.0,1,0,4.35,75.0,4.0,1,32.0,0.0046899170299535,4.0,1.0,0.0,0.0,1.0,1.0,2.0,3.0,1.0,4.0,1.0,1.0,1.0,11.06663836234181
773,774,3.0,0,0,4.4,32.0,2.0,1,16.0,0.011864406779661,4.0,0.0,0.0,1.0,0.0,0.0,0.0,1.0,0.0,0.0,0.0,2.0,2.0,9.471242028892997
774,775,34.0,1,0,4.55,55.0,6.0,1,22.4,0.0063426164429225,4.0,1.0,0.0,0.0,3.0,1.0,2.0,1.0,1.0,1.0,1.0,2.0,1.0,10.404262840448617
775,776,41.0,1,0,4.0,77.0,6.0,1,38.4,0.0015422524797397,3.0,0.0,1.0,0.0,1.0,1.0,2.0,1.0,2.0,4.0,0.0,2.0,0.0,12.345797413264954
776,777,10.0,1,0,4.0,55.0,2.0,1,19.2,0.0067453625632377,4.0,0.0,0.0,1.0,3.0,1.0,2.0,1.0,1.0,1.0,1.0,2.0,2.0,10.146433731146518
777,778,10.0,0,1,4.2,43.0,2.0,1,19.2,0.0100806720448029,4.0,0.0,0.0,1.0,1.0,0.0,1.0,1.0,1.0,0.0,0.0,2.0,2.0,9.615805480084347
778,779,16.0,0,1,4.5,43.0,2.0,1,19.2,0.0065048183839881,4.0,0.0,0.0,1.0,1.0,0.0,1.0,1.0,1.0,0.0,0.0,2.0,0.0,10.202888193567093
779,780,37.0,1,0,4.3,77.0,6.0,1,32.0,0.0031754171837659,4.0,0.0,0.0,1.0,1.0,1.0,2.0,2.0,1.0,4.0,0.0,2.0,0.0,11.487607656985938
780,781,37.0,1,0,4.45,65.0,6.0,1,32.0,0.0059001325872491,4.0,0.0,0.0,1.0,2.0,1.0,2.0,3.0,1.0,3.0,1.0,1.0,0.0,10.703244468154333
781,782,34.0,1,0,4.6,43.0,6.0,1,25.6,0.0082736789093132,4.0,0.0,0.0,1.0,4.0,1.0,2.0,1.0,1.0,1.0,0.0,2.0,1.0,10.232791299678729
782,783,34.0,1,0,4.75,43.0,2.0,1,22.4,0.0087833503151062,3.0,0.0,0.0,1.0,4.0,1.0,2.0,1.0,1.0,1.0,0.0,2.0,1.0,10.184900011974314
783,784,34.0,1,0,4.35,50.0,6.0,1,22.4,0.0069602141604357,4.0,0.0,0.0,1.0,4.0,1.0,2.0,1.0,1.0,2.0,1.0,2.0,1.0,10.388995368317827
784,785,37.0,0,0,4.6,32.0,6.0,1,16.0,0.0149555146951455,4.0,0.0,0.0,1.0,0.0,0.0,0.0,1.0,0.0,0.0,0.0,2.0,0.0,9.323669057283183
785,786,40.0,1,0,4.45,43.0,2.0,1,25.6,0.0078936596015646,4.0,0.0,0.0,1.0,4.0,1.0,2.0,2.0,0.0,0.0,0.0,2.0,2.0,9.99820664859396
786,787,40.0,0,1,4.55,43.0,2.0,0,19.2,0.0071891294043292,3.0,0.0,0.0,1.0,1.0,0.0,1.0,2.0,1.0,0.0,0.0,2.0,2.0,9.851562479671207
787,788,40.0,1,0,4.75,55.0,2.0,0,25.6,0.0053910176728098,3.0,0.0,0.0,1.0,3.0,1.0,2.0,2.0,0.0,1.0,1.0,2.0,2.0,10.518862362921531
788,789,54.0,0,1,4.5,43.0,2.0,1,19.2,0.0085267645665561,4.0,0.0,0.0,1.0,1.0,0.0,1.0,2.0,1.0,0.0,0.0,2.0,1.0,9.852194258148575
789,790,54.0,1,0,4.35,65.0,2.0,1,16.0,0.0054376235823541,4.0,0.0,0.0,1.0,2.0,1.0,2.0,3.0,1.0,2.0,1.0,1.0,1.0,10.691944912900398
790,791,54.0,1,0,4.4,50.0,6.0,1,22.4,0.0064707785523103,4.0,0.0,0.0,1.0,4.0,1.0,2.0,3.0,1.0,1.0,1.0,0.0,1.0,10.4341158035983
791,792,54.0,1,0,4.5,55.0,6.0,1,22.4,0.0060396326219111,4.0,0.0,0.0,1.0,3.0,1.0,2.0,3.0,1.0,2.0,1.0,0.0,1.0,10.545341438708522
792,793,54.0,1,0,4.25,43.0,6.0,1,22.4,0.0078464556329089,4.0,1.0,0.0,0.0,4.0,1.0,2.0,3.0,1.0,1.0,0.0,0.0,1.0,10.16585181700362
793,794,8.0,0,0,4.0,32.0,6.0,1,16.0,0.0139501487332034,4.0,0.0,0.0,1.0,0.0,0.0,0.0,3.0,0.0,0.0,0.0,1.0,1.0,9.185022563991891
794,795,46.0,0,0,4.05,32.0,6.0,0,16.0,0.0128782439224535,3.0,0.0,0.0,1.0,0.0,0.0,0.0,3.0,0.0,0.0,0.0,1.0,0.0,9.185022563991891
795,796,31.0,1,0,4.55,65.0,6.0,1,32.0,0.0063080979113161,4.0,0.0,0.0,1.0,2.0,1.0,2.0,3.0,1.0,3.0,1.0,1.0,0.0,10.691944912900398
796,797,37.0,1,0,4.35,55.0,2.0,1,32.0,0.0065252039126222,4.0,0.0,0.0,1.0,3.0,1.0,2.0,2.0,1.0,1.0,1.0,2.0,0.0,10.373491181781864
797,798,31.0,1,0,4.15,55.0,6.0,1,32.0,0.0074199218158126,4.0,0.0,0.0,1.0,3.0,1.0,2.0,3.0,1.0,3.0,1.0,1.0,0.0,10.404262840448617
798,799,37.0,1,0,4.5,65.0,2.0,1,32.0,0.0054001270618132,4.0,0.0,0.0,1.0,2.0,1.0,2.0,2.0,1.0,2.0,1.0,2.0,0.0,10.657259354912508
799,800,16.0,1,0,4.3,65.0,2.0,1,32.0,0.0039097371466358,4.0,1.0,0.0,0.0,2.0,1.0,2.0,1.0,1.0,2.0,1.0,2.0,0.0,11.010249872622438
800,801,16.0,1,0,4.3,55.0,2.0,1,32.0,0.0052856109906001,4.0,1.0,0.0,0.0,3.0,1.0,2.0,1.0,1.0,2.0,1.0,2.0,0.0,10.63323181522976
801,802,13.0,1,0,4.55,50.0,2.0,1,16.0,0.0078027867095391,4.0,0.0,1.0,0.0,4.0,1.0,2.0,1.0,1.0,1.0,1.0,2.0,1.0,10.239638308916676
802,803,51.0,1,0,4.75,55.0,6.0,1,16.0,0.0082336077869262,4.0,0.0,0.0,1.0,3.0,1.0,2.0,3.0,1.0,2.0,1.0,1.0,0.0,10.308952660644293
803,804,31.0,0,1,4.05,43.0,6.0,1,19.2,0.0072003200142228,4.0,0.0,0.0,1.0,1.0,0.0,1.0,3.0,0.0,1.0,0.0,1.0,0.0,10.021270588192513
804,805,13.0,0,1,4.75,32.0,2.0,0,16.0,0.0117491166077738,3.0,0.0,1.0,0.0,0.0,0.0,0.0,1.0,0.0,0.0,0.0,2.0,1.0,9.121509158269568
805,806,13.0,1,0,4.15,43.0,2.0,0,16.0,0.0074385160483534,3.0,0.0,1.0,0.0,4.0,1.0,2.0,1.0,1.0,1.0,0.0,2.0,1.0,10.085434039
806,807,37.0,1,0,4.2,55.0,6.0,1,25.6,0.0068854716548083,4.0,0.0,0.0,1.0,3.0,1.0,2.0,2.0,0.0,1.0,1.0,2.0,0.0,10.325481962595504
807,808,13.0,1,0,4.15,55.0,6.0,1,25.6,0.0056096242227629,4.0,0.0,1.0,0.0,3.0,1.0,2.0,1.0,1.0,1.0,1.0,2.0,1.0,10.518429918794682
808,809,17.0,1,0,4.4,55.0,2.0,1,16.0,0.0057632769707073,4.0,0.0,0.0,1.0,3.0,1.0,2.0,3.0,1.0,2.0,1.0,1.0,0.0,10.645210588588755
809,810,16.0,1,0,4.55,65.0,4.0,1,44.8,0.0034342862534201,4.0,1.0,0.0,0.0,2.0,1.0,2.0,3.0,2.0,4.0,1.0,1.0,0.0,11.571109463829137
810,811,26.0,1,0,4.6,55.0,4.0,1,38.4,0.0040894081788163,4.0,1.0,0.0,0.0,3.0,1.0,2.0,1.0,1.0,4.0,1.0,2.0,0.0,11.273919264442483
811,812,34.0,1,0,4.45,43.0,2.0,1,22.4,0.007812436206263,4.0,0.0,0.0,1.0,4.0,1.0,2.0,1.0,1.0,1.0,0.0,2.0,1.0,10.106183468581232
812,813,52.0,1,0,4.45,43.0,6.0,0,32.0,0.0077902822436584,3.0,0.0,0.0,1.0,4.0,1.0,2.0,3.0,1.0,1.0,0.0,1.0,2.0,10.239638308916676
813,814,42.0,1,0,4.0,55.0,2.0,1,16.0,0.0053347559349159,4.0,0.0,0.0,1.0,3.0,1.0,2.0,1.0,1.0,1.0,1.0,2.0,1.0,10.531856183153891
814,815,34.0,1,0,4.75,55.0,4.0,1,19.2,0.0057397029104773,4.0,1.0,0.0,0.0,3.0,1.0,2.0,1.0,1.0,3.0,1.0,2.0,1.0,10.778956289890028
815,816,24.0,1,0,4.45,65.0,6.0,1,22.4,0.0055379008422409,4.0,0.0,0.0,1.0,2.0,1.0,2.0,3.0,1.0,2.0,1.0,0.0,1.0,10.714417768752456
816,817,16.0,1,0,4.15,65.0,2.0,1,22.4,0.0032244999173417,4.0,0.0,0.0,1.0,2.0,1.0,2.0,1.0,1.0,1.0,1.0,2.0,0.0,11.010249872622438
817,818,24.0,1,0,4.35,75.0,6.0,1,25.6,0.0040154463914829,4.0,0.0,0.0,1.0,1.0,1.0,2.0,3.0,1.0,3.0,1.0,0.0,1.0,11.082142548877776
818,819,50.0,1,0,4.5,75.0,6.0,1,16.0,0.0036862094277598,4.0,0.0,0.0,1.0,1.0,1.0,2.0,1.0,2.0,4.0,1.0,2.0,0.0,11.451050061252142
819,820,42.0,0,1,4.5,43.0,2.0,1,19.2,0.0066691367173027,4.0,1.0,0.0,0.0,1.0,0.0,1.0,1.0,0.0,1.0,0.0,2.0,1.0,10.203258756085228
820,821,42.0,1,0,4.3,77.0,6.0,1,32.0,0.0015422524797397,4.0,1.0,0.0,0.0,1.0,1.0,2.0,3.0,2.0,4.0,0.0,1.0,1.0,12.345797413264954
821,822,26.0,0,0,4.05,32.0,2.0,1,16.0,0.0087151898734177,3.0,0.0,0.0,1.0,0.0,0.0,0.0,0.0,0.0,0.0,0.0,2.0,0.0,9.6678285081515
822,823,0.0,1,0,4.75,50.0,6.0,1,16.0,0.0093306903817993,4.0,1.0,0.0,0.0,4.0,1.0,2.0,3.0,1.0,2.0,1.0,1.0,0.0,10.23995978915734
823,824,14.0,1,0,4.7,43.0,2.0,1,16.0,0.0077850539291217,4.0,0.0,0.0,1.0,4.0,1.0,2.0,1.0,1.0,1.0,0.0,2.0,2.0,10.164350690877352
824,825,13.0,0,0,4.65,65.0,6.0,1,32.0,0.0046507882691981,4.0,0.0,1.0,0.0,2.0,1.0,2.0,3.0,1.0,3.0,1.0,1.0,1.0,10.985140168879203
825,826,0.0,1,0,4.3,65.0,2.0,1,16.0,0.0054728516557194,4.0,0.0,0.0,1.0,2.0,1.0,2.0,3.0,1.0,2.0,1.0,1.0,0.0,10.691944912900398
826,827,0.0,1,0,4.4,55.0,2.0,1,16.0,0.0076647633794638,4.0,1.0,0.0,0.0,3.0,1.0,2.0,3.0,1.0,2.0,1.0,1.0,0.0,10.341742483467284
827,828,54.0,1,0,4.15,43.0,2.0,1,16.0,0.0099199960973706,4.0,1.0,0.0,0.0,4.0,1.0,2.0,2.0,1.0,1.0,0.0,2.0,1.0,9.9281801651265
828,829,47.0,1,0,4.15,77.0,6.0,1,16.0,0.0015422524797397,4.0,1.0,0.0,0.0,1.0,1.0,2.0,3.0,1.0,4.0,0.0,1.0,0.0,12.345797413264954
829,830,30.0,0,0,4.1,32.0,6.0,1,16.0,0.0102507321951567,4.0,0.0,0.0,1.0,0.0,0.0,0.0,1.0,2.0,0.0,0.0,2.0,2.0,9.546812608597396
830,831,45.0,1,0,4.4,77.0,4.0,1,44.8,0.0015422524797397,3.0,0.0,1.0,0.0,1.0,1.0,2.0,1.0,2.0,4.0,0.0,2.0,0.0,12.345797413264954
831,832,30.0,0,1,4.25,43.0,6.0,1,19.2,0.0050765299036084,4.0,0.0,0.0,1.0,1.0,0.0,1.0,1.0,0.0,1.0,0.0,2.0,2.0,10.491274217438248
832,833,47.0,1,0,4.2,75.0,6.0,1,28.8,0.0035768203460689,4.0,1.0,0.0,0.0,1.0,1.0,2.0,3.0,1.0,3.0,1.0,1.0,0.0,11.258033215341438
833,834,31.0,1,0,4.35,75.0,6.0,1,32.0,0.0042119716185971,4.0,0.0,0.0,1.0,1.0,1.0,2.0,2.0,1.0,3.0,1.0,2.0,0.0,11.05089000537367
834,835,30.0,1,0,4.25,43.0,6.0,1,32.0,0.0093503740149605,4.0,0.0,0.0,1.0,4.0,1.0,2.0,2.0,1.0,2.0,0.0,2.0,2.0,10.126631103850338
835,836,30.0,1,0,4.15,65.0,2.0,1,32.0,0.0039277487097983,4.0,0.0,0.0,1.0,2.0,1.0,2.0,2.0,1.0,2.0,1.0,2.0,2.0,10.933106969717286
836,837,30.0,1,0,4.35,65.0,6.0,1,32.0,0.0047125785429757,4.0,0.0,0.0,1.0,2.0,1.0,2.0,2.0,1.0,3.0,1.0,2.0,2.0,11.002099841204238
837,838,30.0,1,0,4.3,55.0,2.0,1,32.0,0.0058529403594544,4.0,0.0,0.0,1.0,3.0,1.0,2.0,2.0,0.0,1.0,1.0,2.0,2.0,10.491274217438248
838,839,42.0,1,0,4.05,65.0,6.0,1,32.0,0.0045007693622841,4.0,1.0,0.0,0.0,2.0,1.0,2.0,2.0,1.0,3.0,1.0,2.0,1.0,10.976628175230568
839,840,8.0,1,0,4.05,50.0,6.0,1,16.0,0.0072902916116644,4.0,0.0,0.0,1.0,4.0,1.0,2.0,3.0,1.0,1.0,1.0,1.0,1.0,10.126631103850338
840,841,8.0,1,0,4.05,55.0,6.0,1,16.0,0.006424359460671,4.0,0.0,0.0,1.0,3.0,1.0,2.0,3.0,1.0,1.0,1.0,1.0,1.0,10.275051108968611
841,842,45.0,1,0,4.65,65.0,6.0,1,16.0,0.0046500715395621,4.0,0.0,0.0,1.0,2.0,1.0,2.0,1.0,1.0,3.0,1.0,2.0,0.0,11.082142548877776
842,843,45.0,1,0,4.3,75.0,6.0,1,16.0,0.0028810288102881,4.0,0.0,0.0,1.0,1.0,1.0,2.0,1.0,1.0,4.0,1.0,2.0,0.0,11.512925464970229
843,844,46.0,1,0,4.75,55.0,6.0,1,16.0,0.0078038501375049,4.0,0.0,0.0,1.0,3.0,1.0,2.0,3.0,1.0,1.0,1.0,1.0,0.0,10.23995978915734
844,845,32.0,0,1,4.45,43.0,2.0,1,19.2,0.0082329116455822,4.0,0.0,0.0,1.0,1.0,0.0,1.0,2.0,2.0,0.0,0.0,2.0,2.0,9.903487552536127
845,846,9.0,0,0,4.6,32.0,2.0,1,16.0,0.0114171337069655,4.0,0.0,0.0,1.0,0.0,0.0,0.0,1.0,1.0,0.0,0.0,2.0,2.0,9.43276366396591
846,847,35.0,1,0,4.6,55.0,2.0,1,16.0,0.0052277210738485,4.0,0.0,0.0,1.0,3.0,1.0,2.0,1.0,1.0,2.0,1.0,2.0,0.0,10.750149496485612
847,848,43.0,0,0,4.1,32.0,2.0,1,16.0,0.0149555146951455,4.0,0.0,0.0,1.0,0.0,0.0,0.0,1.0,1.0,0.0,0.0,2.0,2.0,9.121509158269568
848,849,13.0,1,0,4.55,50.0,2.0,1,32.0,0.0072824274758252,4.0,0.0,1.0,0.0,4.0,1.0,2.0,1.0,1.0,1.0,1.0,2.0,1.0,10.30865261563529
849,850,42.0,0,0,4.6,32.0,6.0,1,16.0,0.0136573169778888,4.0,0.0,0.0,1.0,0.0,0.0,0.0,1.0,0.0,0.0,0.0,2.0,1.0,9.457200449907708
850,851,12.0,0,1,4.65,50.0,2.0,1,19.2,0.0070763946258532,4.0,0.0,0.0,1.0,0.0,0.0,1.0,1.0,1.0,0.0,1.0,2.0,1.0,10.043249494911286
851,852,32.0,0,0,4.2,32.0,6.0,1,16.0,0.0133011084257021,4.0,0.0,0.0,1.0,0.0,0.0,0.0,2.0,2.0,0.0,0.0,2.0,2.0,9.392661928770137
852,853,42.0,1,0,4.1,75.0,6.0,1,32.0,0.003310037353898,4.0,1.0,0.0,0.0,1.0,1.0,2.0,2.0,1.0,4.0,1.0,2.0,1.0,11.326487447164432
853,854,42.0,0,1,4.35,43.0,2.0,1,19.2,0.0079301911960871,4.0,0.0,0.0,1.0,1.0,0.0,1.0,1.0,0.0,1.0,0.0,2.0,1.0,10.020870508171171
854,855,42.0,0,1,4.25,43.0,2.0,1,19.2,0.0069577080491132,4.0,1.0,0.0,0.0,1.0,0.0,1.0,1.0,1.0,0.0,0.0,2.0,1.0,9.998388557730848
855,856,42.0,0,1,4.55,43.0,2.0,1,32.0,0.0069058295964125,4.0,1.0,0.0,0.0,1.0,0.0,1.0,2.0,1.0,1.0,0.0,2.0,1.0,10.274740715974104
856,857,45.0,1,0,4.75,75.0,6.0,1,44.8,0.0028500219232455,4.0,0.0,0.0,1.0,1.0,1.0,2.0,1.0,2.0,4.0,1.0,2.0,0.0,11.77528972943772
857,858,32.0,0,0,4.45,32.0,2.0,1,16.0,0.0110448358686949,4.0,0.0,0.0,1.0,0.0,0.0,0.0,1.0,1.0,0.0,0.0,2.0,2.0,9.43276366396591
858,859,35.0,1,0,4.5,43.0,2.0,1,16.0,0.0073953634742473,4.0,0.0,0.0,1.0,4.0,1.0,2.0,1.0,1.0,1.0,0.0,2.0,0.0,10.261161996807944
859,860,8.0,0,0,4.35,32.0,6.0,1,16.0,0.0149555146951455,4.0,0.0,0.0,1.0,0.0,0.0,0.0,3.0,0.0,0.0,0.0,1.0,1.0,9.121509158269568
860,861,26.0,1,0,4.0,77.0,4.0,1,44.8,0.0015422524797397,4.0,0.0,1.0,0.0,1.0,1.0,2.0,3.0,2.0,4.0,0.0,1.0,0.0,12.345797413264954
861,862,42.0,0,0,4.6,32.0,2.0,1,16.0,0.0115092816787732,4.0,1.0,0.0,0.0,0.0,0.0,0.0,1.0,1.0,0.0,0.0,2.0,1.0,9.424725681616492
862,863,17.0,1,0,4.45,58.0,2.0,1,25.6,0.0058568044222163,4.0,0.0,0.0,1.0,2.0,1.0,2.0,1.0,1.0,1.0,1.0,2.0,0.0,10.54510456855174
863,864,42.0,0,0,4.45,32.0,6.0,1,16.0,0.0114816262705238,4.0,1.0,0.0,0.0,0.0,0.0,0.0,1.0,1.0,0.0,0.0,2.0,1.0,9.456497077599392
864,865,49.0,0,0,4.05,32.0,2.0,0,16.0,0.0109178433889602,3.0,1.0,0.0,0.0,0.0,0.0,0.0,2.0,0.0,0.0,0.0,2.0,1.0,9.121509158269568
865,866,22.0,0,0,4.0,32.0,2.0,1,16.0,0.0149555146951455,4.0,0.0,0.0,1.0,0.0,0.0,0.0,2.0,0.0,0.0,0.0,2.0,2.0,9.121509158269568
866,867,17.0,0,1,4.3,40.0,2.0,1,19.2,0.0077225277808957,3.0,0.0,0.0,1.0,1.0,0.0,1.0,1.0,0.0,0.0,0.0,2.0,0.0,9.788020582727414
867,868,8.0,1,0,4.5,65.0,2.0,1,16.0,0.004881438668452,4.0,0.0,0.0,1.0,2.0,1.0,2.0,0.0,1.0,3.0,1.0,2.0,1.0,10.985292722887856
868,869,37.0,1,0,4.15,65.0,6.0,1,22.4,0.004810336598559,4.0,0.0,0.0,1.0,2.0,1.0,2.0,3.0,0.0,2.0,1.0,1.0,0.0,10.691944912900398
869,870,49.0,0,1,4.5,43.0,2.0,0,19.2,0.0102930664760543,3.0,1.0,0.0,0.0,1.0,0.0,1.0,2.0,1.0,0.0,0.0,2.0,1.0,9.546169544733283
870,871,37.0,1,0,4.25,50.0,6.0,1,22.4,0.0072859744990892,4.0,0.0,0.0,1.0,4.0,1.0,2.0,3.0,0.0,1.0,1.0,1.0,0.0,10.23995978915734
871,872,22.0,0,0,4.15,32.0,2.0,0,16.0,0.004796800591798,3.0,0.0,0.0,1.0,0.0,0.0,0.0,2.0,0.0,0.0,0.0,2.0,2.0,9.981836518947103
872,873,13.0,0,1,4.2,43.0,2.0,1,19.2,0.0086040971891376,4.0,0.0,1.0,0.0,1.0,0.0,1.0,1.0,0.0,1.0,0.0,2.0,1.0,9.951849053414008
873,874,35.0,0,0,4.4,32.0,2.0,1,16.0,0.0083288263926446,4.0,0.0,1.0,0.0,0.0,0.0,0.0,1.0,2.0,0.0,0.0,2.0,0.0,9.825039406206988
874,875,13.0,0,0,4.3,32.0,2.0,1,16.0,0.0133433433433433,4.0,0.0,1.0,0.0,0.0,0.0,0.0,1.0,0.0,0.0,0.0,2.0,1.0,9.20943996673302
875,876,37.0,1,0,4.25,55.0,2.0,1,25.6,0.006169553856576,4.0,0.0,0.0,1.0,3.0,1.0,2.0,2.0,1.0,1.0,1.0,2.0,0.0,10.341742483467284
876,877,13.0,1,0,4.2,65.0,6.0,1,32.0,0.0043535188216039,4.0,0.0,1.0,0.0,2.0,1.0,2.0,1.0,1.0,3.0,1.0,2.0,1.0,10.91492481446108
877,878,37.0,1,0,4.3,50.0,2.0,1,25.6,0.0065243629090658,4.0,0.0,0.0,1.0,4.0,1.0,2.0,2.0,1.0,1.0,1.0,2.0,0.0,10.275051108968611
878,879,50.0,1,0,4.3,55.0,6.0,1,16.0,0.0078414071002088,4.0,1.0,0.0,0.0,3.0,1.0,2.0,1.0,1.0,3.0,1.0,2.0,0.0,10.4341158035983
879,880,47.0,1,0,4.6,55.0,6.0,1,16.0,0.0064416104026006,4.0,1.0,0.0,0.0,3.0,1.0,2.0,1.0,1.0,2.0,1.0,2.0,0.0,10.596409707779776
880,881,26.0,1,0,4.2,75.0,7.0,1,19.2,0.001820991755187,3.0,0.0,0.0,1.0,1.0,1.0,2.0,1.0,1.0,3.0,1.0,2.0,0.0,11.870599909242044
881,882,24.0,0,0,4.25,32.0,2.0,0,16.0,0.0149555146951455,3.0,0.0,0.0,1.0,0.0,0.0,0.0,2.0,0.0,0.0,0.0,2.0,1.0,9.121509158269568
882,883,12.0,1,0,4.3,65.0,2.0,1,32.0,0.0065696269340815,4.0,0.0,0.0,1.0,2.0,1.0,2.0,2.0,1.0,2.0,1.0,2.0,1.0,10.491274217438248
883,884,45.0,1,0,4.1,75.0,4.0,1,44.8,0.0021593477289848,3.0,0.0,0.0,1.0,1.0,1.0,2.0,1.0,2.0,4.0,1.0,2.0,0.0,11.918390573078392
884,885,36.0,1,0,4.5,55.0,6.0,1,32.0,0.0073422984815389,4.0,1.0,0.0,0.0,3.0,1.0,2.0,2.0,1.0,3.0,1.0,2.0,0.0,10.545341438708522
885,886,19.0,1,0,4.25,55.0,6.0,1,32.0,0.0063751593789844,3.0,0.0,0.0,1.0,3.0,1.0,2.0,1.0,2.0,3.0,1.0,2.0,0.0,10.596634733096073
886,887,33.0,1,0,4.1,43.0,6.0,1,16.0,0.0071566238772318,4.0,1.0,0.0,0.0,4.0,1.0,2.0,1.0,1.0,1.0,0.0,2.0,2.0,10.221941283654663
887,888,33.0,0,0,4.2,32.0,6.0,1,16.0,0.0133011084257021,4.0,1.0,0.0,0.0,0.0,0.0,0.0,1.0,2.0,0.0,0.0,2.0,2.0,9.392661928770137
888,889,36.0,0,1,4.65,43.0,2.0,1,19.2,0.0084916735510239,4.0,1.0,0.0,0.0,1.0,0.0,1.0,1.0,2.0,1.0,0.0,2.0,0.0,10.043249494911286
889,890,12.0,1,0,4.3,55.0,6.0,1,32.0,0.007557804781963,4.0,1.0,0.0,0.0,3.0,1.0,2.0,3.0,1.0,3.0,1.0,1.0,1.0,10.404262840448617
890,891,12.0,0,0,4.2,32.0,2.0,1,16.0,0.0146528666123967,3.0,0.0,0.0,1.0,0.0,0.0,0.0,2.0,0.0,0.0,0.0,2.0,1.0,9.121509158269568
891,892,26.0,1,0,4.2,77.0,2.0,1,19.2,0.0015867548197122,4.0,1.0,0.0,0.0,1.0,1.0,2.0,1.0,1.0,4.0,0.0,2.0,0.0,12.100662128622306
892,893,44.0,1,0,4.35,75.0,4.0,1,44.8,0.0015422524797397,4.0,1.0,0.0,0.0,1.0,1.0,2.0,1.0,2.0,4.0,1.0,2.0,0.0,12.345797413264954
893,894,26.0,1,0,4.7,65.0,7.0,1,19.2,0.00277081798084,3.0,0.0,0.0,1.0,2.0,1.0,2.0,1.0,1.0,2.0,1.0,2.0,0.0,11.461537429252754
894,895,46.0,1,0,4.35,43.0,6.0,1,16.0,0.0101504833563503,4.0,0.0,0.0,1.0,4.0,1.0,2.0,3.0,1.0,1.0,0.0,1.0,0.0,9.95227771670556
895,896,45.0,1,0,4.45,77.0,6.0,1,32.0,0.0026357895060731,3.0,0.0,0.0,1.0,1.0,1.0,2.0,1.0,2.0,4.0,0.0,2.0,0.0,11.77528972943772
896,897,16.0,1,0,4.15,43.0,2.0,1,16.0,0.0068181006464516,4.0,0.0,0.0,1.0,4.0,1.0,2.0,0.0,1.0,1.0,0.0,2.0,0.0,10.23995978915734
897,898,1.0,0,0,4.5,65.0,6.0,1,22.4,0.0052364588447062,4.0,1.0,0.0,0.0,2.0,1.0,2.0,3.0,1.0,3.0,1.0,1.0,1.0,10.915088464214609
898,899,26.0,1,0,4.4,65.0,5.0,1,44.8,0.0022282194116628,4.0,0.0,0.0,1.0,2.0,1.0,2.0,1.0,2.0,4.0,1.0,2.0,0.0,11.957611286231677
899,900,45.0,1,0,4.65,77.0,6.0,1,44.8,0.0016174616287664,3.0,1.0,0.0,0.0,1.0,1.0,2.0,1.0,2.0,4.0,0.0,2.0,0.0,12.345795456704934
900,901,8.0,0,0,4.05,32.0,6.0,1,16.0,0.013623965815074,4.0,0.0,0.0,1.0,0.0,0.0,0.0,3.0,0.0,0.0,0.0,1.0,1.0,9.305650551780507
901,902,8.0,1,0,4.3,65.0,6.0,1,16.0,0.0058358532346008,4.0,0.0,0.0,1.0,2.0,1.0,2.0,3.0,1.0,3.0,1.0,0.0,1.0,10.645424897265505
902,903,26.0,1,0,4.15,43.0,7.0,1,22.4,0.0042431651478106,4.0,0.0,0.0,1.0,4.0,1.0,2.0,1.0,1.0,1.0,0.0,2.0,0.0,10.714217748749787
903,904,6.0,0,0,4.2,32.0,2.0,1,16.0,0.0149349927769752,4.0,0.0,0.0,1.0,0.0,0.0,0.0,1.0,0.0,0.0,0.0,2.0,1.0,9.121509158269568
904,905,6.0,1,0,4.45,55.0,6.0,1,28.8,0.0080303770818451,4.0,0.0,0.0,1.0,3.0,1.0,2.0,2.0,1.0,1.0,1.0,2.0,1.0,10.188666494769793
905,906,6.0,0,0,4.0,32.0,6.0,1,16.0,0.0149555146951455,4.0,0.0,0.0,1.0,0.0,0.0,0.0,2.0,2.0,0.0,0.0,2.0,1.0,9.126958763037132
906,907,6.0,0,1,4.4,43.0,2.0,1,19.2,0.010845834213677,4.0,0.0,0.0,1.0,1.0,0.0,1.0,1.0,1.0,0.0,0.0,2.0,1.0,9.560997243589352
907,908,17.0,1,0,4.1,65.0,6.0,1,44.8,0.0015422524797397,4.0,1.0,0.0,0.0,2.0,1.0,2.0,3.0,2.0,4.0,1.0,1.0,0.0,12.345797413264954
908,909,6.0,0,1,4.05,40.0,2.0,1,19.2,0.0114398045652339,4.0,0.0,0.0,1.0,1.0,0.0,1.0,1.0,1.0,0.0,0.0,2.0,1.0,9.480367509189245
909,910,6.0,1,0,4.05,75.0,6.0,1,22.4,0.004482611312841,4.0,0.0,0.0,1.0,1.0,1.0,2.0,2.0,1.0,3.0,1.0,1.0,1.0,10.849337086651827
910,911,45.0,1,0,4.2,75.0,6.0,1,32.0,0.003458864221932,3.0,0.0,0.0,1.0,1.0,1.0,2.0,1.0,2.0,4.0,1.0,2.0,0.0,11.350406535472452
911,912,36.0,0,1,4.5,43.0,2.0,1,19.2,0.0074351058741684,4.0,0.0,0.0,1.0,1.0,0.0,1.0,1.0,1.0,0.0,0.0,2.0,0.0,10.043249494911286
912,913,36.0,0,0,4.0,32.0,2.0,1,16.0,0.0088577755553968,4.0,0.0,0.0,1.0,0.0,0.0,0.0,1.0,1.0,0.0,0.0,2.0,0.0,9.546812608597396
913,914,45.0,1,0,4.55,75.0,6.0,1,16.0,0.0038831844245899,4.0,0.0,0.0,1.0,1.0,1.0,2.0,1.0,1.0,3.0,1.0,2.0,0.0,11.225123385317872
914,915,13.0,1,0,4.25,43.0,6.0,1,32.0,0.0085030367988567,4.0,0.0,1.0,0.0,4.0,1.0,2.0,3.0,1.0,2.0,0.0,1.0,1.0,10.239638308916676
915,916,26.0,1,0,4.05,65.0,5.0,1,32.0,0.0015422524797397,4.0,0.0,1.0,0.0,2.0,1.0,2.0,3.0,2.0,4.0,1.0,1.0,0.0,12.300887248010884
916,917,41.0,1,0,4.15,65.0,2.0,1,19.2,0.0036031007751937,3.0,0.0,0.0,1.0,2.0,1.0,2.0,1.0,1.0,2.0,1.0,2.0,0.0,11.07443600653965
917,918,26.0,1,0,4.55,55.0,4.0,1,19.2,0.0047165353130383,4.0,0.0,0.0,1.0,3.0,1.0,2.0,1.0,1.0,4.0,1.0,2.0,0.0,11.09133097493218
918,919,17.0,0,0,4.15,32.0,6.0,1,16.0,0.012450957765982,4.0,0.0,0.0,1.0,0.0,0.0,0.0,2.0,2.0,0.0,0.0,2.0,0.0,9.472704636443671
919,920,16.0,1,0,4.0,75.0,4.0,1,32.0,0.0017575181174533,4.0,0.0,0.0,1.0,1.0,1.0,2.0,3.0,2.0,4.0,1.0,1.0,0.0,12.099600401019655
920,921,16.0,1,0,4.3,65.0,4.0,1,32.0,0.0023471122960972,4.0,0.0,0.0,1.0,2.0,1.0,2.0,3.0,2.0,4.0,1.0,1.0,0.0,11.869900363917958
921,922,45.0,1,0,4.25,75.0,6.0,1,32.0,0.004080544072543,3.0,1.0,0.0,0.0,1.0,1.0,2.0,1.0,2.0,4.0,1.0,2.0,0.0,11.225123385317872
922,923,45.0,1,0,4.75,75.0,6.0,1,32.0,0.0042161520190023,3.0,1.0,0.0,0.0,1.0,1.0,2.0,1.0,2.0,4.0,1.0,2.0,0.0,11.28966940732742
923,924,45.0,1,0,4.7,65.0,6.0,1,19.2,0.0049253731343283,3.4,0.0,0.0,1.0,2.0,1.0,2.0,1.0,2.0,3.0,1.0,2.0,0.0,11.050588372585487
924,925,45.0,1,0,4.75,75.0,4.0,1,16.0,0.0037000389477783,3.0,0.0,0.0,1.0,1.0,1.0,2.0,1.0,1.0,4.0,1.0,2.0,0.0,11.461632170582678
925,926,45.0,1,0,4.35,55.0,2.0,1,16.0,0.0062160617319234,3.0,1.0,0.0,0.0,3.0,1.0,2.0,1.0,1.0,1.0,1.0,2.0,0.0,10.462846164547514
926,927,46.0,0,0,4.4,32.0,2.0,0,16.0,0.0121594946703513,3.0,0.0,0.0,1.0,0.0,0.0,0.0,1.0,0.0,0.0,0.0,2.0,0.0,9.121509158269568
927,928,46.0,0,0,4.6,32.0,2.0,0,16.0,0.0149555146951455,3.0,0.0,0.0,1.0,0.0,0.0,0.0,1.0,0.0,0.0,0.0,2.0,0.0,9.121509158269568
928,929,16.0,1,0,4.6,55.0,6.0,1,32.0,0.0054820174505213,4.0,1.0,0.0,0.0,3.0,1.0,2.0,2.0,1.0,2.0,1.0,2.0,0.0,10.757711372994065
929,930,21.0,0,0,4.6,32.0,6.0,1,16.0,0.0149555146951455,4.0,0.0,0.0,1.0,0.0,0.0,0.0,0.0,0.0,0.0,0.0,2.0,1.0,9.121509158269568
930,931,16.0,1,0,4.65,65.0,5.0,1,32.0,0.0022156012682427,4.0,0.0,0.0,1.0,2.0,1.0,2.0,3.0,2.0,4.0,1.0,1.0,0.0,12.0435537160324
931,932,34.0,1,0,4.45,55.0,2.0,0,16.0,0.0044509470100021,3.0,0.0,0.0,1.0,3.0,1.0,2.0,1.0,1.0,1.0,1.0,2.0,1.0,10.757711372994065
932,933,41.0,1,0,4.55,65.0,2.0,1,22.4,0.0043990665110851,3.0,0.0,0.0,1.0,2.0,1.0,2.0,1.0,1.0,3.0,1.0,2.0,0.0,11.001949829953112
933,934,41.0,1,0,4.1,65.0,4.0,1,38.4,0.0019500895669899,4.0,0.0,0.0,1.0,2.0,1.0,2.0,3.0,2.0,4.0,1.0,1.0,0.0,11.994678548250262
934,935,56.0,1,0,4.45,55.0,2.0,1,32.0,0.0068774811357919,4.0,1.0,0.0,0.0,3.0,1.0,2.0,2.0,1.0,2.0,1.0,2.0,0.0,10.404262840448617
935,936,41.0,1,0,4.6,65.0,5.0,1,44.8,0.0024513319166573,4.0,1.0,0.0,0.0,2.0,1.0,2.0,3.0,2.0,4.0,1.0,1.0,0.0,11.931635799828411
936,937,56.0,1,0,4.15,43.0,2.0,1,19.2,0.0081437035359824,4.0,1.0,0.0,0.0,4.0,1.0,2.0,2.0,1.0,2.0,0.0,2.0,0.0,10.184900011974314
937,938,56.0,0,1,4.65,43.0,2.0,1,19.2,0.0078208100368198,4.0,1.0,0.0,0.0,1.0,0.0,1.0,1.0,0.0,0.0,0.0,2.0,0.0,9.998797732340453
938,939,41.0,1,0,4.65,75.0,4.0,1,32.0,0.0015422524797397,4.0,0.0,1.0,0.0,1.0,1.0,2.0,3.0,2.0,4.0,1.0,1.0,0.0,12.345797413264954
939,940,41.0,1,0,4.75,77.0,4.0,1,32.0,0.0015422524797397,4.0,0.0,0.0,1.0,1.0,1.0,2.0,3.0,2.0,4.0,0.0,1.0,0.0,12.345797413264954
940,941,41.0,1,0,4.7,50.0,6.0,1,22.4,0.0043147540983606,4.0,0.0,0.0,1.0,4.0,1.0,2.0,1.0,1.0,2.0,1.0,2.0,0.0,11.0186455364637
941,942,45.0,1,0,4.0,75.0,2.0,1,16.0,0.0034034930586654,4.0,1.0,0.0,0.0,1.0,1.0,2.0,2.0,1.0,3.0,1.0,2.0,0.0,11.112313560992032
942,943,41.0,1,0,4.75,75.0,6.0,1,22.4,0.0024020680806098,3.0,0.0,0.0,1.0,1.0,1.0,2.0,1.0,1.0,4.0,1.0,2.0,0.0,11.794269997573137
943,944,41.0,1,0,4.7,75.0,6.0,1,32.0,0.0015422524797397,4.0,0.0,1.0,0.0,1.0,1.0,2.0,3.0,1.0,4.0,1.0,1.0,0.0,12.345797413264954
944,945,41.0,1,0,4.05,77.0,6.0,1,32.0,0.0015422524797397,4.0,0.0,1.0,0.0,1.0,1.0,2.0,1.0,2.0,4.0,0.0,2.0,0.0,12.345797413264954
945,946,45.0,1,0,4.0,65.0,2.0,1,16.0,0.0043208641728345,3.0,1.0,0.0,0.0,2.0,1.0,2.0,0.0,1.0,2.0,1.0,2.0,0.0,10.819598268208338
946,947,41.0,1,0,4.1,55.0,2.0,1,22.4,0.0052726839723743,3.0,1.0,0.0,0.0,3.0,1.0,2.0,1.0,1.0,2.0,1.0,2.0,0.0,10.645210588588755
947,948,47.0,0,0,4.5,32.0,6.0,1,16.0,0.0128175519630484,4.0,1.0,0.0,0.0,0.0,0.0,0.0,2.0,2.0,0.0,0.0,2.0,0.0,9.472012088995733
948,949,41.0,0,0,4.75,32.0,2.0,1,16.0,0.011570111915734,3.0,0.0,0.0,1.0,0.0,0.0,0.0,1.0,0.0,0.0,0.0,2.0,0.0,9.628458426207663
949,950,37.0,1,0,4.75,43.0,2.0,1,32.0,0.0097493340320538,4.0,0.0,0.0,1.0,4.0,1.0,2.0,3.0,1.0,1.0,0.0,1.0,0.0,10.03889218954233
950,951,46.0,1,0,4.0,65.0,6.0,1,16.0,0.005238219957618,4.0,0.0,0.0,1.0,2.0,1.0,2.0,3.0,1.0,2.0,1.0,1.0,0.0,10.645424897265505
951,952,46.0,1,0,4.65,50.0,6.0,1,16.0,0.0086360227150969,4.0,0.0,0.0,1.0,4.0,1.0,2.0,3.0,1.0,2.0,1.0,1.0,0.0,10.23995978915734
952,953,41.0,1,0,4.05,65.0,4.0,1,32.0,0.0018189711958799,4.0,1.0,0.0,0.0,2.0,1.0,2.0,3.0,1.0,4.0,1.0,1.0,0.0,12.025695197731086
953,954,46.0,1,0,4.4,55.0,6.0,1,16.0,0.0076647633794638,4.0,0.0,0.0,1.0,3.0,1.0,2.0,3.0,1.0,2.0,1.0,1.0,0.0,10.341742483467284
954,955,45.0,1,0,4.55,65.0,6.0,1,16.0,0.0050471436494731,4.0,0.0,0.0,1.0,2.0,1.0,2.0,1.0,1.0,3.0,1.0,2.0,0.0,10.898423092400252
955,956,41.0,1,0,4.3,50.0,2.0,1,19.2,0.0054276119936173,3.0,0.0,0.0,1.0,4.0,1.0,2.0,1.0,1.0,2.0,1.0,2.0,0.0,10.64518677367824
956,957,41.0,1,0,4.55,50.0,2.0,1,22.4,0.005715282623866,3.0,0.0,0.0,1.0,4.0,1.0,2.0,1.0,1.0,2.0,1.0,2.0,0.0,10.66874607044333
957,958,41.0,1,0,4.35,43.0,6.0,1,19.2,0.0042151867011945,4.0,0.0,0.0,1.0,4.0,1.0,2.0,1.0,1.0,3.0,0.0,2.0,0.0,10.999696956587927
958,959,41.0,1,0,4.75,65.0,6.0,1,22.4,0.0034621818616322,3.0,0.0,1.0,0.0,2.0,1.0,2.0,1.0,1.0,3.0,1.0,2.0,0.0,11.334886723814416
959,960,41.0,1,0,4.25,65.0,6.0,1,28.8,0.0022517507217888,4.0,0.0,0.0,1.0,2.0,1.0,2.0,1.0,1.0,4.0,1.0,2.0,0.0,11.777080432863205
960,961,41.0,1,0,4.4,50.0,6.0,1,19.2,0.0053831609387164,3.0,0.0,0.0,1.0,4.0,1.0,2.0,1.0,1.0,2.0,1.0,2.0,0.0,10.713439512638155
961,962,28.0,1,0,4.4,50.0,6.0,1,16.0,0.0077335676838692,4.0,1.0,0.0,0.0,4.0,1.0,2.0,2.0,2.0,3.0,1.0,2.0,0.0,10.404262840448617
962,963,16.0,0,0,4.3,32.0,2.0,1,16.0,0.0090966266437964,4.0,0.0,1.0,0.0,0.0,0.0,0.0,1.0,0.0,0.0,0.0,2.0,0.0,9.769441741907062
963,964,49.0,0,0,4.45,32.0,2.0,0,16.0,0.0149555146951455,3.0,0.0,0.0,1.0,0.0,0.0,0.0,2.0,0.0,0.0,0.0,2.0,1.0,9.121509158269568
964,965,49.0,0,0,4.0,32.0,2.0,1,16.0,0.0149555146951455,4.0,0.0,0.0,1.0,0.0,0.0,0.0,2.0,0.0,0.0,0.0,2.0,1.0,9.121509158269568
965,966,50.0,1,0,4.45,75.0,6.0,1,16.0,0.0038878031957696,4.0,1.0,0.0,0.0,1.0,1.0,2.0,1.0,2.0,4.0,1.0,2.0,0.0,11.373559944009717
966,967,15.0,0,0,4.6,32.0,2.0,1,16.0,0.0149555146951455,4.0,0.0,0.0,1.0,0.0,0.0,0.0,2.0,0.0,0.0,0.0,2.0,1.0,9.121509158269568
967,968,39.0,0,1,4.55,43.0,2.0,1,19.2,0.0091052029731275,4.0,0.0,0.0,1.0,1.0,0.0,1.0,1.0,0.0,0.0,0.0,2.0,1.0,9.769441741907062
968,969,47.0,1,0,4.5,77.0,6.0,1,16.0,0.0015422524797397,4.0,0.0,0.0,1.0,1.0,1.0,2.0,3.0,1.0,4.0,0.0,1.0,0.0,12.345797413264954
969,970,26.0,1,0,4.0,55.0,5.0,1,28.8,0.0029602960296029,4.0,0.0,0.0,1.0,3.0,1.0,2.0,1.0,1.0,4.0,1.0,2.0,0.0,11.512835460919986
970,971,18.0,1,0,4.0,50.0,2.0,1,16.0,0.0057890928228406,4.0,0.0,0.0,1.0,4.0,1.0,2.0,1.0,1.0,1.0,1.0,2.0,2.0,10.322296566735872
971,972,47.0,1,0,4.2,77.0,2.0,1,16.0,0.0024500204168368,4.0,0.0,0.0,1.0,1.0,1.0,2.0,3.0,1.0,4.0,0.0,1.0,0.0,11.695247021764184
972,973,34.0,1,0,4.35,43.0,6.0,1,16.0,0.0085382564254499,4.0,0.0,0.0,1.0,4.0,1.0,2.0,1.0,1.0,2.0,0.0,2.0,1.0,10.203703249925194
973,974,7.0,1,0,4.2,55.0,2.0,1,16.0,0.0066001885768164,4.0,1.0,0.0,0.0,3.0,1.0,2.0,2.0,1.0,2.0,1.0,2.0,2.0,10.46310334047155
974,975,7.0,1,0,4.25,43.0,2.0,1,16.0,0.0088403536141445,4.0,1.0,0.0,0.0,4.0,1.0,2.0,2.0,1.0,2.0,0.0,2.0,2.0,10.126631103850338
975,976,39.0,0,1,4.1,43.0,2.0,1,19.2,0.0086143071535767,4.0,0.0,0.0,1.0,1.0,0.0,1.0,1.0,2.0,1.0,0.0,2.0,1.0,9.903037451255743
976,977,39.0,0,0,4.1,32.0,6.0,1,16.0,0.0107619394823186,4.0,0.0,0.0,1.0,0.0,0.0,0.0,1.0,2.0,0.0,0.0,2.0,1.0,9.526318313582811
977,978,39.0,0,0,4.45,32.0,2.0,1,16.0,0.0119463087248322,4.0,0.0,0.0,1.0,0.0,0.0,0.0,1.0,2.0,0.0,0.0,2.0,1.0,9.50383054471094
978,979,22.0,0,1,4.05,43.0,2.0,1,19.2,0.0098427448177269,4.0,0.0,0.0,1.0,1.0,0.0,1.0,2.0,1.0,0.0,0.0,2.0,2.0,9.546169544733283
979,980,22.0,0,0,4.55,32.0,2.0,0,16.0,0.0149555146951455,3.0,0.0,0.0,1.0,0.0,0.0,0.0,2.0,0.0,0.0,0.0,2.0,2.0,9.121509158269568
980,981,0.0,1,0,4.5,77.0,6.0,1,16.0,0.0023733039267392,4.0,1.0,0.0,0.0,1.0,1.0,2.0,3.0,1.0,4.0,0.0,1.0,0.0,11.891361900690471
981,982,0.0,1,0,4.35,75.0,6.0,1,16.0,0.0031440905355498,4.0,1.0,0.0,0.0,1.0,1.0,2.0,3.0,1.0,4.0,1.0,1.0,0.0,11.522875795823396
982,983,2.0,1,0,4.75,55.0,6.0,1,16.0,0.0066058966319409,4.0,0.0,0.0,1.0,3.0,1.0,2.0,1.0,1.0,2.0,1.0,2.0,2.0,10.58529568842608
983,984,48.0,0,0,4.7,32.0,6.0,0,16.0,0.0148505550811272,3.0,0.0,0.0,1.0,0.0,0.0,0.0,1.0,2.0,0.0,0.0,2.0,2.0,9.368283850042138
984,985,34.0,0,0,4.5,32.0,2.0,1,16.0,0.0125581395348837,4.0,0.0,0.0,1.0,0.0,0.0,0.0,1.0,2.0,0.0,0.0,2.0,1.0,9.465060106725137
985,986,16.0,1,0,4.1,55.0,6.0,1,32.0,0.0045151778894829,4.0,0.0,0.0,1.0,3.0,1.0,2.0,2.0,2.0,3.0,1.0,2.0,0.0,10.938449814127782
986,987,0.0,1,0,4.1,55.0,2.0,1,16.0,0.0030890834121015,4.0,0.0,0.0,1.0,3.0,1.0,2.0,3.0,1.0,2.0,1.0,1.0,0.0,11.198214720130528
987,988,12.0,0,1,4.05,43.0,2.0,1,19.2,0.0047251575052501,3.0,0.0,0.0,1.0,1.0,0.0,1.0,1.0,0.0,0.0,0.0,2.0,1.0,10.308952660644293
988,989,42.0,0,0,4.35,32.0,2.0,1,16.0,0.0108837772397094,4.0,0.0,0.0,1.0,0.0,0.0,0.0,1.0,1.0,0.0,0.0,2.0,1.0,9.424725681616492
989,990,1.0,1,0,4.7,65.0,6.0,1,16.0,0.0056196873845083,4.0,0.0,0.0,1.0,2.0,1.0,2.0,1.0,0.0,2.0,1.0,2.0,1.0,10.736396675471232
990,991,54.0,1,0,4.0,55.0,2.0,1,22.4,0.0058183581320646,4.0,1.0,0.0,0.0,3.0,1.0,2.0,1.0,1.0,1.0,1.0,2.0,1.0,10.404262840448617
991,992,54.0,1,0,4.3,50.0,2.0,1,22.4,0.0069692058346839,4.0,1.0,0.0,0.0,4.0,1.0,2.0,1.0,1.0,1.0,1.0,2.0,1.0,10.275051108968611
992,993,44.0,1,0,4.5,77.0,2.0,1,16.0,0.0015422524797397,4.0,0.0,0.0,1.0,1.0,1.0,2.0,1.0,1.0,4.0,0.0,2.0,0.0,12.345797413264954
993,994,9.0,1,0,4.0,50.0,2.0,1,25.6,0.0042849491162292,4.0,0.0,0.0,1.0,4.0,1.0,2.0,2.0,1.0,1.0,1.0,1.0,2.0,10.623154942905469
994,995,41.0,1,0,4.3,43.0,2.0,1,25.6,0.0071690563521173,4.0,1.0,0.0,0.0,4.0,1.0,2.0,1.0,1.0,1.0,0.0,2.0,0.0,10.30865261563529
995,996,29.0,0,0,4.0,32.0,2.0,0,16.0,0.0135874693338365,3.0,0.0,0.0,1.0,0.0,0.0,0.0,1.0,0.0,0.0,0.0,2.0,1.0,9.121509158269568
996,997,4.0,1,0,4.25,43.0,6.0,1,22.4,0.0089051859612362,3.0,1.0,0.0,0.0,4.0,1.0,2.0,1.0,2.0,1.0,0.0,2.0,2.0,9.95227771670556
997,998,44.0,1,0,4.35,75.0,2.0,1,16.0,0.0021449406208764,4.0,1.0,0.0,0.0,1.0,1.0,2.0,1.0,1.0,4.0,1.0,2.0,0.0,11.87750607660493
998,999,54.0,1,0,4.0,50.0,6.0,1,16.0,0.0065002031313478,4.0,1.0,0.0,0.0,4.0,1.0,2.0,1.0,1.0,2.0,1.0,2.0,1.0,10.373491181781864
999,1000,43.0,0,0,4.2,40.0,2.0,1,16.0,0.0091065620814999,4.0,0.0,0.0,1.0,0.0,0.0,0.0,1.0,1.0,0.0,0.0,2.0,2.0,9.660268836790868
