,index,brand,ultra_hd,full_hd,Price,Rating,inches,display_type,wifi,rom,hdmi_port,value_score,smart_features,Company_amazon,Company_croma,Company_flipkart,ppi,resolution_width,resolution_height,fast_charging,ram,usb_port,Spec_Score,size_category,charging_category,brand_score
0,1,tcl,1,0,10.6689553946757,4.65,55.0,qled,1,16.0,1,0.0062722388892764,4.0,0.0,0.0,1.0,3.0,1.0,2.0,1.0,1.0,1.0,3.0,1.0,2.0,8.0
1,2,lg,1,0,10.645424897265505,4.55,55.0,led,1,19.2,1,0.0059584752017905,3.0,0.0,0.0,1.0,3.0,1.0,2.0,1.0,1.0,0.0,2.0,1.0,2.0,10.0
2,3,xiaomi,1,0,10.51867319162636,4.35,55.0,qled,1,32.0,1,0.00646639098354,4.0,1.0,0.0,0.0,3.0,1.0,2.0,2.0,1.0,1.0,2.0,1.0,1.0,8.0
3,4,lg,1,0,10.341742483467284,4.4,43.0,led,1,19.2,1,0.0073808832542985,3.0,0.0,0.0,1.0,4.0,1.0,2.0,1.0,1.0,0.0,2.0,0.0,2.0,10.0
4,5,philips,1,0,11.225243392518449,4.05,75.0,qled,1,32.0,1,0.0036180482406432,4.0,1.0,0.0,0.0,1.0,1.0,2.0,2.0,1.0,1.0,4.0,1.0,2.0,8.0
5,6,hisense,1,0,10.819778284410283,4.2,55.0,miniled,1,28.8,1,0.0057961159223184,4.0,0.0,0.0,1.0,3.0,1.0,2.0,1.0,1.0,1.0,4.0,1.0,2.0,8.0
6,7,sony,1,0,11.302093316370168,4.5,65.0,led,1,16.0,1,0.0034448697370045,4.0,1.0,0.0,0.0,2.0,1.0,2.0,1.0,1.0,1.0,3.0,1.0,2.0,10.0
7,8,croma,0,0,9.121509158269568,4.45,32.0,led,1,16.0,1,0.014955514695145557,4.0,0.0,1.0,0.0,0.0,0.0,0.0,1.0,1.0,1.0,0.0,0.0,2.0,6.0
8,9,realme,1,0,10.021270588192513,4.2,55.0,qled,1,16.0,1,0.0102671229832437,4.0,0.0,0.0,1.0,3.0,1.0,2.0,3.0,1.0,1.0,2.0,1.0,1.0,7.0
9,10,xiaomi,1,0,10.714417768752456,4.65,55.0,miniled,1,32.0,1,0.0063034734105202,4.0,1.0,0.0,0.0,3.0,1.0,2.0,1.0,1.0,1.0,3.0,1.0,2.0,8.0
10,11,samsung,1,0,10.448453699421847,4.55,43.0,miniled,1,25.6,1,0.0076514931864308,3.0,0.0,0.0,1.0,4.0,1.0,2.0,2.0,1.0,0.0,3.0,0.0,2.0,10.0
11,12,xiaomi,0,0,9.121509158269568,4.5,32.0,led,1,16.0,1,0.014955514695145557,4.0,0.0,1.0,0.0,0.0,0.0,0.0,1.0,2.0,1.0,0.0,0.0,2.0,8.0
12,13,tcl,1,0,11.40746494431207,4.4,55.0,miniled,1,22.4,1,0.0036181797977553,3.6,0.0,1.0,0.0,3.0,1.0,2.0,1.0,1.0,0.0,4.0,1.0,2.0,8.0
13,14,samsung,1,0,10.736201004154935,4.7,55.0,miniled,1,28.8,1,0.0062339639051967,3.0,0.0,0.0,1.0,3.0,1.0,2.0,2.0,1.0,0.0,3.0,1.0,2.0,10.0
14,15,xiaomi,1,0,10.308952660644293,4.3,43.0,qled,1,32.0,1,0.0086002866762225,4.0,1.0,0.0,0.0,4.0,1.0,2.0,2.0,1.0,1.0,3.0,0.0,2.0,8.0
15,16,realme,1,0,9.867860374892976,4.25,43.0,qled,1,16.0,1,0.0114513705373335,4.0,0.0,0.0,1.0,4.0,1.0,2.0,2.0,1.0,1.0,2.0,0.0,2.0,7.0
16,17,tcl,1,0,11.608235644774552,4.45,65.0,miniled,1,44.8,1,0.0032363930581187,3.0,0.0,0.0,1.0,2.0,1.0,2.0,1.0,2.0,0.0,4.0,1.0,2.0,8.0
17,18,hisense,1,0,10.0690019910137,4.2,43.0,qled,1,16.0,1,0.0112123395059112,4.0,0.0,1.0,0.0,4.0,1.0,2.0,1.0,1.0,1.0,3.0,0.0,2.0,8.0
18,19,tcl,0,1,9.305650551780507,4.65,32.0,led,1,16.0,1,0.014955514695145557,3.0,0.0,0.0,1.0,1.0,0.0,1.0,1.0,2.0,0.0,0.0,0.0,2.0,8.0
19,20,samsung,1,0,10.203592144986466,4.3,43.0,led,1,19.2,1,0.0081225230564094,3.0,0.0,0.0,1.0,4.0,1.0,2.0,1.0,1.0,0.0,2.0,0.0,2.0,10.0
20,21,lumio,1,0,10.858998997563564,4.7,55.0,miniled,1,44.8,1,0.0064174311044443,4.0,1.0,0.0,0.0,3.0,1.0,2.0,1.0,2.0,1.0,4.0,1.0,2.0,7.538144329896907
21,22,motorola,1,0,10.126631103850338,4.05,43.0,qled,1,32.0,1,0.0090723628945157,4.0,0.0,0.0,1.0,4.0,1.0,2.0,3.0,1.0,1.0,2.0,0.0,1.0,7.0
22,23,compaq,1,0,9.392661928770137,4.05,43.0,led,1,19.2,1,0.0131635969664138,4.0,0.0,0.0,1.0,4.0,1.0,2.0,1.0,2.0,1.0,0.0,0.0,2.0,3.0
23,24,sony,1,0,12.345797413264954,4.3,65.0,lcd,1,32.0,1,0.001542252479739705,4.0,1.0,0.0,0.0,2.0,1.0,2.0,1.0,2.0,1.0,4.0,1.0,2.0,10.0
24,25,tcl,1,0,10.839404425545462,4.2,55.0,qled,1,32.0,1,0.0058482055304961,3.0,1.0,0.0,0.0,3.0,1.0,2.0,2.0,2.0,0.0,4.0,1.0,1.0,8.0
25,26,xiaomi,1,0,10.404262840448617,4.45,43.0,miniled,1,32.0,1,0.0078214491348222,4.0,1.0,0.0,0.0,4.0,1.0,2.0,1.0,1.0,1.0,3.0,0.0,2.0,8.0
26,27,hisense,1,0,10.351373376528244,4.65,55.0,qled,1,19.2,1,0.0098054250934534,4.0,0.0,1.0,0.0,3.0,1.0,2.0,1.0,1.0,1.0,3.0,1.0,2.0,8.0
27,28,lumio,1,0,10.308952660644293,4.0,43.0,qled,1,44.8,1,0.0080002666755558,4.0,1.0,0.0,0.0,4.0,1.0,2.0,1.0,2.0,1.0,3.0,0.0,2.0,7.538144329896907
28,29,croma,0,0,9.472012088995733,4.35,32.0,qled,1,16.0,1,0.0133949191685912,4.0,0.0,1.0,0.0,0.0,0.0,0.0,1.0,0.0,1.0,1.0,0.0,2.0,6.0
29,30,motorola,0,0,9.367344120785848,4.55,32.0,qled,1,16.0,1,0.0147790409436703,4.0,0.0,0.0,1.0,0.0,0.0,0.0,3.0,0.0,1.0,0.0,0.0,1.0,7.0
30,31,hisense,1,0,10.308952660644293,4.75,50.0,qled,1,28.8,1,0.0099753325110837,4.0,0.0,0.0,1.0,4.0,1.0,2.0,2.0,1.0,1.0,3.0,1.0,2.0,8.0
31,32,tcl,1,0,10.736396675471232,4.0,55.0,miniled,1,16.0,1,0.0054783799647818,3.0,0.0,0.0,1.0,3.0,1.0,2.0,1.0,1.0,0.0,3.0,1.0,2.0,8.0
32,33,lumio,1,0,10.596634733096073,4.55,55.0,qled,1,44.8,1,0.007166429160729,4.0,1.0,0.0,0.0,3.0,1.0,2.0,2.0,2.0,1.0,3.0,1.0,2.0,7.538144329896907
33,34,tcl,1,0,10.38871840689063,4.05,43.0,qled,1,16.0,1,0.0072299168975069,3.0,0.0,0.0,1.0,4.0,1.0,2.0,1.0,1.0,0.0,3.0,0.0,2.0,8.0
34,35,lg,1,0,10.72965662094508,4.25,43.0,miniled,1,22.4,1,0.0053950536222368,3.0,0.0,1.0,0.0,4.0,1.0,2.0,1.0,1.0,0.0,3.0,0.0,2.0,10.0
35,36,samsung,1,0,10.531856183153891,4.3,50.0,led,1,19.2,1,0.0063083488930381,3.0,1.0,0.0,0.0,4.0,1.0,2.0,2.0,1.0,0.0,2.0,1.0,2.0,10.0
36,37,realme,0,0,9.323669057283183,4.65,32.0,qled,1,16.0,1,0.014955514695145557,4.0,0.0,0.0,1.0,0.0,0.0,0.0,1.0,0.0,1.0,1.0,0.0,2.0,7.0
37,38,vw,0,1,9.615805480084347,4.55,43.0,qled,1,19.2,1,0.0124374958330555,3.0,1.0,0.0,0.0,1.0,0.0,1.0,1.0,2.0,0.0,1.0,0.0,2.0,7.538144329896907
38,39,hisense,1,0,10.968198289528557,4.2,55.0,miniled,1,28.8,1,0.0049966378730667,4.0,0.0,0.0,1.0,3.0,1.0,2.0,1.0,1.0,1.0,4.0,1.0,2.0,8.0
39,40,hisense,1,0,11.251443810887574,4.25,65.0,miniled,1,32.0,1,0.0040297441226133,4.0,0.0,0.0,1.0,2.0,1.0,2.0,1.0,1.0,1.0,4.0,1.0,2.0,8.0
40,41,tcl,1,0,11.097273648073832,4.45,65.0,qled,1,32.0,1,0.0049901500227307,3.0,1.0,0.0,0.0,2.0,1.0,2.0,2.0,2.0,0.0,4.0,1.0,1.0,8.0
41,42,samsung,1,0,10.707527418047702,4.65,43.0,miniled,1,25.6,1,0.0059308570149921,3.0,0.0,1.0,0.0,4.0,1.0,2.0,2.0,1.0,0.0,3.0,0.0,2.0,10.0
42,43,lg,1,0,10.404262840448617,4.45,43.0,led,1,19.2,1,0.0067426285645019,3.0,1.0,0.0,0.0,4.0,1.0,2.0,1.0,1.0,0.0,1.0,0.0,2.0,10.0
43,44,lg,1,0,10.499573020252942,4.55,43.0,led,1,22.4,1,0.0067687815091324,3.0,0.0,1.0,0.0,4.0,1.0,2.0,1.0,1.0,0.0,2.0,0.0,2.0,10.0
44,45,tcl,1,0,11.44025799325892,4.4,75.0,qled,1,32.0,1,0.0036434025163996,3.0,0.0,1.0,0.0,1.0,1.0,2.0,1.0,2.0,0.0,4.0,1.0,2.0,8.0
45,46,tcl,1,0,10.87787736679393,4.45,55.0,qled,1,32.0,1,0.0057105114172485,3.0,1.0,0.0,0.0,3.0,1.0,2.0,1.0,2.0,0.0,4.0,1.0,2.0,8.0
46,47,tcl,1,0,10.66874607044333,4.7,55.0,qled,1,32.0,1,0.0069969760409397,3.0,1.0,0.0,0.0,3.0,1.0,2.0,1.0,2.0,0.0,3.0,1.0,2.0,8.0
47,48,xiaomi,1,0,10.203592144986466,4.1,43.0,qled,1,32.0,1,0.0082003037149524,4.0,1.0,0.0,0.0,4.0,1.0,2.0,2.0,1.0,1.0,2.0,0.0,2.0,8.0
48,49,xiaomi,0,0,9.615805480084347,4.55,32.0,qled,1,16.0,1,0.0121341422761517,4.0,0.0,0.0,1.0,0.0,0.0,0.0,1.0,0.0,1.0,1.0,0.0,2.0,8.0
49,50,acer,1,0,10.126631103850338,4.25,50.0,qled,1,19.2,1,0.0096903876155046,4.0,0.0,0.0,1.0,4.0,1.0,2.0,3.0,1.0,1.0,3.0,1.0,1.0,7.0
50,51,tcl,0,1,9.679781342959442,4.75,32.0,qled,1,19.2,1,0.0121794871794871,4.0,0.0,1.0,0.0,1.0,0.0,1.0,0.0,0.0,1.0,1.0,0.0,2.0,8.0
51,52,lg,1,0,11.512925464970229,4.75,75.0,led,1,22.4,1,0.0030875308753087,3.0,0.0,0.0,1.0,1.0,1.0,2.0,1.0,2.0,0.0,3.0,1.0,2.0,10.0
52,53,blaupunkt,0,0,9.35010231435134,4.75,32.0,qled,1,16.0,1,0.014955514695145557,4.0,0.0,0.0,1.0,0.0,0.0,0.0,3.0,0.0,1.0,0.0,0.0,1.0,6.0
53,54,blaupunkt,0,1,9.680344001221918,4.65,40.0,qled,1,19.2,1,0.0116257266079129,4.0,0.0,0.0,1.0,1.0,0.0,1.0,3.0,0.0,1.0,1.0,0.0,1.0,6.0
54,55,lg,1,0,10.976782033219948,4.15,55.0,miniled,1,25.6,1,0.0041855416331903,3.0,0.0,0.0,1.0,3.0,1.0,2.0,1.0,1.0,0.0,3.0,1.0,2.0,10.0
55,56,sony,1,0,11.731988703117286,4.6,65.0,led,1,32.0,1,0.0026604546549923,4.0,0.0,1.0,0.0,2.0,1.0,2.0,1.0,2.0,1.0,4.0,1.0,2.0,10.0
56,57,vw,0,0,9.305650551780507,4.5,40.0,qled,0,16.0,1,0.0106373306664242,3.0,1.0,0.0,0.0,0.0,0.0,0.0,1.0,1.0,1.0,0.0,0.0,2.0,7.538144329896907
57,58,sony,1,0,12.259096691303094,4.35,55.0,lcd,1,32.0,1,0.0015676418986201,4.0,1.0,0.0,0.0,3.0,1.0,2.0,3.0,2.0,1.0,4.0,1.0,1.0,10.0
58,59,vw,0,0,9.121509158269568,4.45,32.0,qled,0,16.0,1,0.0144643080385048,3.0,1.0,0.0,0.0,0.0,0.0,0.0,1.0,1.0,1.0,0.0,0.0,2.0,7.538144329896907
59,60,tcl,1,0,11.198091424858744,4.05,75.0,led,1,25.6,1,0.0034401972872996,4.0,0.0,0.0,1.0,1.0,1.0,2.0,2.0,1.0,1.0,3.0,1.0,2.0,8.0
60,61,tcl,1,0,12.345797413264954,4.5,77.0,qled,1,32.0,1,0.001542252479739705,3.0,0.0,0.0,1.0,1.0,1.0,2.0,1.0,2.0,0.0,4.0,0.0,2.0,8.0
61,62,hisense,1,0,11.512835460919986,4.15,75.0,miniled,1,38.4,1,0.0031958195819581,4.0,0.0,0.0,1.0,1.0,1.0,2.0,1.0,2.0,1.0,4.0,1.0,2.0,8.0
62,63,tcl,1,0,11.373559944009717,4.45,75.0,qled,1,32.0,1,0.0039901138061846,3.0,1.0,0.0,0.0,1.0,1.0,2.0,2.0,2.0,0.0,4.0,1.0,1.0,8.0
63,64,tcl,1,0,11.918390573078392,4.35,77.0,qled,1,32.0,1,0.0023490156601044,3.0,0.0,0.0,1.0,1.0,1.0,2.0,1.0,2.0,0.0,4.0,0.0,2.0,8.0
64,65,samsung,1,0,12.345797413264954,4.35,77.0,micro,1,38.4,1,0.001542252479739705,4.0,0.0,0.0,1.0,1.0,1.0,2.0,3.0,2.0,1.0,4.0,0.0,0.0,10.0
65,66,vw,0,0,9.121509158269568,4.65,32.0,led,1,16.0,1,0.014955514695145557,4.0,0.0,0.0,1.0,0.0,0.0,0.0,1.0,0.0,1.0,0.0,0.0,2.0,7.538144329896907
66,67,samsung,1,0,11.326595886778737,4.2,55.0,oled,1,32.0,1,0.0036434173905709,4.0,1.0,0.0,0.0,3.0,1.0,2.0,1.0,2.0,1.0,4.0,1.0,2.0,10.0
67,68,acerpure,1,0,10.596634733096073,4.2,65.0,qled,1,16.0,1,0.0068251706292657,4.0,0.0,0.0,1.0,2.0,1.0,2.0,3.0,1.0,1.0,3.0,1.0,1.0,5.0
68,69,samsung,1,0,10.69174034652358,4.75,55.0,qled,1,19.2,1,0.0059388497385769,3.0,0.0,0.0,1.0,3.0,1.0,2.0,1.0,1.0,0.0,2.0,1.0,2.0,10.0
69,70,xiaomi,1,0,10.23995978915734,4.1,50.0,led,1,19.2,1,0.0077609914639808,4.0,0.0,0.0,1.0,4.0,1.0,2.0,2.0,1.0,1.0,2.0,1.0,2.0,8.0
70,71,philips,1,0,10.203592144986466,4.1,43.0,qled,1,32.0,1,0.0089595910959665,4.0,1.0,0.0,0.0,4.0,1.0,2.0,2.0,1.0,1.0,3.0,0.0,2.0,8.0
71,72,vu,1,0,10.184560331647974,4.4,43.0,qled,1,16.0,1,0.0099660249150622,4.0,1.0,0.0,0.0,4.0,1.0,2.0,3.0,1.0,1.0,3.0,0.0,0.0,7.0
72,73,lg,1,0,11.570146654617512,4.75,55.0,oled,1,44.8,1,0.0035886974916893,4.0,0.0,0.0,1.0,3.0,1.0,2.0,3.0,2.0,1.0,4.0,1.0,1.0,10.0
73,74,hisense,1,0,10.46310334047155,4.6,55.0,qled,1,28.8,1,0.0084116689048258,4.0,0.0,0.0,1.0,3.0,1.0,2.0,2.0,1.0,1.0,3.0,1.0,2.0,8.0
74,75,tcl,1,0,10.91492481446108,4.35,55.0,miniled,1,19.2,1,0.0052209492635024,3.4,0.0,1.0,0.0,3.0,1.0,2.0,1.0,2.0,0.0,3.0,1.0,2.0,8.0
75,76,tcl,1,0,10.373491181781864,4.45,43.0,qled,1,16.0,1,0.008065877058658,3.0,0.0,0.0,1.0,4.0,1.0,2.0,1.0,1.0,0.0,3.0,0.0,2.0,8.0
76,77,tcl,1,0,11.15612194133691,4.2,65.0,miniled,1,32.0,1,0.004320617231033,3.0,1.0,0.0,0.0,2.0,1.0,2.0,1.0,2.0,0.0,4.0,1.0,2.0,8.0
77,78,realme,1,0,10.16585181700362,4.5,55.0,qled,1,32.0,1,0.009692680487711,4.0,0.0,0.0,1.0,3.0,1.0,2.0,3.0,1.0,1.0,2.0,1.0,1.0,7.0
78,79,tcl,1,0,10.341452118734878,4.15,43.0,qled,1,16.0,1,0.0073652791222975,4.0,0.0,0.0,1.0,4.0,1.0,2.0,2.0,1.0,1.0,2.0,0.0,2.0,8.0
79,80,xiaomi,1,0,10.645210588588755,4.2,55.0,qled,1,32.0,1,0.0063015003572279,4.0,1.0,0.0,0.0,3.0,1.0,2.0,2.0,1.0,1.0,3.0,1.0,1.0,8.0
80,81,tcl,0,1,9.648014489106362,4.15,32.0,qled,1,19.2,1,0.0107165913492575,3.0,1.0,0.0,0.0,1.0,0.0,1.0,1.0,0.0,0.0,1.0,0.0,2.0,8.0
81,82,lg,0,0,9.594990340370426,4.65,32.0,led,1,16.0,1,0.0117120490129339,4.0,0.0,0.0,1.0,0.0,0.0,0.0,1.0,0.0,1.0,0.0,0.0,2.0,10.0
82,83,foxsky,1,0,9.546812608597396,4.15,43.0,qled,1,19.2,1,0.0139331380812915,4.0,0.0,0.0,1.0,1.0,0.0,1.0,2.0,2.0,1.0,1.0,0.0,2.0,4.0
83,84,xiaomi,0,0,9.305650551780507,4.7,32.0,led,1,16.0,1,0.014955514695145557,4.0,0.0,0.0,1.0,0.0,0.0,0.0,1.0,2.0,1.0,0.0,0.0,2.0,8.0
84,85,tcl,1,0,10.778768772309704,4.35,55.0,qled,1,16.0,1,0.0054386330485517,4.0,0.0,1.0,0.0,3.0,1.0,2.0,1.0,1.0,1.0,3.0,1.0,2.0,8.0
85,86,tcl,1,0,11.082004077752629,4.3,65.0,qled,1,16.0,1,0.004168333589783,4.0,0.0,1.0,0.0,2.0,1.0,2.0,1.0,1.0,1.0,3.0,1.0,2.0,8.0
86,87,samsung,1,0,12.001450263540583,4.25,65.0,micro,1,35.2,1,0.0020077918890729,4.0,0.0,0.0,1.0,2.0,1.0,2.0,2.0,2.0,1.0,4.0,1.0,2.0,10.0
87,88,blaupunkt,0,1,9.769956159911606,4.7,43.0,qled,1,19.2,1,0.0102062975027144,4.0,0.0,0.0,1.0,1.0,0.0,1.0,3.0,0.0,1.0,0.0,0.0,1.0,6.0
88,89,sony,1,0,11.461537429252754,4.6,55.0,led,1,19.2,1,0.0032929782082324,4.0,1.0,0.0,0.0,3.0,1.0,2.0,1.0,1.0,1.0,4.0,1.0,2.0,10.0
89,90,motorola,1,0,10.341742483467284,4.5,50.0,qled,1,32.0,1,0.0082744604664666,4.0,0.0,0.0,1.0,4.0,1.0,2.0,3.0,1.0,1.0,3.0,1.0,1.0,7.0
90,91,motorola,1,0,11.112447898373103,4.15,75.0,miniled,1,44.8,1,0.0043358856102329,4.0,0.0,0.0,1.0,1.0,1.0,2.0,1.0,1.0,1.0,4.0,1.0,2.0,7.0
91,92,samsung,1,0,11.289781913656018,4.3,65.0,miniled,1,22.4,1,0.0036012950161877,3.0,0.0,0.0,1.0,2.0,1.0,2.0,2.0,1.0,0.0,4.0,1.0,2.0,10.0
92,93,samsung,1,0,11.1660735453374,4.6,55.0,miniled,1,22.4,1,0.0042948083180082,3.0,0.0,1.0,0.0,3.0,1.0,2.0,1.0,2.0,0.0,3.0,1.0,2.0,10.0
93,94,lg,1,0,12.345797413264954,4.0,65.0,oled,1,44.8,1,0.001542252479739705,4.0,0.0,1.0,0.0,2.0,1.0,2.0,3.0,2.0,1.0,4.0,1.0,1.0,10.0
94,95,samsung,1,0,10.357457069703909,4.35,32.0,led,1,22.4,1,0.0073213718640838,3.0,1.0,0.0,0.0,4.0,1.0,2.0,2.0,1.0,0.0,2.0,0.0,2.0,10.0
95,96,vw,0,1,9.51044496442652,4.2,40.0,qled,1,19.2,1,0.0124453663234313,3.0,1.0,0.0,0.0,1.0,0.0,1.0,1.0,1.0,0.0,1.0,0.0,2.0,7.538144329896907
96,97,lg,1,0,10.819778284410283,4.4,55.0,led,1,25.6,1,0.0050161003220064,3.0,0.0,1.0,0.0,3.0,1.0,2.0,1.0,1.0,0.0,3.0,1.0,2.0,10.0
97,98,lg,1,0,11.233092507461846,4.4,55.0,miniled,1,32.0,1,0.0041910305595978,4.0,0.0,1.0,0.0,3.0,1.0,2.0,1.0,2.0,1.0,4.0,1.0,2.0,10.0
98,99,lg,1,0,11.121363262031055,4.7,55.0,miniled,1,16.0,1,0.0047278805899495,3.0,0.0,0.0,1.0,3.0,1.0,2.0,1.0,1.0,0.0,4.0,1.0,2.0,10.0
99,100,xiaomi,1,0,10.858998997563564,4.4,55.0,miniled,1,32.0,1,0.0054154887593992,3.0,1.0,0.0,0.0,3.0,1.0,2.0,2.0,1.0,0.0,3.0,1.0,1.0,8.0
100,101,vw,1,0,9.998797732340453,4.4,43.0,qled,1,32.0,1,0.0102004636574389,4.0,1.0,0.0,0.0,4.0,1.0,2.0,3.0,1.0,1.0,2.0,0.0,1.0,7.538144329896907
101,102,iffalcon,1,0,10.819778284410283,4.45,55.0,qled,1,19.2,1,0.0056071121422428,4.0,0.0,0.0,1.0,3.0,1.0,2.0,1.0,2.0,1.0,3.0,1.0,2.0,7.0
102,103,kenstar,0,0,9.121509158269568,4.0,32.0,qled,1,16.0,1,0.014955514695145557,4.0,0.0,0.0,1.0,0.0,0.0,0.0,1.0,0.0,1.0,0.0,0.0,2.0,7.538144329896907
103,104,philips,1,0,10.736396675471232,4.7,55.0,miniled,1,32.0,1,0.00674362486141,4.0,1.0,0.0,0.0,3.0,1.0,2.0,3.0,1.0,1.0,3.0,1.0,1.0,8.0
104,105,vw,0,0,9.121509158269568,4.35,32.0,led,1,16.0,1,0.014955514695145557,4.0,0.0,0.0,1.0,0.0,0.0,0.0,1.0,1.0,1.0,0.0,0.0,2.0,7.538144329896907
105,106,coocaa,1,0,10.404262840448617,4.6,55.0,miniled,1,32.0,1,0.0086426861420043,4.0,1.0,0.0,0.0,3.0,1.0,2.0,3.0,1.0,1.0,3.0,1.0,1.0,5.0
106,107,samsung,1,0,10.403990075979044,4.1,43.0,qled,1,19.2,1,0.0064625644134586,3.0,0.0,0.0,1.0,4.0,1.0,2.0,1.0,1.0,0.0,2.0,0.0,2.0,10.0
107,108,innoq,0,0,9.121509158269568,4.6,32.0,led,0,16.0,1,0.014955514695145557,3.0,0.0,0.0,1.0,0.0,0.0,0.0,2.0,0.0,1.0,0.0,0.0,2.0,3.0
108,109,vw,0,1,9.480367509189245,4.75,40.0,qled,1,19.2,1,0.014504924040003,4.0,0.0,0.0,1.0,1.0,0.0,1.0,1.0,2.0,1.0,1.0,0.0,2.0,7.538144329896907
109,110,vw,0,1,9.560997243589352,4.35,43.0,led,1,19.2,1,0.0113353053031903,4.0,0.0,0.0,1.0,1.0,0.0,1.0,1.0,1.0,1.0,0.0,0.0,2.0,7.538144329896907
110,111,vw,0,0,9.121509158269568,4.7,32.0,led,1,16.0,1,0.014955514695145557,4.0,1.0,0.0,0.0,0.0,0.0,0.0,1.0,1.0,1.0,0.0,0.0,2.0,7.538144329896907
111,112,vu,1,0,10.491024186183038,4.2,55.0,qled,1,16.0,1,0.0073520422339538,4.0,1.0,0.0,0.0,3.0,1.0,2.0,3.0,1.0,1.0,3.0,1.0,0.0,7.0
112,113,xiaomi,0,0,9.472704636443671,4.6,32.0,led,1,16.0,1,0.0127394414954996,4.0,1.0,0.0,0.0,0.0,0.0,0.0,1.0,2.0,1.0,0.0,0.0,2.0,8.0
113,114,blaupunkt,0,1,9.51044496442652,4.75,40.0,qled,1,19.2,1,0.014955514695145557,4.0,1.0,0.0,0.0,1.0,0.0,1.0,3.0,0.0,1.0,1.0,0.0,1.0,6.0
114,115,hisense,1,0,11.156250521031495,4.45,65.0,miniled,1,32.0,1,0.0046407805825797,4.0,0.0,0.0,1.0,2.0,1.0,2.0,1.0,1.0,1.0,4.0,1.0,2.0,8.0
115,116,sony,1,0,10.736201004154935,4.3,43.0,led,1,19.2,1,0.0049554250924113,4.0,1.0,0.0,0.0,4.0,1.0,2.0,1.0,1.0,1.0,2.0,0.0,2.0,10.0
116,117,sony,1,0,11.034744492199986,4.45,55.0,led,1,16.0,1,0.0041635747701242,4.0,1.0,0.0,0.0,3.0,1.0,2.0,1.0,1.0,1.0,3.0,1.0,2.0,10.0
117,118,tcl,1,0,10.714417768752456,4.0,55.0,qled,1,32.0,1,0.0055112335829685,3.0,0.0,0.0,1.0,3.0,1.0,2.0,2.0,2.0,0.0,3.0,1.0,1.0,8.0
118,119,samsung,0,0,9.71057005652877,4.05,32.0,led,0,16.0,1,0.0083505154639175,3.0,0.0,1.0,0.0,0.0,0.0,0.0,1.0,1.0,0.0,0.0,0.0,2.0,10.0
119,120,samsung,1,0,10.69174034652358,4.1,55.0,qled,1,25.6,1,0.0054989770402364,3.0,1.0,0.0,0.0,3.0,1.0,2.0,1.0,1.0,0.0,3.0,1.0,2.0,10.0
120,121,tcl,0,1,10.126271039034782,4.55,43.0,qled,1,19.2,1,0.0081932773109243,4.0,1.0,0.0,0.0,1.0,0.0,1.0,1.0,1.0,1.0,1.0,0.0,2.0,8.0
121,122,samsung,1,0,11.141861783579396,4.25,55.0,miniled,1,19.2,1,0.0040652763083522,4.0,1.0,0.0,0.0,3.0,1.0,2.0,1.0,1.0,1.0,3.0,1.0,2.0,10.0
122,123,samsung,1,0,10.257343526911065,4.7,43.0,led,1,19.2,1,0.0087434187434187,3.0,1.0,0.0,0.0,4.0,1.0,2.0,1.0,1.0,0.0,2.0,0.0,2.0,10.0
123,124,lg,1,0,10.165505603232392,4.75,43.0,led,1,19.2,1,0.0082243170450173,4.0,0.0,1.0,0.0,4.0,1.0,2.0,1.0,1.0,1.0,1.0,0.0,2.0,10.0
124,125,toshiba,1,0,9.998797732340453,4.0,43.0,qled,1,16.0,1,0.0101822810127733,4.0,0.0,0.0,1.0,4.0,1.0,2.0,1.0,1.0,1.0,2.0,0.0,2.0,8.0
125,126,tcl,1,0,10.46310334047155,4.55,43.0,qled,1,32.0,1,0.007280208005943,3.0,0.0,0.0,1.0,4.0,1.0,2.0,2.0,1.0,0.0,2.0,0.0,2.0,8.0
126,127,marq,0,1,9.472704636443671,4.5,43.0,led,1,19.2,1,0.0110777752134779,4.0,0.0,0.0,1.0,1.0,0.0,1.0,1.0,0.0,1.0,0.0,0.0,2.0,5.0
127,128,panasonic,1,0,9.998797732340453,4.35,43.0,led,1,16.0,1,0.0098868130369562,4.0,0.0,1.0,0.0,4.0,1.0,2.0,1.0,1.0,1.0,1.0,0.0,2.0,8.0
128,129,sony,1,0,10.46310334047155,4.05,43.0,led,1,22.4,1,0.0056701620046287,3.0,0.0,1.0,0.0,4.0,1.0,2.0,1.0,1.0,0.0,1.0,0.0,2.0,10.0
129,130,samsung,0,0,9.546169544733283,4.4,32.0,led,1,16.0,1,0.0097498213009292,3.0,0.0,1.0,0.0,0.0,0.0,0.0,1.0,0.0,0.0,0.0,0.0,2.0,10.0
130,131,kodak,0,1,9.680344001221918,4.25,40.0,qled,1,19.2,1,0.0111569473092068,4.0,0.0,0.0,1.0,1.0,0.0,1.0,3.0,0.0,1.0,1.0,0.0,1.0,6.0
131,132,lg,1,0,10.714417768752456,4.2,43.0,miniled,1,19.2,1,0.0051334474099424,3.0,0.0,0.0,1.0,4.0,1.0,2.0,1.0,1.0,0.0,2.0,0.0,2.0,10.0
132,133,lg,1,0,11.635063448504866,4.6,65.0,miniled,1,44.8,1,0.0031755022568368,4.0,0.0,1.0,0.0,2.0,1.0,2.0,1.0,2.0,1.0,4.0,1.0,2.0,10.0
133,134,lg,1,0,11.634178030396887,4.75,48.0,oled,1,44.8,1,0.0033240322437771,4.0,0.0,1.0,0.0,4.0,1.0,2.0,1.0,2.0,1.0,4.0,0.0,2.0,10.0
134,135,lg,1,0,12.345797413264954,4.35,77.0,oled,1,44.8,1,0.001542252479739705,4.0,0.0,1.0,0.0,1.0,1.0,2.0,3.0,2.0,1.0,4.0,1.0,1.0,10.0
135,136,tcl,1,0,10.462846164547514,4.35,55.0,led,0,25.5,0,0.006750717783094,3.0,0.0,1.0,0.0,1.0,0.0,1.0,1.0,1.0,0.0,2.0,1.0,2.0,8.0
136,137,tcl,1,0,10.571086129249698,4.15,50.0,qled,1,16.0,1,0.0061733777891767,4.0,0.0,1.0,0.0,4.0,1.0,2.0,1.0,1.0,1.0,3.0,1.0,2.0,8.0
137,138,tcl,1,0,10.91492481446108,4.25,65.0,led,1,16.0,1,0.0041734860883797,4.0,1.0,0.0,0.0,2.0,1.0,2.0,1.0,0.0,1.0,2.0,1.0,2.0,8.0
138,139,tcl,1,0,10.87787736679393,4.2,55.0,qled,1,32.0,1,0.0054689564068692,3.0,0.0,1.0,0.0,3.0,1.0,2.0,1.0,2.0,0.0,4.0,1.0,2.0,8.0
139,140,tcl,1,0,11.15612194133691,4.55,65.0,qled,1,32.0,1,0.0047456779539934,3.0,0.0,1.0,0.0,2.0,1.0,2.0,1.0,2.0,0.0,4.0,1.0,2.0,8.0
140,141,tcl,1,0,10.645210588588755,4.4,55.0,qled,1,16.0,1,0.0061824243867587,3.0,1.0,0.0,0.0,3.0,1.0,2.0,1.0,1.0,0.0,3.0,1.0,2.0,8.0
141,142,tcl,1,0,10.403990075979044,4.3,43.0,qled,1,16.0,1,0.0072991815701727,3.0,1.0,0.0,0.0,4.0,1.0,2.0,1.0,1.0,0.0,2.0,0.0,2.0,8.0
142,143,samsung,1,0,11.05074713802576,4.55,65.0,led,1,28.8,1,0.0045507223368788,3.0,1.0,0.0,0.0,2.0,1.0,2.0,2.0,1.0,0.0,3.0,1.0,2.0,10.0
143,144,samsung,1,0,11.05074713802576,4.0,55.0,miniled,1,22.4,1,0.0038736307350373,3.0,0.0,1.0,0.0,3.0,1.0,2.0,1.0,1.0,0.0,3.0,1.0,2.0,10.0
144,145,tcl,1,0,10.858998997563564,4.65,55.0,qled,1,32.0,1,0.0059914613742571,3.0,0.0,0.0,1.0,3.0,1.0,2.0,2.0,2.0,0.0,4.0,1.0,1.0,8.0
145,146,motorola,1,0,11.608235644774552,4.1,77.0,miniled,1,44.8,1,0.0028327530250275,4.0,0.0,0.0,1.0,1.0,1.0,2.0,1.0,1.0,1.0,4.0,0.0,2.0,7.0
146,147,realme,0,1,9.809176873064889,4.45,40.0,qled,1,19.2,1,0.0107588329029067,4.0,0.0,0.0,1.0,1.0,0.0,1.0,1.0,0.0,1.0,1.0,0.0,2.0,7.0
147,148,samsung,1,0,10.357457069703909,4.3,43.0,led,1,25.6,1,0.0073737694506192,3.0,0.0,0.0,1.0,4.0,1.0,2.0,2.0,1.0,0.0,2.0,0.0,2.0,10.0
148,149,toshiba,1,0,10.596409707779776,4.6,55.0,led,1,19.2,1,0.0060965241310327,4.0,1.0,0.0,0.0,3.0,1.0,2.0,2.0,1.0,1.0,2.0,1.0,2.0,8.0
149,150,samsung,1,0,10.714217748749787,4.2,55.0,led,1,32.0,1,0.0055078906423649,3.0,1.0,0.0,0.0,3.0,1.0,2.0,2.0,1.0,0.0,3.0,1.0,2.0,10.0
150,151,croma,1,0,10.571086129249698,4.2,55.0,qled,1,32.0,1,0.0062477558348294,4.0,0.0,1.0,0.0,3.0,1.0,2.0,1.0,1.0,1.0,3.0,1.0,2.0,6.0
151,152,lg,1,0,11.852898708764702,4.65,55.0,oled,1,44.8,1,0.0026478752936152,4.0,0.0,1.0,0.0,3.0,1.0,2.0,1.0,2.0,1.0,4.0,1.0,2.0,10.0
152,153,lg,1,0,11.134457628756993,4.55,55.0,miniled,1,22.4,1,0.0044510147466783,3.0,0.0,1.0,0.0,3.0,1.0,2.0,1.0,1.0,0.0,4.0,1.0,2.0,10.0
153,154,vw,1,0,10.16585181700362,4.5,50.0,qled,1,32.0,1,0.0093465133274356,4.0,1.0,0.0,0.0,4.0,1.0,2.0,3.0,1.0,1.0,2.0,1.0,1.0,7.538144329896907
154,155,lg,0,0,9.81961669349898,4.0,32.0,led,1,16.0,1,0.0078303425774877,3.0,0.0,1.0,0.0,0.0,0.0,0.0,0.0,0.0,0.0,0.0,0.0,2.0,10.0
155,156,lg,1,0,10.69627642742294,4.2,50.0,led,1,19.2,1,0.0052274270196877,3.0,0.0,1.0,0.0,4.0,1.0,2.0,1.0,1.0,0.0,2.0,1.0,2.0,10.0
156,157,samsung,1,0,11.751871496787873,4.2,55.0,micro,1,25.6,1,0.0024805102763997,4.0,0.0,0.0,1.0,3.0,1.0,2.0,2.0,1.0,1.0,4.0,1.0,2.0,10.0
157,158,lg,1,0,10.736396675471232,4.05,55.0,led,1,19.2,1,0.0048424965760125,3.0,1.0,0.0,0.0,3.0,1.0,2.0,1.0,1.0,0.0,2.0,1.0,2.0,10.0
158,159,lg,0,0,9.780811314668616,4.55,32.0,led,1,16.0,1,0.0097738835500282,3.0,0.0,1.0,0.0,0.0,0.0,0.0,0.0,0.0,0.0,0.0,0.0,2.0,10.0
159,160,lg,0,0,9.852194258148575,4.45,32.0,led,1,16.0,1,0.0084320227380388,3.0,1.0,0.0,0.0,0.0,0.0,0.0,0.0,0.0,0.0,0.0,0.0,2.0,10.0
160,161,lg,1,0,11.48246625748552,4.35,65.0,miniled,1,16.0,1,0.0033185909133083,3.0,1.0,0.0,0.0,2.0,1.0,2.0,1.0,1.0,0.0,4.0,1.0,2.0,10.0
161,162,motorola,0,0,9.367344120785848,4.75,32.0,qled,1,16.0,1,0.014955514695145557,4.0,0.0,0.0,1.0,0.0,0.0,0.0,3.0,0.0,1.0,1.0,0.0,1.0,7.0
162,163,motorola,1,0,10.404262840448617,4.7,55.0,qled,1,32.0,1,0.0088305706233522,4.0,0.0,0.0,1.0,3.0,1.0,2.0,3.0,1.0,1.0,3.0,1.0,1.0,7.0
163,164,xiaomi,1,0,11.184421397998191,4.7,65.0,miniled,1,32.0,1,0.0043736718565535,3.0,1.0,0.0,0.0,2.0,1.0,2.0,2.0,1.0,0.0,4.0,1.0,1.0,8.0
164,165,acerpure,1,0,10.043249494911286,4.7,42.52,qled,1,32.0,1,0.0114439758250358,4.0,0.0,0.0,1.0,4.0,1.0,2.0,3.0,1.0,1.0,2.0,0.0,1.0,5.0
165,166,foxsky,0,1,9.392661928770137,4.5,40.0,qled,1,19.2,1,0.0135011250937578,4.0,0.0,0.0,1.0,1.0,0.0,1.0,2.0,1.0,1.0,0.0,0.0,2.0,4.0
166,167,xiaomi,1,0,11.238172779922788,4.35,75.0,qled,1,32.0,1,0.0038933859822309,4.0,0.0,0.0,1.0,1.0,1.0,2.0,2.0,1.0,1.0,4.0,1.0,1.0,8.0
167,168,lg,1,0,11.35030064751358,4.3,55.0,miniled,1,28.8,1,0.0033898105659489,4.0,0.0,0.0,1.0,3.0,1.0,2.0,1.0,1.0,1.0,4.0,1.0,2.0,10.0
168,169,foxsky,1,0,9.9281801651265,4.1,43.0,miniled,0,22.4,1,0.0090004390458071,3.0,0.0,0.0,1.0,4.0,1.0,2.0,3.0,0.0,1.0,1.0,0.0,1.0,4.0
169,170,philips,1,0,10.968198289528557,4.7,65.0,miniled,1,32.0,1,0.0055104398351695,4.0,1.0,0.0,0.0,2.0,1.0,2.0,3.0,1.0,1.0,4.0,1.0,1.0,8.0
170,171,vw,1,0,9.998797732340453,4.65,43.0,qled,1,16.0,1,0.0105686622119187,4.0,0.0,0.0,1.0,4.0,1.0,2.0,3.0,1.0,1.0,1.0,0.0,1.0,7.538144329896907
171,172,hisense,1,0,10.221613957361985,4.2,43.0,qled,1,16.0,1,0.0085558384867224,4.0,0.0,0.0,1.0,4.0,1.0,2.0,1.0,1.0,1.0,2.0,0.0,2.0,8.0
172,173,hisense,1,0,11.982929094215963,4.75,75.0,miniled,1,35.2,1,0.0024937655860349,4.0,1.0,0.0,0.0,1.0,1.0,2.0,3.0,1.0,1.0,4.0,1.0,0.0,8.0
173,174,vw,1,0,10.077440859659566,4.0,55.0,qled,1,16.0,1,0.0084037144417832,4.0,0.0,0.0,1.0,3.0,1.0,2.0,3.0,1.0,1.0,1.0,1.0,1.0,7.538144329896907
174,175,thomson,1,0,10.404262840448617,4.55,55.0,qled,1,32.0,1,0.0082729779690293,4.0,0.0,0.0,1.0,3.0,1.0,2.0,3.0,1.0,1.0,3.0,1.0,0.0,7.0
175,176,hisense,1,0,10.274740715974104,4.2,43.0,qled,1,16.0,1,0.0072438771990341,4.0,1.0,0.0,0.0,4.0,1.0,2.0,3.0,1.0,1.0,1.0,0.0,1.0,8.0
176,177,acer,1,0,10.043249494911286,4.3,43.0,led,1,16.0,1,0.0095351971824861,4.0,0.0,0.0,1.0,4.0,1.0,2.0,2.0,1.0,1.0,2.0,0.0,2.0,7.0
177,178,acerpure,1,0,10.896739325546411,4.25,75.0,qled,1,16.0,1,0.0052732458008481,4.0,0.0,0.0,1.0,1.0,1.0,2.0,3.0,1.0,1.0,4.0,1.0,1.0,5.0
178,179,blaupunkt,1,0,9.825526011066415,4.1,43.0,qled,1,22.4,1,0.0095302448781015,4.0,0.0,0.0,1.0,4.0,1.0,2.0,3.0,1.0,1.0,1.0,0.0,1.0,6.0
179,180,acerpure,1,0,10.308952660644293,4.6,55.0,qled,1,16.0,1,0.0092003066768892,4.0,0.0,0.0,1.0,3.0,1.0,2.0,3.0,1.0,1.0,3.0,1.0,1.0,5.0
180,181,panasonic,0,0,9.546812608597396,4.1,32.0,led,1,16.0,1,0.0102507321951567,3.0,0.0,0.0,1.0,0.0,0.0,0.0,1.0,2.0,0.0,0.0,0.0,2.0,8.0
181,182,tcl,0,1,10.30865261563529,4.7,50.0,qled,1,19.2,1,0.0073657885961987,4.0,1.0,0.0,0.0,0.0,0.0,1.0,1.0,1.0,1.0,1.0,1.0,2.0,8.0
182,183,realme,1,0,10.357742824813725,4.05,55.0,qled,1,22.4,1,0.0061716244960157,4.0,0.0,0.0,1.0,3.0,1.0,2.0,3.0,0.0,1.0,1.0,1.0,1.0,7.0
183,184,vu,1,0,10.261161996807944,4.75,50.0,qled,1,16.0,1,0.010131473128431,4.0,0.0,0.0,1.0,4.0,1.0,2.0,1.0,1.0,1.0,3.0,1.0,2.0,7.0
184,185,xiaomi,0,0,9.546812608597396,4.5,32.0,led,1,16.0,1,0.010607900564326,4.0,1.0,0.0,0.0,0.0,0.0,0.0,1.0,0.0,1.0,0.0,0.0,2.0,8.0
185,186,tcl,1,0,11.289781913656018,4.2,55.0,miniled,1,44.8,1,0.0037275465943324,3.0,0.0,0.0,1.0,3.0,1.0,2.0,1.0,2.0,0.0,4.0,1.0,2.0,8.0
186,187,philips,1,0,10.46310334047155,4.25,50.0,qled,1,32.0,1,0.0072859224549272,4.0,1.0,0.0,0.0,4.0,1.0,2.0,2.0,1.0,1.0,3.0,1.0,2.0,8.0
187,188,tcl,1,0,12.345797413264954,4.55,77.0,miniled,1,44.8,1,0.0015430501871747,4.0,0.0,0.0,1.0,1.0,1.0,2.0,3.0,2.0,1.0,4.0,0.0,1.0,8.0
188,189,xiaomi,0,0,9.472704636443671,4.15,32.0,qled,1,16.0,1,0.0127702130933148,4.0,0.0,0.0,1.0,0.0,0.0,0.0,1.0,0.0,1.0,1.0,0.0,2.0,8.0
189,190,tcl,1,0,11.13687837249461,4.65,65.0,miniled,1,19.2,1,0.0044701118620368,3.4,0.0,0.0,1.0,2.0,1.0,2.0,1.0,2.0,0.0,3.0,1.0,2.0,8.0
190,191,coocaa,0,0,9.121509158269568,4.6,32.0,qled,1,16.0,1,0.014955514695145557,4.0,0.0,0.0,1.0,0.0,0.0,0.0,2.0,2.0,1.0,0.0,0.0,2.0,5.0
191,192,lg,1,0,10.571086129249698,4.55,50.0,led,1,19.2,1,0.0059515260323159,3.0,0.0,0.0,1.0,4.0,1.0,2.0,1.0,1.0,0.0,2.0,1.0,2.0,10.0
192,193,tcl,1,0,10.714417768752456,4.05,55.0,miniled,1,25.6,1,0.0053101180026222,3.0,0.0,0.0,1.0,3.0,1.0,2.0,1.0,1.0,0.0,3.0,1.0,2.0,8.0
193,194,hisense,1,0,10.819778284410283,4.3,65.0,qled,1,25.6,1,0.0057621152423048,4.0,0.0,0.0,1.0,2.0,1.0,2.0,2.0,1.0,1.0,4.0,1.0,2.0,8.0
194,195,hisense,1,0,11.512925464970229,4.3,75.0,miniled,1,44.8,1,0.0033540335403354,4.0,1.0,0.0,0.0,1.0,1.0,2.0,1.0,2.0,1.0,4.0,1.0,2.0,8.0
195,196,sony,1,0,11.711702550502414,4.65,75.0,led,1,16.0,1,0.0025538978604803,4.0,1.0,0.0,0.0,1.0,1.0,2.0,1.0,1.0,1.0,4.0,1.0,2.0,10.0
196,197,hisense,1,0,10.203592144986466,4.35,43.0,qled,1,28.8,1,0.0095059076262083,4.0,1.0,0.0,0.0,4.0,1.0,2.0,2.0,1.0,1.0,3.0,0.0,2.0,8.0
197,198,tcl,1,0,10.239638308916676,4.4,43.0,led,1,16.0,1,0.007545551982851,3.0,1.0,0.0,0.0,4.0,1.0,2.0,0.0,1.0,0.0,1.0,0.0,2.0,8.0
198,199,tcl,1,0,11.06663836234181,4.75,65.0,miniled,1,16.0,1,0.0051211737683401,3.0,0.0,0.0,1.0,2.0,1.0,2.0,3.0,1.0,0.0,4.0,1.0,1.0,8.0
199,200,sony,1,0,11.097273648073832,4.6,55.0,led,1,16.0,1,0.0039036217608728,4.0,1.0,0.0,0.0,3.0,1.0,2.0,1.0,1.0,1.0,2.0,1.0,2.0,10.0
200,201,motorola,1,0,10.404262840448617,4.35,55.0,qled,1,32.0,1,0.0075138640564865,4.0,0.0,0.0,1.0,3.0,1.0,2.0,3.0,1.0,1.0,3.0,1.0,1.0,7.0
201,202,haier,1,0,11.112313560992032,4.25,55.0,miniled,1,32.0,1,0.0043775190326914,4.0,0.0,1.0,0.0,3.0,1.0,2.0,3.0,1.0,1.0,4.0,1.0,1.0,7.0
202,203,motorola,1,0,10.736396675471232,4.05,65.0,qled,1,32.0,1,0.0052827235374682,4.0,0.0,0.0,1.0,2.0,1.0,2.0,3.0,1.0,1.0,3.0,1.0,1.0,7.0
203,204,samsung,1,0,10.274740715974104,4.05,43.0,led,1,19.2,1,0.0072645739910313,3.0,0.0,0.0,1.0,4.0,1.0,2.0,1.0,1.0,0.0,2.0,0.0,2.0,10.0
204,205,xiaomi,1,0,10.085809109330082,4.4,43.0,led,1,32.0,1,0.008800366681945,4.0,1.0,0.0,0.0,4.0,1.0,2.0,1.0,1.0,1.0,1.0,0.0,2.0,8.0
205,206,samsung,1,0,12.200512214949525,4.4,65.0,oled,1,41.6,1,0.0018361908592689,4.0,0.0,1.0,0.0,2.0,1.0,2.0,3.0,2.0,1.0,4.0,1.0,0.0,10.0
206,207,samsung,0,0,9.679718805828,4.5,32.0,led,1,16.0,1,0.0104134092188379,3.0,0.0,0.0,1.0,0.0,0.0,0.0,1.0,0.0,0.0,0.0,0.0,2.0,10.0
207,208,samsung,1,0,11.542484267211773,4.2,65.0,miniled,1,32.0,1,0.0028951737395508,4.0,0.0,0.0,1.0,2.0,1.0,2.0,1.0,2.0,1.0,4.0,1.0,2.0,10.0
208,209,xiaomi,1,0,10.51867319162636,4.7,55.0,led,1,22.4,1,0.006986675315549,4.0,1.0,0.0,0.0,3.0,1.0,2.0,2.0,1.0,1.0,2.0,1.0,1.0,8.0
209,210,samsung,1,0,11.56171562913966,4.55,55.0,oled,1,38.4,1,0.0033800321907827,4.0,0.0,0.0,1.0,3.0,1.0,2.0,3.0,2.0,1.0,4.0,1.0,1.0,10.0
210,211,samsung,1,0,12.05810613756652,4.6,65.0,miniled,1,35.2,1,0.0020534404693578,4.0,0.0,0.0,1.0,2.0,1.0,2.0,3.0,2.0,1.0,4.0,1.0,1.0,10.0
211,212,hisense,1,0,10.621327345686446,4.55,55.0,qled,1,28.8,1,0.0074355472084684,4.0,1.0,0.0,0.0,3.0,1.0,2.0,1.0,1.0,1.0,4.0,1.0,2.0,8.0
212,213,tcl,1,0,10.16203685698089,4.5,43.0,led,1,19.2,1,0.0079922779922779,3.0,0.0,0.0,1.0,4.0,1.0,2.0,1.0,1.0,0.0,1.0,0.0,2.0,8.0
213,214,iffalcon,1,0,10.596634733096073,4.2,65.0,led,1,16.0,1,0.0053551338783469,3.0,0.0,0.0,1.0,2.0,1.0,2.0,1.0,1.0,0.0,2.0,1.0,2.0,7.0
214,215,tcl,0,1,9.951849053414008,4.05,40.0,qled,1,19.2,1,0.0081038589804668,3.0,1.0,0.0,0.0,1.0,0.0,1.0,1.0,0.0,0.0,1.0,0.0,2.0,8.0
215,216,tcl,1,0,10.621327345686446,4.7,55.0,qled,1,16.0,1,0.0069928534842313,3.0,0.0,0.0,1.0,3.0,1.0,2.0,1.0,1.0,0.0,3.0,1.0,2.0,8.0
216,217,iffalcon,0,1,9.852194258148575,4.7,40.0,led,1,19.2,1,0.0094004947628822,3.0,0.0,0.0,1.0,1.0,0.0,1.0,1.0,0.0,0.0,0.0,0.0,2.0,7.0
217,218,samsung,1,0,10.86839700531273,4.7,55.0,qled,1,19.2,1,0.0050142884358925,3.0,1.0,0.0,0.0,3.0,1.0,2.0,1.0,1.0,0.0,2.0,1.0,2.0,10.0
218,219,samsung,1,0,10.328461127032336,4.2,43.0,led,1,19.2,1,0.0068649885583524,3.0,0.0,1.0,0.0,4.0,1.0,2.0,1.0,1.0,0.0,1.0,0.0,2.0,10.0
219,220,samsung,1,0,10.592952963693447,4.6,43.0,qled,1,22.4,1,0.0062330623306233,3.0,0.0,0.0,1.0,4.0,1.0,2.0,1.0,1.0,0.0,2.0,0.0,2.0,10.0
220,221,lumio,1,0,10.275051108968611,4.7,43.0,qled,1,16.0,1,0.0092382495948136,4.0,0.0,0.0,1.0,4.0,1.0,2.0,1.0,2.0,1.0,3.0,0.0,2.0,7.538144329896907
221,222,xiaomi,1,0,10.933106969717286,4.25,65.0,qled,1,32.0,1,0.0050849122305755,4.0,1.0,0.0,0.0,2.0,1.0,2.0,2.0,1.0,1.0,4.0,1.0,1.0,8.0
222,223,tcl,0,0,9.615205300012317,4.0,32.0,qled,1,16.0,1,0.010406937958639,4.0,1.0,0.0,0.0,0.0,0.0,0.0,0.0,0.0,1.0,0.0,0.0,2.0,8.0
223,224,thomson,0,0,9.121509158269568,4.3,32.0,led,1,16.0,1,0.014955514695145557,4.0,0.0,0.0,1.0,0.0,0.0,0.0,1.0,1.0,1.0,0.0,0.0,2.0,7.0
224,225,lg,0,0,9.679781342959442,4.1,32.0,led,1,16.0,1,0.0089743589743589,3.0,0.0,1.0,0.0,0.0,0.0,0.0,1.0,0.0,0.0,0.0,0.0,2.0,10.0
225,226,thomson,1,0,9.852194258148575,4.1,43.0,qled,1,22.4,1,0.0099268382546449,4.0,0.0,0.0,1.0,4.0,1.0,2.0,3.0,1.0,1.0,1.0,0.0,1.0,7.0
226,227,foxsky,1,0,10.23995978915734,4.45,55.0,qled,1,16.0,1,0.0098539233544055,4.0,1.0,0.0,0.0,3.0,1.0,2.0,2.0,1.0,1.0,3.0,1.0,2.0,4.0
227,228,vu,1,0,10.819598268208338,4.15,55.0,qled,1,16.0,1,0.0057281456291258,4.0,1.0,0.0,0.0,3.0,1.0,2.0,1.0,2.0,1.0,4.0,1.0,2.0,7.0
228,229,foxsky,0,0,9.121509158269568,4.1,32.0,qled,1,16.0,1,0.014955514695145557,4.0,0.0,0.0,1.0,0.0,0.0,0.0,2.0,2.0,1.0,0.0,0.0,2.0,4.0
229,230,infinix,1,0,9.903487552536127,4.25,43.0,qled,1,16.0,1,0.0104130206510325,4.0,0.0,0.0,1.0,4.0,1.0,2.0,3.0,1.0,1.0,1.0,0.0,1.0,6.0
230,231,acer,1,0,10.203592144986466,4.75,43.0,qled,1,16.0,1,0.0100281491907107,4.0,1.0,0.0,0.0,4.0,1.0,2.0,3.0,1.0,1.0,3.0,0.0,1.0,7.0
231,232,realme,1,0,10.491274217438248,4.15,65.0,led,1,16.0,1,0.0057640490013611,4.0,0.0,0.0,1.0,2.0,1.0,2.0,3.0,1.0,1.0,1.0,1.0,1.0,7.0
232,233,realme,1,0,10.275051108968611,4.25,50.0,qled,1,16.0,1,0.0079140660022759,4.0,0.0,0.0,1.0,4.0,1.0,2.0,2.0,1.0,1.0,2.0,1.0,2.0,7.0
233,234,realme,1,0,9.814656338829511,4.15,43.0,led,1,16.0,1,0.0102054757090551,4.0,0.0,0.0,1.0,4.0,1.0,2.0,2.0,1.0,1.0,1.0,0.0,2.0,7.0
234,235,sony,1,0,11.264348714399029,4.6,55.0,led,1,16.0,1,0.0037158610078215,4.0,1.0,0.0,0.0,3.0,1.0,2.0,1.0,1.0,1.0,3.0,1.0,2.0,10.0
235,236,haier,1,0,10.827766295132466,4.55,65.0,qled,1,32.0,1,0.0059583333333333,4.0,0.0,0.0,1.0,2.0,1.0,2.0,1.0,1.0,1.0,3.0,1.0,2.0,7.0
236,237,sony,1,0,11.918330571278322,4.6,55.0,miniled,1,32.0,1,0.0024534968997933,4.0,0.0,0.0,1.0,3.0,1.0,2.0,3.0,2.0,1.0,4.0,1.0,1.0,10.0
237,238,haier,1,0,10.43385106267516,4.35,43.0,qled,1,32.0,1,0.0078067078552515,4.0,0.0,0.0,1.0,4.0,1.0,2.0,1.0,1.0,1.0,3.0,0.0,2.0,7.0
238,239,motorola,1,0,10.275051108968611,4.55,50.0,miniled,1,16.0,1,0.0086296079175143,4.0,0.0,0.0,1.0,4.0,1.0,2.0,1.0,1.0,1.0,2.0,1.0,2.0,7.0
239,240,samsung,1,0,10.16585181700362,4.3,43.0,led,1,22.4,1,0.008104157852225,3.0,0.0,0.0,1.0,4.0,1.0,2.0,1.0,1.0,0.0,1.0,0.0,2.0,10.0
240,241,lg,1,0,11.461537429252754,4.1,55.0,oled,1,25.6,1,0.0031076955468996,4.0,0.0,0.0,1.0,3.0,1.0,2.0,3.0,1.0,1.0,4.0,1.0,1.0,10.0
241,242,hisense,1,0,9.961756460660103,4.7,43.0,qled,1,16.0,1,0.0121939714137459,4.0,0.0,0.0,1.0,4.0,1.0,2.0,1.0,0.0,1.0,2.0,0.0,2.0,8.0
242,243,panasonic,1,0,10.177324218165856,4.55,43.0,led,1,16.0,1,0.0088235294117647,4.0,0.0,1.0,0.0,4.0,1.0,2.0,1.0,1.0,1.0,2.0,0.0,2.0,8.0
243,244,foxsky,0,1,9.121509158269568,4.4,32.0,led,1,19.2,1,0.014955514695145557,4.0,0.0,0.0,1.0,1.0,0.0,1.0,2.0,1.0,1.0,0.0,0.0,2.0,4.0
244,245,marq,0,1,9.121509158269568,4.6,32.0,led,1,19.2,1,0.014955514695145557,4.0,0.0,0.0,1.0,1.0,0.0,1.0,1.0,0.0,1.0,0.0,0.0,2.0,5.0
245,246,lg,1,0,10.16585181700362,4.55,43.0,led,1,28.8,1,0.0085753298203777,4.0,0.0,0.0,1.0,4.0,1.0,2.0,1.0,1.0,1.0,1.0,0.0,2.0,10.0
246,247,xiaomi,1,0,10.308952660644293,4.4,50.0,led,1,16.0,1,0.0079202640088002,4.0,0.0,1.0,0.0,4.0,1.0,2.0,3.0,1.0,1.0,2.0,1.0,1.0,8.0
247,248,xiaomi,1,0,10.126631103850338,4.15,43.0,led,1,16.0,1,0.0087983519340773,4.0,0.0,1.0,0.0,4.0,1.0,2.0,2.0,1.0,1.0,2.0,0.0,2.0,8.0
248,249,blaupunkt,1,0,9.798127036878302,4.15,49.0,led,1,22.4,1,0.0096838713261847,4.0,0.0,0.0,1.0,4.0,1.0,2.0,3.0,0.0,1.0,1.0,0.0,1.0,6.0
249,250,samsung,1,0,11.450954311987475,4.45,55.0,qled,1,32.0,1,0.0033615278221087,4.0,0.0,1.0,0.0,3.0,1.0,2.0,1.0,2.0,1.0,4.0,1.0,2.0,10.0
250,251,ifflacon,1,0,10.714417768752456,4.45,65.0,led,1,19.2,1,0.0051423364963665,3.0,0.0,0.0,1.0,2.0,1.0,2.0,1.0,1.0,0.0,2.0,1.0,2.0,7.538144329896907
251,252,akai,0,1,9.975389521825209,4.05,43.0,led,0,19.2,1,0.0071614704513727,3.0,0.0,0.0,1.0,1.0,0.0,1.0,1.0,2.0,0.0,0.0,0.0,2.0,3.0
252,253,ifflacon,1,0,10.203592144986466,4.25,43.0,led,1,22.4,1,0.0075558354013111,3.0,0.0,0.0,1.0,4.0,1.0,2.0,1.0,1.0,0.0,1.0,0.0,2.0,7.538144329896907
253,254,kodak,0,1,9.798127036878302,4.05,43.0,qled,1,19.2,1,0.0094505250291682,4.0,0.0,0.0,1.0,1.0,0.0,1.0,3.0,0.0,1.0,1.0,0.0,1.0,6.0
254,255,kodak,0,0,9.392661928770137,4.35,32.0,qled,1,16.0,1,0.0137761480123343,4.0,0.0,0.0,1.0,0.0,0.0,0.0,3.0,0.0,1.0,0.0,0.0,1.0,6.0
255,256,lg,1,0,11.84939770159144,4.1,75.0,miniled,1,44.8,1,0.0022843020307287,3.0,0.0,0.0,1.0,1.0,1.0,2.0,1.0,2.0,0.0,4.0,1.0,2.0,10.0
256,257,lg,1,0,12.345797413264954,4.0,77.0,miniled,1,44.8,1,0.001542252479739705,4.0,0.0,1.0,0.0,1.0,1.0,2.0,1.0,2.0,1.0,4.0,0.0,2.0,10.0
257,258,sony,1,0,12.345797413264954,4.25,77.0,led,1,38.4,1,0.001542252479739705,4.0,0.0,1.0,0.0,1.0,1.0,2.0,1.0,2.0,1.0,4.0,0.0,2.0,10.0
258,259,tcl,1,0,11.35030064751358,4.5,75.0,qled,1,16.0,1,0.0035474761736674,4.0,0.0,1.0,0.0,1.0,1.0,2.0,2.0,1.0,1.0,4.0,1.0,2.0,8.0
259,260,tcl,1,0,10.373209892223665,4.15,43.0,led,1,22.4,1,0.0062269459206001,3.6,1.0,0.0,0.0,4.0,1.0,2.0,1.0,2.0,0.0,1.0,0.0,2.0,8.0
260,261,samsung,1,0,12.345797413264954,4.25,75.0,micro,1,44.8,1,0.001542252479739705,4.0,0.0,1.0,0.0,1.0,1.0,2.0,2.0,2.0,1.0,4.0,1.0,2.0,10.0
261,262,tcl,1,0,10.596409707779776,4.65,55.0,led,1,22.4,1,0.0059302325581395,3.6,1.0,0.0,0.0,3.0,1.0,2.0,1.0,1.0,0.0,2.0,1.0,2.0,8.0
262,263,tcl,1,0,10.985140168879203,4.55,65.0,qled,1,16.0,1,0.004782166468893,3.0,1.0,0.0,0.0,2.0,1.0,2.0,1.0,1.0,0.0,3.0,1.0,2.0,8.0
263,264,lg,1,0,12.108961344680718,4.0,55.0,oled,1,44.8,1,0.0017852223262989,4.0,0.0,1.0,0.0,3.0,1.0,2.0,3.0,2.0,1.0,4.0,1.0,1.0,10.0
264,265,lg,1,0,12.345797413264954,4.75,77.0,oled,1,44.8,1,0.001542252479739705,4.0,0.0,1.0,0.0,1.0,1.0,2.0,1.0,2.0,1.0,4.0,1.0,2.0,10.0
265,266,samsung,1,0,11.715792836880157,4.75,48.0,oled,1,44.8,1,0.0030635153890113,4.0,0.0,1.0,0.0,4.0,1.0,2.0,1.0,2.0,1.0,4.0,0.0,2.0,10.0
266,267,samsung,1,0,11.52278668294207,4.45,55.0,qled,1,25.6,1,0.0031725913456777,4.0,0.0,1.0,0.0,3.0,1.0,2.0,2.0,1.0,1.0,4.0,1.0,2.0,10.0
267,268,samsung,1,0,10.911281225871654,4.4,55.0,led,1,25.6,1,0.004657784267202,3.0,0.0,1.0,0.0,3.0,1.0,2.0,2.0,1.0,0.0,3.0,1.0,2.0,10.0
268,269,samsung,1,0,11.0184815912866,4.5,50.0,qled,1,22.4,1,0.0041318248893261,4.0,0.0,1.0,0.0,4.0,1.0,2.0,1.0,1.0,1.0,2.0,1.0,2.0,10.0
269,270,samsung,1,0,12.250046467818787,4.25,77.0,led,1,38.4,1,0.001542252479739705,3.0,0.0,1.0,0.0,1.0,1.0,2.0,1.0,2.0,0.0,4.0,0.0,2.0,10.0
270,271,samsung,1,0,10.714217748749787,4.4,55.0,led,1,25.6,1,0.0055745721271393,3.0,0.0,0.0,1.0,3.0,1.0,2.0,2.0,1.0,0.0,3.0,1.0,2.0,10.0
271,272,lg,1,0,12.214492102222922,4.4,77.0,led,1,35.2,1,0.001542252479739705,3.0,0.0,1.0,0.0,1.0,1.0,2.0,1.0,2.0,0.0,4.0,0.0,2.0,10.0
272,273,tcl,1,0,11.407564949312402,4.6,75.0,qled,1,32.0,1,0.0037311525683618,3.0,0.0,0.0,1.0,1.0,1.0,2.0,2.0,2.0,0.0,4.0,1.0,1.0,8.0
273,274,samsung,1,0,11.884489021402713,4.3,65.0,oled,1,38.4,1,0.0022834640238898,4.0,0.0,0.0,1.0,2.0,1.0,2.0,1.0,2.0,1.0,4.0,1.0,2.0,10.0
274,275,vw,1,0,10.596634733096073,4.45,65.0,qled,1,32.0,1,0.0063414085352133,4.0,1.0,0.0,0.0,2.0,1.0,2.0,3.0,1.0,1.0,3.0,1.0,1.0,7.538144329896907
275,276,hisense,0,1,9.998797732340453,4.6,43.0,qled,1,19.2,1,0.0094095186144824,4.0,0.0,0.0,1.0,1.0,0.0,1.0,1.0,2.0,1.0,1.0,0.0,2.0,8.0
276,277,motorola,1,0,10.933106969717286,4.55,65.0,miniled,1,44.8,1,0.0055250986624761,4.0,0.0,0.0,1.0,2.0,1.0,2.0,1.0,1.0,1.0,4.0,1.0,2.0,7.0
277,278,croma,0,0,9.391911647379434,4.5,32.0,led,1,16.0,1,0.0142618849040867,4.0,0.0,1.0,0.0,0.0,0.0,0.0,1.0,0.0,1.0,0.0,0.0,2.0,6.0
278,279,samsung,1,0,11.880972500857888,4.45,55.0,oled,1,44.8,1,0.0024638383279119,4.0,0.0,1.0,0.0,3.0,1.0,2.0,1.0,2.0,1.0,4.0,1.0,2.0,10.0
279,280,samsung,1,0,11.5501345407525,4.4,65.0,miniled,1,32.0,1,0.0030947104730706,3.0,0.0,1.0,0.0,2.0,1.0,2.0,1.0,1.0,0.0,4.0,1.0,2.0,10.0
280,281,samsung,1,0,11.943349816786196,4.65,75.0,miniled,1,28.8,1,0.0022374666753364,3.0,0.0,1.0,0.0,1.0,1.0,2.0,1.0,1.0,0.0,4.0,1.0,2.0,10.0
281,282,samsung,1,0,11.54239688475326,4.35,75.0,miniled,1,35.2,1,0.0029565977279347,3.0,0.0,0.0,1.0,1.0,1.0,2.0,1.0,2.0,0.0,4.0,1.0,2.0,10.0
282,283,lg,1,0,10.596634733096073,4.75,50.0,led,1,19.2,1,0.0061751543788594,3.0,1.0,0.0,0.0,4.0,1.0,2.0,1.0,1.0,0.0,2.0,1.0,2.0,10.0
283,284,samsung,1,0,11.170308387425273,4.25,55.0,qled,1,16.0,1,0.0037716579799971,4.0,1.0,0.0,0.0,3.0,1.0,2.0,1.0,1.0,1.0,3.0,1.0,2.0,10.0
284,285,lg,1,0,12.180708682634608,4.0,65.0,oled,1,44.8,1,0.00160008205549,4.0,0.0,1.0,0.0,2.0,1.0,2.0,1.0,2.0,1.0,4.0,1.0,2.0,10.0
285,286,samsung,1,0,10.829550381558986,4.15,50.0,miniled,1,25.6,1,0.0048494751435927,3.0,0.0,1.0,0.0,4.0,1.0,2.0,1.0,1.0,0.0,3.0,1.0,2.0,10.0
286,287,samsung,1,0,11.396290520005437,4.0,65.0,miniled,1,22.4,1,0.0029666254635352,3.0,1.0,0.0,0.0,2.0,1.0,2.0,1.0,2.0,0.0,3.0,1.0,2.0,10.0
287,288,samsung,1,0,12.345797413264954,4.2,77.0,miniled,1,32.0,1,0.001542252479739705,3.0,0.0,1.0,0.0,1.0,1.0,2.0,1.0,1.0,0.0,4.0,0.0,2.0,10.0
288,289,lg,1,0,11.535576971529968,4.5,65.0,miniled,1,32.0,1,0.0032114576204907,3.0,0.0,1.0,0.0,2.0,1.0,2.0,1.0,1.0,0.0,4.0,1.0,2.0,10.0
289,290,samsung,1,0,11.703471441647247,4.75,75.0,miniled,1,35.2,1,0.0027481610050417,3.0,1.0,0.0,0.0,1.0,1.0,2.0,1.0,2.0,0.0,4.0,1.0,2.0,10.0
290,291,samsung,1,0,12.345797413264954,4.65,77.0,oled,1,41.6,1,0.001542252479739705,4.0,0.0,1.0,0.0,1.0,1.0,2.0,3.0,2.0,1.0,4.0,1.0,0.0,10.0
291,292,reliance,0,0,9.258273025731484,4.0,32.0,led,1,16.0,1,0.0114394661582459,4.0,0.0,0.0,1.0,0.0,0.0,0.0,1.0,0.0,1.0,0.0,0.0,2.0,5.0
292,293,samsung,1,0,11.373559944009717,4.75,55.0,qled,1,19.2,1,0.0032216346706517,4.0,0.0,1.0,0.0,3.0,1.0,2.0,1.0,1.0,1.0,3.0,1.0,2.0,10.0
293,294,samsung,1,0,12.154731981599651,4.1,75.0,qled,1,35.2,1,0.0016832464866571,4.0,0.0,1.0,0.0,1.0,1.0,2.0,2.0,2.0,1.0,4.0,1.0,2.0,10.0
294,295,samsung,1,0,11.801789338819562,4.75,65.0,qled,1,28.8,1,0.0027043224211551,4.0,0.0,1.0,0.0,2.0,1.0,2.0,2.0,2.0,1.0,4.0,1.0,2.0,10.0
295,296,lg,0,0,9.769956159911606,4.75,32.0,led,1,16.0,1,0.009500542888165,3.0,1.0,0.0,0.0,0.0,0.0,0.0,0.0,2.0,0.0,0.0,0.0,2.0,10.0
296,297,samsung,1,0,12.17039883467536,4.7,65.0,oled,1,44.8,1,0.0019969946629359,4.0,0.0,0.0,1.0,2.0,1.0,2.0,1.0,2.0,1.0,4.0,1.0,2.0,10.0
297,298,hisense,1,0,10.373209892223665,4.5,50.0,led,1,22.4,1,0.0073147858705845,4.0,1.0,0.0,0.0,4.0,1.0,2.0,2.0,1.0,1.0,2.0,1.0,2.0,8.0
298,299,hisense,1,0,10.203258756085228,4.4,43.0,led,1,22.4,1,0.008314190440904,4.0,1.0,0.0,0.0,4.0,1.0,2.0,2.0,0.0,1.0,2.0,0.0,2.0,8.0
299,300,toshiba,0,0,9.679781342959442,4.15,32.0,qled,1,16.0,1,0.0109005628517823,4.0,1.0,0.0,0.0,0.0,0.0,0.0,1.0,1.0,1.0,1.0,0.0,2.0,8.0
300,301,realme,1,0,10.021270588192513,4.2,43.0,led,1,32.0,1,0.0085870483132583,4.0,0.0,0.0,1.0,4.0,1.0,2.0,2.0,1.0,1.0,1.0,0.0,2.0,7.0
301,302,haier,1,0,10.736201004154935,4.6,55.0,led,1,19.2,1,0.0045009784735812,4.0,0.0,0.0,1.0,3.0,1.0,2.0,1.0,1.0,1.0,1.0,1.0,2.0,7.0
302,303,realme,0,0,9.323669057283183,4.3,32.0,qled,1,16.0,1,0.014955514695145557,4.0,0.0,0.0,1.0,0.0,0.0,0.0,1.0,0.0,1.0,1.0,0.0,2.0,7.0
303,304,xiaomi,1,0,11.512925464970229,4.3,75.0,miniled,1,32.0,1,0.0030530305303053,3.0,0.0,0.0,1.0,1.0,1.0,2.0,2.0,1.0,0.0,4.0,1.0,1.0,8.0
304,305,realme,1,0,10.06475570013225,4.15,43.0,qled,1,16.0,1,0.0095365760245116,4.0,0.0,0.0,1.0,4.0,1.0,2.0,3.0,1.0,1.0,2.0,0.0,1.0,7.0
305,306,philips,1,0,11.407564949312402,4.2,75.0,miniled,1,32.0,1,0.003406704518939,4.0,1.0,0.0,0.0,1.0,1.0,2.0,3.0,1.0,1.0,4.0,1.0,1.0,8.0
306,307,foxsky,1,0,11.082142548877776,4.65,75.0,miniled,0,19.2,1,0.003934675918091,3.0,0.0,0.0,1.0,1.0,1.0,2.0,3.0,0.0,1.0,2.0,1.0,1.0,4.0
307,308,onida,1,0,10.341742483467284,4.3,55.0,led,1,19.2,1,0.0059647085389851,4.0,1.0,0.0,0.0,3.0,1.0,2.0,1.0,1.0,1.0,1.0,1.0,2.0,6.0
308,309,onida,1,0,10.106428396532818,4.25,43.0,qled,1,19.2,1,0.0074594881423731,4.0,1.0,0.0,0.0,4.0,1.0,2.0,1.0,1.0,1.0,1.0,0.0,2.0,6.0
309,310,bush,0,0,9.121509158269568,4.0,32.0,qled,1,16.0,1,0.014955514695145557,4.0,0.0,0.0,1.0,0.0,0.0,0.0,1.0,1.0,1.0,0.0,0.0,2.0,3.0
310,311,bush,0,0,9.121509158269568,4.2,32.0,led,1,16.0,1,0.014955514695145557,4.0,0.0,0.0,1.0,0.0,0.0,0.0,1.0,1.0,1.0,0.0,0.0,2.0,3.0
311,312,bush,1,0,9.903487552536127,4.65,43.0,led,1,22.4,1,0.0093004650232511,4.0,0.0,0.0,1.0,4.0,1.0,2.0,1.0,2.0,1.0,1.0,0.0,2.0,3.0
312,313,vw,1,0,10.918718232265189,4.15,75.0,qled,1,16.0,1,0.0042854037210819,4.0,0.0,0.0,1.0,1.0,1.0,2.0,3.0,1.0,1.0,3.0,1.0,1.0,7.538144329896907
313,314,lg,1,0,10.373209892223665,4.15,43.0,led,1,19.2,1,0.0059674898405751,4.0,0.0,0.0,1.0,4.0,1.0,2.0,1.0,1.0,1.0,1.0,0.0,2.0,10.0
314,315,lg,1,0,12.154779351142624,4.35,75.0,miniled,1,28.8,1,0.0016942194432602,4.0,0.0,0.0,1.0,1.0,1.0,2.0,1.0,1.0,1.0,4.0,1.0,2.0,10.0
315,316,uniboom,0,0,9.121509158269568,4.7,32.0,led,1,16.0,1,0.014955514695145557,3.0,1.0,0.0,0.0,0.0,0.0,0.0,2.0,0.0,0.0,0.0,0.0,2.0,4.0
316,317,rgl,0,1,9.797460147890598,4.25,40.0,led,1,19.2,1,0.0085061433257352,4.0,0.0,0.0,1.0,1.0,0.0,1.0,2.0,1.0,1.0,0.0,0.0,2.0,2.0
317,318,onida,1,0,10.736396675471232,4.45,65.0,led,1,19.2,1,0.0053207678427791,3.0,0.0,0.0,1.0,2.0,1.0,2.0,1.0,1.0,0.0,2.0,1.0,2.0,6.0
318,319,onida,1,0,10.292145542327912,4.35,50.0,led,1,19.2,1,0.0073731312925861,3.0,0.0,0.0,1.0,4.0,1.0,2.0,1.0,1.0,0.0,1.0,1.0,2.0,6.0
319,320,onida,1,0,10.388995368317827,4.55,55.0,led,1,19.2,1,0.0072802240068925,3.0,0.0,0.0,1.0,3.0,1.0,2.0,1.0,1.0,0.0,2.0,1.0,2.0,6.0
320,321,croma,0,0,9.20943996673302,4.15,32.0,led,1,16.0,1,0.0128778778778778,4.0,0.0,1.0,0.0,0.0,0.0,0.0,1.0,0.0,1.0,0.0,0.0,2.0,6.0
321,322,onida,1,0,10.505067539570582,4.25,55.0,qled,1,19.2,1,0.0067536096879366,4.0,1.0,0.0,0.0,3.0,1.0,2.0,1.0,1.0,1.0,3.0,1.0,2.0,6.0
322,323,wobble,1,0,10.404262840448617,4.45,55.0,led,1,16.0,1,0.007012333707082,4.0,0.0,0.0,1.0,3.0,1.0,2.0,3.0,1.0,1.0,2.0,1.0,1.0,4.0
323,324,foxsky,1,0,10.16585181700362,4.55,50.0,miniled,0,22.4,1,0.0082253163583214,3.0,0.0,0.0,1.0,4.0,1.0,2.0,3.0,0.0,1.0,1.0,1.0,1.0,4.0
324,325,foxsky,1,0,10.341742483467284,4.3,55.0,miniled,0,22.4,1,0.0066582792993322,3.0,0.0,0.0,1.0,3.0,1.0,2.0,3.0,0.0,1.0,1.0,1.0,1.0,4.0
325,326,foxsky,1,0,10.691944912900398,4.55,65.0,miniled,0,22.4,1,0.0052739834996249,3.0,0.0,0.0,1.0,2.0,1.0,2.0,3.0,0.0,1.0,2.0,1.0,1.0,4.0
326,327,realme,1,0,10.275051108968611,4.0,50.0,led,1,32.0,1,0.006482982171799,4.0,0.0,0.0,1.0,4.0,1.0,2.0,2.0,1.0,1.0,1.0,1.0,2.0,7.0
327,328,motorola,1,0,10.110501721920452,4.3,43.0,qled,1,32.0,1,0.0082157811293142,4.0,0.0,0.0,1.0,4.0,1.0,2.0,2.0,1.0,1.0,1.0,0.0,2.0,7.0
328,329,elista,1,0,10.204406628019903,4.05,50.0,led,1,16.0,1,0.0067447540801598,4.0,0.0,0.0,1.0,4.0,1.0,2.0,1.0,1.0,1.0,1.0,1.0,2.0,3.0
329,330,haier,0,0,9.679781342959442,4.3,32.0,led,1,16.0,1,0.008874296435272,4.0,1.0,0.0,0.0,0.0,0.0,0.0,0.0,0.0,1.0,0.0,0.0,2.0,7.0
330,331,haier,1,0,10.50482093382342,4.6,50.0,led,1,32.0,1,0.0063030967388325,4.0,1.0,0.0,0.0,4.0,1.0,2.0,1.0,1.0,1.0,1.0,1.0,2.0,7.0
331,332,haier,1,0,10.29184041103433,4.6,43.0,led,1,32.0,1,0.0074872838250254,4.0,1.0,0.0,0.0,4.0,1.0,2.0,1.0,1.0,1.0,1.0,0.0,2.0,7.0
332,333,coocaa,1,0,10.736396675471232,4.2,65.0,miniled,1,32.0,1,0.0058436052957672,4.0,1.0,0.0,0.0,2.0,1.0,2.0,3.0,1.0,1.0,3.0,1.0,1.0,5.0
333,334,panasonic,1,0,10.79939188675334,4.45,55.0,led,1,16.0,1,0.0055409267197387,4.0,0.0,0.0,1.0,3.0,1.0,2.0,1.0,1.0,1.0,3.0,1.0,2.0,8.0
334,335,hisense,1,0,10.57620240758158,4.35,55.0,qled,1,16.0,1,0.0066598622097473,4.0,0.0,0.0,1.0,3.0,1.0,2.0,2.0,1.0,1.0,3.0,1.0,2.0,8.0
335,336,hisense,1,0,10.894718767073805,4.15,65.0,qled,1,16.0,1,0.0048515494525886,4.0,0.0,0.0,1.0,2.0,1.0,2.0,2.0,1.0,1.0,3.0,1.0,2.0,8.0
336,337,vzy,1,0,10.221977646629885,4.55,43.0,qled,1,16.0,1,0.0089345454545454,4.0,1.0,0.0,0.0,4.0,1.0,2.0,1.0,1.0,1.0,2.0,0.0,2.0,2.0
337,338,kodak,1,0,10.968198289528557,4.75,65.0,miniled,1,19.2,1,0.0054871635717857,4.0,1.0,0.0,0.0,2.0,1.0,2.0,0.0,1.0,1.0,4.0,1.0,2.0,6.0
338,339,haier,1,0,11.775220496271928,4.25,75.0,miniled,1,44.8,1,0.0026809754596507,4.0,1.0,0.0,0.0,1.0,1.0,2.0,3.0,2.0,1.0,4.0,1.0,1.0,7.0
339,340,vzy,0,0,9.679781342959442,4.2,32.0,led,1,16.0,1,0.0094559099437148,4.0,1.0,0.0,0.0,0.0,0.0,0.0,1.0,0.0,1.0,0.0,0.0,2.0,2.0
340,341,panasonic,1,0,11.112164276066547,4.65,65.0,led,1,16.0,1,0.0041654225141833,4.0,0.0,0.0,1.0,2.0,1.0,2.0,1.0,1.0,1.0,3.0,1.0,2.0,8.0
341,342,vzy,1,0,10.29977736270884,4.45,43.0,qled,0,16.0,1,0.0082338099243061,3.0,0.0,0.0,1.0,4.0,1.0,2.0,3.0,1.0,1.0,2.0,0.0,1.0,2.0
342,343,acerpure,1,0,12.254862809699606,4.7,77.0,qled,1,32.0,1,0.0017904847165938,4.0,0.0,0.0,1.0,1.0,1.0,2.0,3.0,2.0,1.0,4.0,0.0,1.0,5.0
343,344,vzy,1,0,10.55843949396453,4.2,55.0,qled,0,16.0,1,0.006,3.0,1.0,0.0,0.0,3.0,1.0,2.0,3.0,1.0,1.0,2.0,1.0,1.0,2.0
344,345,onida,1,0,10.691944912900398,4.45,50.0,miniled,1,25.6,1,0.0057649037478124,4.0,1.0,0.0,0.0,4.0,1.0,2.0,1.0,1.0,1.0,3.0,1.0,2.0,6.0
345,346,toshiba,1,0,10.403990075979044,4.0,50.0,qled,1,16.0,1,0.0067899363443467,4.0,1.0,0.0,0.0,4.0,1.0,2.0,1.0,1.0,1.0,2.0,1.0,2.0,8.0
346,347,toshiba,1,0,10.373209892223665,4.7,43.0,qled,1,16.0,1,0.0080806502031884,4.0,1.0,0.0,0.0,4.0,1.0,2.0,1.0,0.0,1.0,2.0,0.0,2.0,8.0
347,348,acer,0,0,9.392661928770137,4.5,32.0,led,1,16.0,1,0.0123760313359446,4.0,1.0,0.0,0.0,0.0,0.0,0.0,1.0,1.0,1.0,0.0,0.0,2.0,7.0
348,349,onida,1,0,10.292145542327912,4.45,55.0,led,1,19.2,1,0.0069392182785857,4.0,0.0,0.0,1.0,3.0,1.0,2.0,1.0,1.0,1.0,1.0,1.0,2.0,6.0
349,350,blaupunkt,1,0,10.4341158035983,4.5,55.0,qled,1,32.0,1,0.0072796258713491,4.0,0.0,0.0,1.0,3.0,1.0,2.0,3.0,1.0,1.0,2.0,1.0,0.0,6.0
350,351,thomson,1,0,10.714417768752456,4.0,65.0,qled,1,32.0,1,0.0056890153114513,4.0,0.0,0.0,1.0,2.0,1.0,2.0,3.0,1.0,1.0,3.0,1.0,0.0,7.0
351,352,blaupunkt,1,0,10.736396675471232,4.2,65.0,qled,1,32.0,1,0.0052957672992891,4.0,0.0,0.0,1.0,2.0,1.0,2.0,3.0,1.0,1.0,3.0,1.0,0.0,6.0
352,353,kodak,1,0,10.404262840448617,4.45,55.0,qled,1,22.4,1,0.0076865965635322,4.0,0.0,0.0,1.0,3.0,1.0,2.0,3.0,1.0,1.0,3.0,1.0,0.0,6.0
353,354,thomson,1,0,11.082142548877776,4.65,75.0,qled,1,32.0,1,0.0047931506638563,4.0,0.0,0.0,1.0,1.0,1.0,2.0,3.0,1.0,1.0,4.0,1.0,0.0,7.0
354,355,blaupunkt,1,0,11.097410021008562,4.35,75.0,qled,1,32.0,1,0.0042182457309959,4.0,0.0,0.0,1.0,1.0,1.0,2.0,3.0,1.0,1.0,3.0,1.0,0.0,6.0
355,356,lg,1,0,10.79939188675334,4.65,55.0,led,1,19.2,1,0.0049357011635027,3.0,0.0,0.0,1.0,3.0,1.0,2.0,1.0,1.0,0.0,2.0,1.0,2.0,10.0
356,357,acer,0,0,9.51044496442652,4.2,32.0,qled,1,16.0,1,0.0133787687976887,4.0,1.0,0.0,0.0,0.0,0.0,0.0,2.0,0.0,1.0,1.0,0.0,2.0,7.0
357,358,acer,1,0,10.085809109330082,4.75,43.0,qled,1,16.0,1,0.0108858702445935,4.0,0.0,0.0,1.0,4.0,1.0,2.0,2.0,1.0,1.0,2.0,0.0,2.0,7.0
358,359,acer,1,0,10.4341158035983,4.05,55.0,qled,1,16.0,1,0.0066707844348363,4.0,1.0,0.0,0.0,3.0,1.0,2.0,3.0,1.0,1.0,2.0,1.0,1.0,7.0
359,360,philips,1,0,11.198214720130528,4.4,75.0,qled,1,16.0,1,0.0040384114850888,4.0,0.0,0.0,1.0,1.0,1.0,2.0,3.0,2.0,1.0,4.0,1.0,1.0,8.0
360,361,wobble,0,1,9.680344001221918,4.7,40.0,led,1,16.0,1,0.0111631976998562,4.0,0.0,0.0,1.0,1.0,0.0,1.0,2.0,2.0,1.0,0.0,0.0,2.0,4.0
361,362,wobble,0,0,9.392661928770137,4.0,32.0,led,1,16.0,1,0.0120010000833402,4.0,0.0,0.0,1.0,0.0,0.0,0.0,2.0,2.0,1.0,0.0,0.0,2.0,4.0
362,363,croma,1,0,10.30865261563529,4.0,55.0,led,1,16.0,1,0.0061353784594864,4.0,0.0,1.0,0.0,3.0,1.0,2.0,1.0,1.0,1.0,1.0,1.0,2.0,6.0
363,364,acer,0,1,9.680344001221918,4.15,40.0,led,1,19.2,1,0.0093380836302268,4.0,0.0,0.0,1.0,1.0,0.0,1.0,1.0,1.0,1.0,0.0,0.0,2.0,7.0
364,365,acer,1,0,10.126631103850338,4.65,50.0,led,1,16.0,1,0.0098583943357734,4.0,1.0,0.0,0.0,4.0,1.0,2.0,3.0,1.0,1.0,2.0,1.0,1.0,7.0
365,366,acerpure,1,0,10.491274217438248,4.25,55.0,qled,1,16.0,1,0.00649323592322,4.0,1.0,0.0,0.0,3.0,1.0,2.0,3.0,1.0,1.0,2.0,1.0,1.0,5.0
366,367,hisense,1,0,10.931301769895525,4.1,65.0,qled,1,25.6,1,0.004180829367777,4.0,0.0,0.0,1.0,2.0,1.0,2.0,3.0,1.0,1.0,3.0,1.0,1.0,8.0
367,368,hisense,1,0,10.571086129249698,4.25,55.0,qled,1,19.2,1,0.0057771223390612,4.0,1.0,0.0,0.0,3.0,1.0,2.0,3.0,1.0,1.0,2.0,1.0,1.0,8.0
368,369,metz,1,0,10.819778284410283,4.35,55.0,qled,1,32.0,1,0.0054811096221924,4.0,0.0,0.0,1.0,3.0,1.0,2.0,2.0,1.0,1.0,3.0,1.0,2.0,2.0
369,370,hisense,1,0,10.462846164547514,4.2,50.0,qled,1,16.0,1,0.0061217490711631,4.0,1.0,0.0,0.0,4.0,1.0,2.0,3.0,1.0,1.0,2.0,1.0,1.0,8.0
370,371,realme,1,0,11.02679245379461,4.75,75.0,qled,1,22.4,1,0.0043252735816842,4.0,0.0,0.0,1.0,1.0,1.0,2.0,2.0,1.0,1.0,2.0,1.0,2.0,7.0
371,372,vu,1,0,10.976782033219948,4.15,75.0,qled,1,16.0,1,0.0047530727020974,4.0,0.0,0.0,1.0,1.0,1.0,2.0,1.0,1.0,1.0,4.0,1.0,2.0,7.0
372,373,blaupunkt,1,0,9.95227771670556,4.6,43.0,qled,1,16.0,1,0.0107338444687842,4.0,0.0,0.0,1.0,4.0,1.0,2.0,3.0,1.0,1.0,1.0,0.0,1.0,6.0
373,374,kodal,1,0,10.341742483467284,4.65,55.0,qled,1,16.0,1,0.0079502564598858,4.0,0.0,0.0,1.0,3.0,1.0,2.0,3.0,1.0,1.0,2.0,1.0,1.0,1.0
374,375,thomson,1,0,10.126631103850338,4.6,50.0,qled,1,16.0,1,0.0082803312132485,4.0,0.0,0.0,1.0,4.0,1.0,2.0,3.0,1.0,1.0,1.0,1.0,1.0,7.0
375,376,bpl,1,0,10.106060982105628,4.3,43.0,qled,1,22.4,1,0.0071988566761943,4.0,0.0,0.0,1.0,4.0,1.0,2.0,1.0,2.0,1.0,1.0,0.0,2.0,3.0
376,377,croma,0,0,9.679781342959442,4.35,32.0,qled,1,16.0,1,0.0103377110694183,4.0,0.0,1.0,0.0,0.0,0.0,0.0,3.0,0.0,1.0,0.0,0.0,1.0,6.0
377,378,lg,1,0,12.345797413264954,4.6,77.0,qned,1,22.4,1,0.001542252479739705,3.0,0.0,0.0,1.0,1.0,1.0,2.0,1.0,1.0,0.0,4.0,0.0,2.0,10.0
378,379,sony,1,0,11.10482187913902,4.2,50.0,led,1,16.0,1,0.0034742066476161,4.0,1.0,0.0,0.0,4.0,1.0,2.0,1.0,1.0,1.0,2.0,1.0,2.0,10.0
379,380,sansui,0,0,9.509778075438817,4.25,32.0,led,1,16.0,1,0.0113417346182357,4.0,0.0,0.0,1.0,0.0,0.0,0.0,1.0,2.0,1.0,0.0,0.0,2.0,5.0
380,381,coocaa,1,0,10.126631103850338,4.15,55.0,led,1,32.0,1,0.0078023120924837,4.0,0.0,0.0,1.0,3.0,1.0,2.0,1.0,1.0,1.0,1.0,1.0,2.0,5.0
381,382,sansui,1,0,10.608835006177392,4.65,55.0,qled,1,32.0,1,0.0072351197826623,4.0,0.0,0.0,1.0,3.0,1.0,2.0,2.0,1.0,1.0,3.0,1.0,2.0,5.0
382,383,sansui,1,0,10.38871840689063,4.45,43.0,qled,1,32.0,1,0.0075330871037242,4.0,1.0,0.0,0.0,4.0,1.0,2.0,2.0,1.0,1.0,2.0,0.0,2.0,5.0
383,384,tcl,0,1,9.60177416667137,4.45,32.0,qled,1,16.0,1,0.0111325219743069,4.0,0.0,0.0,1.0,0.0,0.0,0.0,1.0,0.0,1.0,0.0,0.0,2.0,8.0
384,385,tcl,1,0,11.289781913656018,4.7,65.0,qled,1,44.8,1,0.0042888036100451,4.0,0.0,0.0,1.0,2.0,1.0,2.0,1.0,2.0,1.0,4.0,1.0,2.0,8.0
385,386,tcl,1,0,12.345797413264954,4.55,77.0,miniled,1,44.8,1,0.0015826155765894,3.0,0.0,0.0,1.0,1.0,1.0,2.0,1.0,2.0,0.0,4.0,0.0,2.0,8.0
386,387,tcl,1,0,12.100712129872347,4.0,75.0,miniled,1,44.8,1,0.0018000100000555,4.0,0.0,0.0,1.0,1.0,1.0,2.0,2.0,2.0,1.0,4.0,1.0,1.0,8.0
387,388,croma,1,0,9.998388557730848,4.3,43.0,qled,1,32.0,1,0.009581628012733,4.0,0.0,1.0,0.0,4.0,1.0,2.0,1.0,1.0,1.0,1.0,0.0,2.0,6.0
388,389,kodak,1,0,10.645424897265505,4.0,65.0,qled,1,16.0,1,0.0053334603204838,4.0,0.0,0.0,1.0,2.0,1.0,2.0,3.0,1.0,1.0,2.0,1.0,1.0,6.0
389,390,panasonic,0,0,9.73979145986534,4.05,32.0,led,1,16.0,1,0.0081100182578479,4.0,0.0,0.0,1.0,0.0,0.0,0.0,1.0,2.0,1.0,0.0,0.0,2.0,8.0
390,391,tcl,1,0,12.345797413264954,4.75,77.0,miniled,1,44.8,1,0.001542252479739705,4.0,0.0,0.0,1.0,1.0,1.0,2.0,3.0,2.0,1.0,4.0,0.0,1.0,8.0
391,392,motorola,1,0,10.325481962595504,4.4,50.0,qled,1,32.0,1,0.0077904193580117,4.0,0.0,0.0,1.0,4.0,1.0,2.0,3.0,1.0,1.0,2.0,1.0,1.0,7.0
392,393,sansui,1,0,10.518429918794682,4.6,50.0,qled,1,22.4,1,0.0067153284671532,4.0,1.0,0.0,0.0,4.0,1.0,2.0,2.0,1.0,1.0,2.0,1.0,2.0,5.0
393,394,croma,0,0,9.305195902988862,4.0,32.0,qled,1,16.0,1,0.0145533927596871,4.0,0.0,1.0,0.0,0.0,0.0,0.0,1.0,0.0,1.0,1.0,0.0,2.0,6.0
394,395,blaupunkt,0,1,9.546812608597396,4.05,40.0,led,1,19.2,1,0.0095471105078934,4.0,0.0,0.0,1.0,1.0,0.0,1.0,3.0,0.0,1.0,0.0,0.0,1.0,6.0
395,396,croma,1,0,9.903037451255743,4.25,43.0,led,1,32.0,1,0.0095672836418209,4.0,0.0,1.0,0.0,4.0,1.0,2.0,1.0,1.0,1.0,1.0,0.0,2.0,6.0
396,397,infinix,0,0,9.305650551780507,4.75,32.0,qled,1,16.0,1,0.014955514695145557,4.0,0.0,0.0,1.0,0.0,0.0,0.0,1.0,2.0,1.0,0.0,0.0,2.0,6.0
397,398,coocaa,0,0,9.121509158269568,4.6,32.0,led,1,16.0,1,0.014955514695145557,4.0,0.0,0.0,1.0,0.0,0.0,0.0,1.0,0.0,1.0,0.0,0.0,2.0,5.0
398,399,reliance,0,1,9.32420462812523,4.25,32.0,led,1,19.2,1,0.0132753235162873,4.0,0.0,0.0,1.0,1.0,0.0,1.0,1.0,1.0,1.0,0.0,0.0,2.0,5.0
399,400,innoq,0,0,9.121509158269568,4.4,32.0,led,1,16.0,1,0.014955514695145557,4.0,0.0,0.0,1.0,0.0,0.0,0.0,2.0,0.0,1.0,0.0,0.0,2.0,3.0
400,401,uniboom,0,0,9.121509158269568,4.1,32.0,led,0,16.0,1,0.0141894353369763,3.0,1.0,0.0,0.0,0.0,0.0,0.0,2.0,0.0,1.0,0.0,0.0,2.0,4.0
401,402,uniboom,0,1,9.375091807576672,4.2,40.0,led,0,19.2,1,0.0110432569974554,3.0,1.0,0.0,0.0,1.0,0.0,1.0,2.0,1.0,1.0,0.0,0.0,2.0,4.0
402,403,blaupunkt,1,0,11.461632170582678,4.35,75.0,led,1,16.0,1,0.003205296897862,4.0,0.0,0.0,1.0,1.0,1.0,2.0,0.0,1.0,1.0,4.0,1.0,2.0,6.0
403,404,realme,1,0,10.657259354912508,4.6,65.0,led,1,28.8,1,0.0053036542036283,4.0,0.0,0.0,1.0,2.0,1.0,2.0,2.0,1.0,1.0,1.0,1.0,2.0,7.0
404,405,uniboom,0,0,9.121509158269568,4.6,32.0,led,1,16.0,0,0.014955514695145557,3.0,1.0,0.0,0.0,0.0,0.0,0.0,2.0,0.0,0.0,0.0,0.0,2.0,4.0
405,406,croma,0,0,9.258654232254733,4.4,32.0,led,1,16.0,1,0.014955514695145557,4.0,0.0,1.0,0.0,0.0,0.0,0.0,1.0,0.0,1.0,0.0,0.0,2.0,6.0
406,407,toshiba,1,0,10.932946242515648,4.0,65.0,qled,1,28.8,1,0.0042864797285229,4.0,1.0,0.0,0.0,2.0,1.0,2.0,1.0,1.0,1.0,3.0,1.0,2.0,8.0
407,408,vu,1,0,10.778956289890028,4.4,65.0,qled,1,16.0,1,0.0060501260442925,4.0,1.0,0.0,0.0,2.0,1.0,2.0,1.0,1.0,1.0,3.0,1.0,2.0,7.0
408,409,croma,1,0,10.373209892223665,4.3,50.0,qled,1,32.0,1,0.0071241012816505,4.0,0.0,1.0,0.0,4.0,1.0,2.0,1.0,1.0,1.0,2.0,1.0,2.0,6.0
409,410,vu,1,0,10.085434039,4.15,43.0,qled,1,16.0,1,0.0102063359733222,4.0,1.0,0.0,0.0,4.0,1.0,2.0,1.0,1.0,1.0,3.0,0.0,2.0,7.0
410,411,haier,1,0,10.184937747111393,4.15,43.0,led,1,32.0,1,0.0068905660377358,4.0,0.0,0.0,1.0,4.0,1.0,2.0,1.0,1.0,1.0,1.0,0.0,2.0,7.0
411,412,realme,0,0,9.305650551780507,4.05,32.0,qled,1,16.0,1,0.0132557505227747,4.0,0.0,0.0,1.0,0.0,0.0,0.0,1.0,0.0,1.0,0.0,0.0,2.0,7.0
412,413,sony,1,0,12.345797413264954,4.0,77.0,miniled,1,44.8,1,0.001542252479739705,4.0,0.0,1.0,0.0,1.0,1.0,2.0,1.0,2.0,1.0,4.0,0.0,2.0,10.0
413,414,kenstar,1,0,10.138559674715612,4.3,55.0,led,1,25.6,1,0.0076485236570615,4.0,0.0,0.0,1.0,3.0,1.0,2.0,1.0,2.0,1.0,1.0,1.0,2.0,7.538144329896907
414,415,kenstar,1,0,9.98966524877718,4.0,50.0,led,1,19.2,1,0.0078902701958805,4.0,0.0,0.0,1.0,4.0,1.0,2.0,1.0,2.0,1.0,1.0,1.0,2.0,7.538144329896907
415,416,haier,1,0,11.097273648073832,4.7,65.0,qled,1,32.0,1,0.0045582664040006,4.0,0.0,1.0,0.0,2.0,1.0,2.0,2.0,1.0,1.0,3.0,1.0,2.0,7.0
416,417,motorola,0,0,9.367344120785848,4.35,32.0,qled,1,16.0,1,0.0141294127703222,4.0,0.0,0.0,1.0,0.0,0.0,0.0,3.0,0.0,1.0,0.0,0.0,1.0,7.0
417,418,iffalcon,1,0,11.156250521031495,4.7,75.0,led,1,32.0,1,0.0040957727967542,3.0,0.0,0.0,1.0,1.0,1.0,2.0,2.0,2.0,0.0,3.0,1.0,2.0,7.0
418,419,thomson,1,0,11.461632170582678,4.25,75.0,miniled,1,16.0,1,0.0031316119117043,4.0,0.0,0.0,1.0,1.0,1.0,2.0,0.0,1.0,1.0,4.0,1.0,2.0,7.0
419,420,iffalcon,1,0,10.819778284410283,4.45,65.0,qled,1,32.0,1,0.0056071121422428,3.0,0.0,0.0,1.0,2.0,1.0,2.0,1.0,2.0,0.0,3.0,1.0,2.0,7.0
420,421,kodak,0,0,9.121509158269568,4.75,32.0,qled,1,16.0,1,0.014955514695145557,4.0,1.0,0.0,0.0,0.0,0.0,0.0,3.0,0.0,1.0,0.0,0.0,1.0,6.0
421,422,kodak,0,1,9.546812608597396,4.4,40.0,qled,1,19.2,1,0.0110007857704121,4.0,0.0,0.0,1.0,1.0,0.0,1.0,3.0,0.0,1.0,0.0,0.0,1.0,6.0
422,423,kodak,0,0,9.121509158269568,4.6,32.0,qled,1,16.0,1,0.014955514695145557,4.0,0.0,0.0,1.0,0.0,0.0,0.0,1.0,1.0,1.0,0.0,0.0,2.0,6.0
423,424,toshiba,1,0,10.714417768752456,4.3,65.0,led,1,16.0,1,0.005542345385453,4.0,1.0,0.0,0.0,2.0,1.0,2.0,1.0,1.0,1.0,3.0,1.0,2.0,8.0
424,425,hisense,1,0,10.203592144986466,4.0,50.0,led,1,28.8,1,0.0071113744953516,4.0,1.0,0.0,0.0,4.0,1.0,2.0,2.0,1.0,1.0,1.0,1.0,2.0,8.0
425,426,xiaomi,1,0,10.085809109330082,4.4,43.0,led,1,25.6,1,0.0082503437643235,4.0,0.0,0.0,1.0,4.0,1.0,2.0,1.0,1.0,1.0,1.0,0.0,2.0,8.0
426,427,toshiba,0,1,9.903487552536127,4.25,40.0,led,1,19.2,1,0.0080754037701885,4.0,0.0,0.0,1.0,1.0,0.0,1.0,1.0,1.0,1.0,0.0,0.0,2.0,8.0
427,428,philips,1,0,10.933106969717286,4.75,65.0,qled,1,32.0,1,0.0055134913123448,4.0,1.0,0.0,0.0,2.0,1.0,2.0,2.0,1.0,1.0,3.0,1.0,2.0,8.0
428,429,toshiba,0,0,9.546169544733283,4.7,32.0,led,1,16.0,1,0.0117583988563259,4.0,1.0,0.0,0.0,0.0,0.0,0.0,1.0,2.0,1.0,0.0,0.0,2.0,8.0
429,430,nu,1,0,10.126631103850338,4.55,43.0,led,1,19.2,1,0.0081903276131045,4.0,0.0,0.0,1.0,4.0,1.0,2.0,1.0,1.0,1.0,1.0,0.0,2.0,2.0
430,431,nu,1,0,10.46310334047155,4.55,55.0,led,1,22.4,1,0.0062401782908083,4.0,0.0,0.0,1.0,3.0,1.0,2.0,1.0,1.0,1.0,1.0,1.0,2.0,2.0
431,432,nu,0,1,9.903487552536127,4.0,43.0,led,1,19.2,1,0.008200410020501,4.0,1.0,0.0,0.0,1.0,0.0,1.0,1.0,2.0,1.0,1.0,0.0,2.0,2.0
432,433,croma,1,0,10.87787736679393,4.5,65.0,led,1,32.0,1,0.0047556142668428,4.0,0.0,1.0,0.0,2.0,1.0,2.0,1.0,1.0,1.0,2.0,1.0,2.0,6.0
433,434,philips,0,1,9.51044496442652,4.0,32.0,led,1,16.0,1,0.0115564115860434,4.0,1.0,0.0,0.0,0.0,0.0,0.0,1.0,2.0,1.0,0.0,0.0,2.0,8.0
434,435,coocaa,1,0,10.621327345686446,4.25,65.0,qled,1,32.0,1,0.0063233249591453,4.0,1.0,0.0,0.0,2.0,1.0,2.0,3.0,1.0,1.0,3.0,1.0,1.0,5.0
435,436,coocaa,1,0,10.203592144986466,4.6,43.0,qled,1,32.0,1,0.0095410941145968,4.0,1.0,0.0,0.0,4.0,1.0,2.0,3.0,1.0,1.0,2.0,0.0,1.0,5.0
436,437,sony,1,0,12.03996493109922,4.2,65.0,miniled,1,38.4,1,0.0019092036129641,4.0,0.0,1.0,0.0,2.0,1.0,2.0,1.0,2.0,1.0,4.0,1.0,2.0,10.0
437,438,lg,1,0,12.013700752882718,4.1,55.0,oled,1,35.2,1,0.0019630422002557,4.0,0.0,0.0,1.0,3.0,1.0,2.0,3.0,2.0,1.0,4.0,1.0,1.0,10.0
438,439,philips,1,0,10.645424897265505,4.3,55.0,qled,1,16.0,1,0.0059382366246815,4.0,1.0,0.0,0.0,3.0,1.0,2.0,3.0,1.0,1.0,3.0,1.0,1.0,8.0
439,440,lg,1,0,11.219775135482212,4.65,65.0,led,1,25.6,1,0.0035534253921437,4.0,0.0,1.0,0.0,2.0,1.0,2.0,1.0,1.0,1.0,3.0,1.0,2.0,10.0
440,441,xiaomi,1,0,10.51867319162636,4.45,55.0,qled,1,32.0,1,0.0066150436498283,4.0,0.0,0.0,1.0,3.0,1.0,2.0,2.0,1.0,1.0,2.0,1.0,1.0,8.0
441,442,haier,1,0,11.56171562913966,4.55,55.0,oled,1,32.0,1,0.0033800321907827,4.0,0.0,0.0,1.0,3.0,1.0,2.0,3.0,2.0,1.0,4.0,1.0,1.0,7.0
442,443,sony,1,0,12.345797413264954,4.65,77.0,miniled,1,44.8,1,0.001542252479739705,4.0,1.0,0.0,0.0,1.0,1.0,2.0,1.0,2.0,1.0,4.0,0.0,2.0,10.0
443,444,sony,1,0,11.848618826918727,4.7,55.0,miniled,1,38.4,1,0.0025198370147973,4.0,0.0,1.0,0.0,3.0,1.0,2.0,1.0,1.0,1.0,4.0,1.0,2.0,10.0
444,445,kodak,1,0,9.852194258148575,4.3,43.0,qled,1,22.4,1,0.0099584188641507,4.0,1.0,0.0,0.0,4.0,1.0,2.0,3.0,1.0,1.0,1.0,0.0,1.0,6.0
445,446,sony,1,0,11.963943757846549,4.0,65.0,miniled,1,38.4,1,0.0019364290719154,4.0,1.0,0.0,0.0,2.0,1.0,2.0,1.0,1.0,1.0,4.0,1.0,2.0,10.0
446,447,vu,1,0,11.066497727453186,4.7,75.0,qled,1,16.0,1,0.0049945303953742,4.0,1.0,0.0,0.0,1.0,1.0,2.0,3.0,1.0,1.0,4.0,1.0,0.0,7.0
447,448,vu,1,0,10.531989539602542,4.4,50.0,qled,1,16.0,1,0.0072756367515668,4.0,0.0,0.0,1.0,4.0,1.0,2.0,3.0,1.0,1.0,3.0,1.0,0.0,7.0
448,449,haier,0,0,9.588776807696428,4.3,32.0,led,1,16.0,1,0.0091307623809849,4.0,0.0,0.0,1.0,0.0,0.0,0.0,0.0,0.0,1.0,0.0,0.0,2.0,7.0
449,450,vu,1,0,10.819598268208338,4.55,65.0,qled,1,16.0,1,0.006007201440288,4.0,1.0,0.0,0.0,2.0,1.0,2.0,3.0,1.0,1.0,3.0,1.0,0.0,7.0
450,451,sony,1,0,12.345797413264954,4.0,55.0,oled,1,32.0,1,0.001542252479739705,4.0,1.0,0.0,0.0,3.0,1.0,2.0,2.0,2.0,1.0,4.0,1.0,2.0,10.0
451,452,sony,1,0,11.775220496271928,4.65,55.0,miniled,1,28.8,1,0.002647126702054,4.0,1.0,0.0,0.0,3.0,1.0,2.0,1.0,1.0,1.0,4.0,1.0,2.0,10.0
452,453,sony,1,0,12.345797413264954,4.05,65.0,oled,1,32.0,1,0.001542252479739705,4.0,1.0,0.0,0.0,2.0,1.0,2.0,2.0,2.0,1.0,4.0,1.0,2.0,10.0
453,454,coocaa,0,1,9.64859530290734,4.4,43.0,led,1,19.2,1,0.0093683463449254,3.0,0.0,0.0,1.0,1.0,0.0,1.0,2.0,1.0,0.0,0.0,0.0,2.0,5.0
454,455,sony,1,0,11.075830361179468,4.55,50.0,led,1,16.0,1,0.003874438767611,4.0,1.0,0.0,0.0,4.0,1.0,2.0,1.0,1.0,1.0,2.0,1.0,2.0,10.0
455,456,blaupunkt,1,0,10.341742483467284,4.75,55.0,qled,1,16.0,1,0.0082744604664666,4.0,0.0,0.0,1.0,3.0,1.0,2.0,3.0,1.0,1.0,2.0,1.0,0.0,6.0
456,457,blaupunkt,1,0,10.23995978915734,4.3,50.0,qled,1,16.0,1,0.0081395764134433,4.0,0.0,0.0,1.0,4.0,1.0,2.0,3.0,1.0,1.0,2.0,1.0,1.0,6.0
457,458,haier,0,1,9.852194258148575,4.2,32.0,qled,0,19.2,1,0.0081793778619927,3.0,0.0,1.0,0.0,1.0,0.0,1.0,1.0,2.0,1.0,0.0,0.0,2.0,7.0
458,459,hisense,1,0,12.345797413264954,4.05,77.0,miniled,1,44.8,1,0.001542252479739705,4.0,0.0,0.0,1.0,1.0,1.0,2.0,2.0,2.0,1.0,4.0,0.0,2.0,8.0
459,460,hisense,1,0,11.918390573078392,4.05,77.0,miniled,1,44.8,1,0.0022140147600984,4.0,0.0,0.0,1.0,1.0,1.0,2.0,2.0,2.0,1.0,4.0,0.0,2.0,8.0
460,461,hisense,1,0,11.156250521031495,4.1,75.0,qled,1,25.6,1,0.0041586308375833,4.0,1.0,0.0,0.0,1.0,1.0,2.0,2.0,1.0,1.0,4.0,1.0,2.0,8.0
461,462,lg,1,0,11.512835460919986,4.05,75.0,led,1,19.2,1,0.0026327632763276,4.0,0.0,1.0,0.0,1.0,1.0,2.0,1.0,2.0,1.0,3.0,1.0,2.0,10.0
462,463,hisense,1,0,11.695247021764184,4.1,77.0,qled,1,44.8,1,0.0026991891599096,4.0,1.0,0.0,0.0,1.0,1.0,2.0,2.0,2.0,1.0,4.0,0.0,2.0,8.0
463,464,beston,1,0,10.502324053624832,4.25,65.0,qled,1,22.4,1,0.0064218797219703,4.0,0.0,0.0,1.0,2.0,1.0,2.0,2.0,1.0,1.0,2.0,1.0,1.0,4.0
464,465,sony,1,0,11.0184815912866,4.0,50.0,led,1,19.2,1,0.0036071487129037,4.0,1.0,0.0,0.0,4.0,1.0,2.0,1.0,1.0,1.0,2.0,1.0,2.0,10.0
465,466,tcl,1,0,11.58050934429376,4.25,75.0,miniled,1,38.4,1,0.0030189455187819,4.0,0.0,0.0,1.0,1.0,1.0,2.0,1.0,1.0,1.0,4.0,1.0,2.0,8.0
466,467,samsung,1,0,11.35030064751358,4.75,75.0,led,1,22.4,1,0.0033533356865513,3.0,1.0,0.0,0.0,1.0,1.0,2.0,1.0,1.0,0.0,3.0,1.0,2.0,10.0
467,468,tcl,1,0,11.512835460919986,4.5,75.0,miniled,1,32.0,1,0.0034203420342034,3.0,1.0,0.0,0.0,1.0,1.0,2.0,1.0,2.0,0.0,4.0,1.0,2.0,8.0
468,469,lg,1,0,12.100662128622306,4.25,65.0,oled,1,38.4,1,0.0018417689871659,4.0,0.0,0.0,1.0,2.0,1.0,2.0,3.0,2.0,1.0,4.0,1.0,1.0,10.0
469,470,lg,1,0,12.345797413264954,4.35,77.0,oled,1,32.0,1,0.001542252479739705,4.0,0.0,1.0,0.0,1.0,1.0,2.0,3.0,2.0,1.0,4.0,1.0,1.0,10.0
470,471,sony,1,0,10.8235910067382,4.35,43.0,led,1,16.0,1,0.0044202032277346,4.0,1.0,0.0,0.0,4.0,1.0,2.0,1.0,1.0,1.0,2.0,0.0,2.0,10.0
471,472,lg,0,0,9.517825071724143,4.0,32.0,led,1,16.0,1,0.0100007353481873,3.0,0.0,1.0,0.0,0.0,0.0,0.0,1.0,1.0,0.0,0.0,0.0,2.0,10.0
472,473,reliance,1,0,10.443133842110312,4.7,55.0,led,1,16.0,1,0.0061649226105459,4.0,0.0,0.0,1.0,3.0,1.0,2.0,1.0,1.0,1.0,1.0,1.0,2.0,5.0
473,474,tcl,1,0,11.775220496271928,4.5,77.0,qled,1,32.0,1,0.0027694438033694,4.0,1.0,0.0,0.0,1.0,1.0,2.0,1.0,2.0,1.0,4.0,0.0,2.0,8.0
474,475,toshiba,1,0,11.289781913656018,4.15,75.0,qled,1,16.0,1,0.0037350466880836,4.0,0.0,0.0,1.0,1.0,1.0,2.0,2.0,1.0,1.0,4.0,1.0,2.0,8.0
475,476,toshiba,1,0,10.950806546816688,4.05,65.0,qled,1,16.0,1,0.0048316637133984,4.0,1.0,0.0,0.0,2.0,1.0,2.0,1.0,1.0,1.0,4.0,1.0,2.0,8.0
476,477,toshiba,1,0,11.84939770159144,4.3,77.0,qled,1,16.0,1,0.002426445903185,4.0,0.0,0.0,1.0,1.0,1.0,2.0,3.0,1.0,1.0,4.0,0.0,1.0,8.0
477,478,toshiba,1,0,10.645210588588755,4.5,55.0,qled,1,16.0,1,0.0069659442724458,4.0,1.0,0.0,0.0,3.0,1.0,2.0,1.0,1.0,1.0,3.0,1.0,2.0,8.0
478,479,lg,1,0,12.345797413264954,4.45,77.0,oled,1,44.8,1,0.001542252479739705,4.0,0.0,1.0,0.0,1.0,1.0,2.0,3.0,2.0,1.0,4.0,1.0,1.0,10.0
479,480,sony,1,0,11.742377078558851,4.0,75.0,led,1,16.0,1,0.0020351379282931,4.0,0.0,1.0,0.0,1.0,1.0,2.0,1.0,1.0,1.0,3.0,1.0,2.0,10.0
480,481,sony,1,0,11.367680015613487,4.0,65.0,led,1,16.0,1,0.0027289546716003,4.0,1.0,0.0,0.0,2.0,1.0,2.0,1.0,1.0,1.0,3.0,1.0,2.0,10.0
481,482,tcl,1,0,10.819598268208338,4.15,65.0,led,1,19.2,1,0.0043168633726745,3.0,0.0,1.0,0.0,2.0,1.0,2.0,1.0,1.0,0.0,2.0,1.0,2.0,8.0
482,483,reliance,0,0,9.3868953338758,4.5,32.0,led,1,16.0,1,0.0128248113998323,4.0,0.0,0.0,1.0,0.0,0.0,0.0,1.0,2.0,1.0,0.0,0.0,2.0,5.0
483,484,tcl,1,0,10.462846164547514,4.35,50.0,led,1,16.0,1,0.0063403829665618,3.0,0.0,1.0,0.0,4.0,1.0,2.0,0.0,1.0,0.0,2.0,1.0,2.0,8.0
484,485,tcl,1,0,11.002099841204238,4.35,65.0,qled,1,32.0,1,0.0047850797513291,3.0,0.0,0.0,1.0,2.0,1.0,2.0,3.0,2.0,0.0,3.0,1.0,1.0,8.0
485,486,tcl,1,0,11.225123385317872,4.75,75.0,qled,1,16.0,1,0.0042438991865582,3.0,1.0,0.0,0.0,1.0,1.0,2.0,2.0,1.0,0.0,4.0,1.0,2.0,8.0
486,487,samsung,0,1,10.075379913839544,4.75,43.0,led,1,19.2,1,0.0082,3.0,1.0,0.0,0.0,1.0,0.0,1.0,1.0,0.0,0.0,1.0,0.0,2.0,10.0
487,488,sony,1,0,10.839404425545462,4.15,43.0,led,1,16.0,1,0.004232202392626,4.0,1.0,0.0,0.0,4.0,1.0,2.0,1.0,1.0,1.0,2.0,0.0,2.0,10.0
488,489,lg,1,0,11.798036735741295,4.7,75.0,miniled,1,44.8,1,0.0027565982404692,4.0,0.0,1.0,0.0,1.0,1.0,2.0,1.0,2.0,1.0,4.0,1.0,2.0,10.0
489,490,haier,1,0,10.801430997592224,4.45,55.0,qled,1,32.0,1,0.0054389896109187,4.0,0.0,1.0,0.0,3.0,1.0,2.0,2.0,1.0,1.0,3.0,1.0,2.0,7.0
490,491,realme,1,0,10.085809109330082,4.55,43.0,qled,1,32.0,1,0.00966915288137,4.0,0.0,0.0,1.0,4.0,1.0,2.0,3.0,1.0,1.0,2.0,0.0,1.0,7.0
491,492,iffalcon,1,0,10.308952660644293,4.7,50.0,led,1,16.0,1,0.0075202506750225,3.0,0.0,0.0,1.0,4.0,1.0,2.0,1.0,1.0,0.0,1.0,1.0,2.0,7.0
492,493,haier,1,0,11.05865344255235,4.5,65.0,qled,1,32.0,1,0.0041817609072294,4.0,1.0,0.0,0.0,2.0,1.0,2.0,2.0,1.0,1.0,3.0,1.0,2.0,7.0
493,494,samsung,1,0,10.63323181522976,4.1,55.0,led,1,22.4,1,0.0053362255965292,3.0,0.0,0.0,1.0,3.0,1.0,2.0,1.0,1.0,0.0,2.0,1.0,2.0,10.0
494,495,croma,1,0,10.085434039,4.25,43.0,led,1,32.0,1,0.0081492288453522,4.0,0.0,1.0,0.0,4.0,1.0,2.0,1.0,1.0,1.0,1.0,0.0,2.0,6.0
495,496,samsung,0,0,9.769899015421748,4.6,32.0,led,0,16.0,1,0.0086752771745342,3.0,0.0,0.0,1.0,0.0,0.0,0.0,1.0,1.0,0.0,0.0,0.0,2.0,10.0
496,497,haier,1,0,11.407564949312402,4.5,55.0,miniled,1,32.0,1,0.0036500405560061,4.0,0.0,0.0,1.0,3.0,1.0,2.0,2.0,2.0,1.0,4.0,1.0,1.0,7.0
497,498,haier,1,0,10.451348811602948,4.0,43.0,qled,1,32.0,1,0.0061289389997108,4.0,1.0,0.0,0.0,4.0,1.0,2.0,1.0,1.0,1.0,2.0,0.0,2.0,7.0
498,499,samsung,1,0,10.596634733096073,4.65,50.0,led,1,19.2,1,0.0061614040351008,3.0,0.0,0.0,1.0,4.0,1.0,2.0,1.0,1.0,0.0,2.0,1.0,2.0,10.0
499,500,samsung,1,0,11.429446025158937,4.7,75.0,led,1,19.2,1,0.0031677356234373,3.0,0.0,1.0,0.0,1.0,1.0,2.0,1.0,1.0,0.0,3.0,1.0,2.0,10.0
500,501,samsung,1,0,11.461632170582678,4.0,55.0,miniled,1,25.6,1,0.0029473994463099,4.0,0.0,0.0,1.0,3.0,1.0,2.0,3.0,1.0,1.0,4.0,1.0,1.0,10.0
501,502,samsung,1,0,12.345797413264954,4.55,77.0,oled,1,44.8,1,0.001542252479739705,4.0,0.0,1.0,0.0,1.0,1.0,2.0,3.0,2.0,1.0,4.0,1.0,1.0,10.0
502,503,samsung,0,1,10.165505603232392,4.75,43.0,led,0,19.2,1,0.007127741439015,3.0,1.0,0.0,0.0,1.0,0.0,1.0,1.0,0.0,0.0,0.0,0.0,2.0,10.0
503,504,samsung,1,0,10.746691329302752,4.25,43.0,qled,1,19.2,1,0.0050295857988165,4.0,0.0,0.0,1.0,4.0,1.0,2.0,1.0,1.0,1.0,2.0,0.0,2.0,10.0
504,505,samsung,1,0,12.345797413264954,4.1,75.0,miniled,1,19.2,1,0.001542252479739705,4.0,0.0,0.0,1.0,4.0,1.0,2.0,3.0,0.0,1.0,4.0,1.0,0.0,10.0
505,506,samsung,1,0,11.832040795365506,4.65,55.0,miniled,1,32.0,1,0.0025347045570172,4.0,0.0,0.0,1.0,3.0,1.0,2.0,3.0,1.0,1.0,4.0,1.0,1.0,10.0
506,507,samsung,1,0,12.345797413264954,4.5,77.0,oled,1,44.8,1,0.001542252479739705,4.0,0.0,1.0,0.0,1.0,1.0,2.0,3.0,2.0,1.0,4.0,0.0,1.0,10.0
507,508,samsung,1,0,11.456947530560772,4.65,75.0,led,1,22.4,1,0.0030981968166675,3.0,0.0,0.0,1.0,1.0,1.0,2.0,1.0,1.0,0.0,3.0,1.0,2.0,10.0
508,509,samsung,1,0,11.396290520005437,4.15,75.0,led,1,22.4,1,0.0029379705584897,3.0,0.0,0.0,1.0,1.0,1.0,2.0,1.0,1.0,0.0,3.0,1.0,2.0,10.0
509,510,samsung,1,0,11.034744492199986,4.05,55.0,qled,1,19.2,1,0.0037893208582029,4.0,0.0,1.0,0.0,3.0,1.0,2.0,1.0,1.0,1.0,3.0,1.0,2.0,10.0
510,511,samsung,1,0,11.898187865760873,4.45,75.0,qled,1,28.8,1,0.0020282450901026,4.0,0.0,0.0,1.0,1.0,1.0,2.0,1.0,1.0,1.0,4.0,1.0,2.0,10.0
511,512,lg,0,0,9.713597426242222,4.25,32.0,led,1,16.0,1,0.0087363966142684,3.0,0.0,1.0,0.0,0.0,0.0,0.0,1.0,1.0,0.0,0.0,0.0,2.0,10.0
512,513,samsung,1,0,11.381722787354375,4.5,65.0,qled,1,16.0,1,0.0031811910652999,4.0,0.0,0.0,1.0,2.0,1.0,2.0,1.0,1.0,1.0,3.0,1.0,2.0,10.0
513,514,tcl,1,0,10.968043105074278,4.65,65.0,qled,1,32.0,1,0.0052922917744438,4.0,1.0,0.0,0.0,2.0,1.0,2.0,1.0,2.0,1.0,3.0,1.0,2.0,8.0
514,515,samsung,1,0,11.001949829953112,4.05,65.0,led,1,22.4,1,0.0040506751125187,3.0,0.0,0.0,1.0,2.0,1.0,2.0,1.0,1.0,0.0,3.0,1.0,2.0,10.0
515,516,tcl,1,0,10.460270761075147,4.3,55.0,led,1,22.4,1,0.0060372492836676,3.0,0.0,0.0,1.0,3.0,1.0,2.0,1.0,1.0,0.0,1.0,1.0,2.0,8.0
516,517,tcl,1,0,10.950648639613158,4.25,65.0,qled,1,16.0,1,0.004847341638884,3.0,1.0,0.0,0.0,2.0,1.0,2.0,1.0,1.0,0.0,3.0,1.0,2.0,8.0
517,518,samsung,1,0,12.345797413264954,4.75,65.0,miniled,1,19.2,1,0.0015677214406534,4.0,0.0,0.0,1.0,4.0,1.0,2.0,3.0,0.0,1.0,4.0,1.0,0.0,10.0
518,519,iffalcon,1,0,10.126631103850338,4.1,43.0,led,1,16.0,1,0.0073802952118084,3.0,0.0,0.0,1.0,4.0,1.0,2.0,1.0,1.0,0.0,1.0,0.0,2.0,7.0
519,520,iffalcon,1,0,10.404262840448617,4.3,55.0,led,1,16.0,1,0.0062547349919694,3.0,0.0,0.0,1.0,3.0,1.0,2.0,1.0,1.0,0.0,1.0,1.0,2.0,7.0
520,521,samsung,1,0,11.06961829293506,4.55,65.0,led,1,22.4,1,0.0041112322791712,3.0,0.0,0.0,1.0,2.0,1.0,2.0,1.0,1.0,0.0,3.0,1.0,2.0,10.0
521,522,samsung,1,0,10.742702836729976,4.45,55.0,led,1,22.4,1,0.0051911860012961,3.0,0.0,1.0,0.0,3.0,1.0,2.0,1.0,1.0,0.0,2.0,1.0,2.0,10.0
522,523,samsung,1,0,10.390532647636716,4.15,43.0,led,1,22.4,1,0.006502503917171,3.0,0.0,0.0,1.0,4.0,1.0,2.0,1.0,1.0,0.0,2.0,0.0,2.0,10.0
523,524,samsung,1,0,10.718852365820323,4.2,55.0,led,1,19.2,1,0.0051107325383304,3.0,0.0,0.0,1.0,3.0,1.0,2.0,1.0,1.0,0.0,2.0,1.0,2.0,10.0
524,525,samsung,1,0,10.791193607554506,4.65,55.0,led,1,19.2,1,0.0052634286890306,3.0,0.0,0.0,1.0,3.0,1.0,2.0,1.0,1.0,0.0,2.0,1.0,2.0,10.0
525,526,samsung,1,0,11.283399086686796,4.5,55.0,qled,1,19.2,1,0.0036230972449364,4.0,0.0,0.0,1.0,3.0,1.0,2.0,1.0,2.0,1.0,3.0,1.0,2.0,10.0
526,527,samsung,1,0,11.262410716859886,4.75,65.0,led,1,22.4,1,0.0035393568776577,3.0,0.0,0.0,1.0,2.0,1.0,2.0,1.0,1.0,0.0,3.0,1.0,2.0,10.0
527,528,samsung,1,0,11.100949205246406,4.35,50.0,qled,1,19.2,1,0.0040063110534023,4.0,0.0,0.0,1.0,4.0,1.0,2.0,1.0,1.0,1.0,3.0,1.0,2.0,10.0
528,529,samsung,1,0,10.839600519357369,4.6,50.0,led,1,22.4,1,0.0048705882352941,3.0,0.0,0.0,1.0,4.0,1.0,2.0,1.0,1.0,0.0,2.0,1.0,2.0,10.0
529,530,samsung,1,0,10.50701085558772,4.1,43.0,led,1,22.4,1,0.0057178014766201,3.0,0.0,0.0,1.0,4.0,1.0,2.0,1.0,1.0,0.0,2.0,0.0,2.0,10.0
530,531,lumio,1,0,10.915088464214609,4.7,55.0,miniled,1,32.0,1,0.005640102547319,4.0,1.0,0.0,0.0,3.0,1.0,2.0,1.0,2.0,1.0,3.0,1.0,2.0,7.538144329896907
531,532,vw,1,0,10.918718232265189,4.6,75.0,qled,1,32.0,1,0.0055000996394862,4.0,1.0,0.0,0.0,1.0,1.0,2.0,3.0,1.0,1.0,3.0,1.0,1.0,7.538144329896907
532,533,lumio,1,0,10.545341438708522,4.25,55.0,qled,1,16.0,1,0.0067107029132345,4.0,1.0,0.0,0.0,3.0,1.0,2.0,2.0,2.0,1.0,3.0,1.0,2.0,7.538144329896907
533,534,samsung,1,0,10.357457069703909,4.05,43.0,led,1,19.2,1,0.0066878374087011,3.0,1.0,0.0,0.0,4.0,1.0,2.0,1.0,1.0,0.0,2.0,0.0,2.0,10.0
534,535,samsung,1,0,11.225123385317872,4.25,65.0,qled,1,22.4,1,0.0035704760634751,3.0,1.0,0.0,0.0,2.0,1.0,2.0,1.0,1.0,0.0,3.0,1.0,2.0,10.0
535,536,samsung,1,0,10.621107809394994,4.5,55.0,led,1,19.2,1,0.0061478409368138,3.0,1.0,0.0,0.0,3.0,1.0,2.0,1.0,1.0,0.0,2.0,1.0,2.0,10.0
536,537,samsung,1,0,10.571086129249698,4.35,50.0,led,1,19.2,1,0.0061361887663503,3.0,1.0,0.0,0.0,4.0,1.0,2.0,1.0,1.0,0.0,2.0,1.0,2.0,10.0
537,538,samsung,1,0,10.491024186183038,4.65,43.0,qled,1,19.2,1,0.0071061405946096,3.0,0.0,1.0,0.0,4.0,1.0,2.0,1.0,1.0,0.0,2.0,0.0,2.0,10.0
538,539,acer,1,0,10.858998997563564,4.6,43.0,qled,1,16.0,1,0.0048654781822727,4.0,0.0,0.0,1.0,4.0,1.0,2.0,2.0,1.0,1.0,2.0,0.0,2.0,7.0
539,540,tcl,0,0,9.615205300012317,4.0,32.0,qled,1,16.0,1,0.010140093395597,3.0,1.0,0.0,0.0,0.0,0.0,0.0,0.0,0.0,0.0,0.0,0.0,2.0,8.0
540,541,iffalcon,0,0,9.546812608597396,4.4,32.0,led,1,16.0,1,0.0110007857704121,3.0,0.0,0.0,1.0,0.0,0.0,0.0,0.0,0.0,0.0,0.0,0.0,2.0,7.0
541,542,thomson,0,1,9.546812608597396,4.3,40.0,led,1,19.2,1,0.0107507679119937,4.0,0.0,0.0,1.0,1.0,0.0,1.0,3.0,0.0,1.0,0.0,0.0,1.0,7.0
542,543,thomson,0,0,9.121509158269568,4.0,32.0,led,1,16.0,1,0.0135533938135315,4.0,0.0,0.0,1.0,0.0,0.0,0.0,3.0,0.0,1.0,0.0,0.0,1.0,7.0
543,544,uniboom,0,1,9.546169544733283,4.05,43.0,led,1,19.2,1,0.0101322373123659,4.0,0.0,0.0,1.0,1.0,0.0,1.0,2.0,1.0,1.0,0.0,0.0,2.0,4.0
544,545,uniboom,0,0,9.121509158269568,4.7,32.0,led,0,16.0,1,0.0139210155148095,3.0,0.0,0.0,1.0,0.0,0.0,0.0,2.0,0.0,1.0,0.0,0.0,2.0,4.0
545,546,infinix,0,1,9.51044496442652,4.25,40.0,qled,1,19.2,1,0.0113341729016964,4.0,0.0,0.0,1.0,1.0,0.0,1.0,0.0,1.0,1.0,0.0,0.0,2.0,6.0
546,547,croma,1,0,10.491024186183038,4.05,55.0,led,1,25.6,1,0.0052889691580994,4.0,0.0,1.0,0.0,3.0,1.0,2.0,1.0,1.0,1.0,1.0,1.0,2.0,6.0
547,548,onida,1,0,10.03771245462736,4.0,43.0,led,1,19.2,1,0.0075201119272472,3.0,0.0,0.0,1.0,4.0,1.0,2.0,1.0,2.0,0.0,1.0,0.0,2.0,6.0
548,549,lg,0,0,9.905285934477508,4.6,32.0,led,1,16.0,1,0.0087247317194908,3.0,0.0,0.0,1.0,0.0,0.0,0.0,1.0,2.0,0.0,0.0,0.0,2.0,10.0
549,550,onida,0,0,9.472704636443671,4.55,32.0,qled,1,16.0,1,0.0140010770059235,4.0,0.0,0.0,1.0,0.0,0.0,0.0,1.0,2.0,1.0,1.0,0.0,2.0,6.0
550,551,toshiba,1,0,10.819778284410283,4.75,65.0,qled,1,16.0,1,0.006270125402508,4.0,0.0,0.0,1.0,2.0,1.0,2.0,3.0,1.0,1.0,3.0,1.0,1.0,8.0
551,552,toshiba,1,0,10.545341438708522,4.55,55.0,qled,1,16.0,1,0.007543619568936,4.0,0.0,0.0,1.0,3.0,1.0,2.0,3.0,1.0,1.0,3.0,1.0,1.0,8.0
552,553,tcl,1,0,12.345797413264954,4.65,77.0,miniled,1,44.8,1,0.001542252479739705,4.0,0.0,0.0,1.0,1.0,1.0,2.0,1.0,2.0,1.0,4.0,0.0,2.0,8.0
553,554,blackdecker,1,0,10.308952660644293,4.05,50.0,led,1,16.0,1,0.0072902430081002,4.0,1.0,0.0,0.0,4.0,1.0,2.0,2.0,1.0,1.0,2.0,1.0,2.0,3.0
554,555,lloyd,0,1,10.036706396322352,4.2,43.0,led,1,19.2,1,0.0068011729178519,4.0,0.0,0.0,1.0,1.0,0.0,1.0,1.0,1.0,1.0,0.0,0.0,2.0,5.0
555,556,croma,0,0,9.121509158269568,4.55,32.0,led,1,16.0,1,0.014955514695145557,4.0,0.0,1.0,0.0,0.0,0.0,0.0,1.0,2.0,1.0,0.0,0.0,2.0,6.0
556,557,reliance,1,0,10.042858113983936,4.0,43.0,led,1,19.2,1,0.0074815137016093,4.0,0.0,0.0,1.0,4.0,1.0,2.0,1.0,1.0,1.0,1.0,0.0,2.0,5.0
557,558,infinix,1,0,10.203592144986466,4.1,55.0,qled,1,16.0,1,0.0083521611911552,4.0,0.0,0.0,1.0,3.0,1.0,2.0,3.0,1.0,1.0,2.0,1.0,1.0,6.0
558,559,acer,1,0,11.170998377666052,4.75,65.0,qled,1,16.0,1,0.0046136629175523,4.0,0.0,0.0,1.0,2.0,1.0,2.0,3.0,1.0,1.0,4.0,1.0,1.0,7.0
559,560,acer,1,0,11.512925464970229,4.35,75.0,qled,1,32.0,1,0.0033060330603306,4.0,1.0,0.0,0.0,1.0,1.0,2.0,3.0,2.0,1.0,4.0,1.0,1.0,7.0
560,561,foxsky,1,0,10.645424897265505,4.35,65.0,qled,1,16.0,1,0.0068358770446915,4.0,1.0,0.0,0.0,2.0,1.0,2.0,2.0,1.0,1.0,3.0,1.0,2.0,4.0
561,562,foxsky,1,0,11.156250521031495,4.5,75.0,qled,1,16.0,1,0.0045000642866326,4.0,1.0,0.0,0.0,1.0,1.0,2.0,2.0,1.0,1.0,4.0,1.0,2.0,4.0
562,563,reliance,1,0,10.30598158469934,4.7,55.0,qled,1,22.4,1,0.0080140421263791,4.0,0.0,0.0,1.0,3.0,1.0,2.0,1.0,2.0,1.0,2.0,1.0,2.0,5.0
563,564,vu,1,0,11.089668007602317,4.65,65.0,qled,1,16.0,1,0.0052542372881355,4.0,1.0,0.0,0.0,2.0,1.0,2.0,1.0,2.0,1.0,4.0,1.0,2.0,7.0
564,565,foxsky,1,0,10.126631103850338,4.55,50.0,qled,1,25.6,1,0.0100104004160166,4.0,0.0,0.0,1.0,4.0,1.0,2.0,2.0,1.0,1.0,2.0,1.0,2.0,4.0
565,566,foxsky,1,0,10.23995978915734,4.45,55.0,qled,1,25.6,1,0.0087413836208436,4.0,0.0,0.0,1.0,3.0,1.0,2.0,2.0,1.0,1.0,2.0,1.0,2.0,4.0
566,567,samsung,1,0,11.225123385317872,4.6,55.0,qled,1,28.8,1,0.004109881317509,4.0,1.0,0.0,0.0,3.0,1.0,2.0,1.0,1.0,1.0,4.0,1.0,2.0,10.0
567,568,hisense,0,1,10.126271039034782,4.5,43.0,led,1,19.2,1,0.0073829531812725,4.0,0.0,0.0,1.0,1.0,0.0,1.0,2.0,1.0,1.0,1.0,0.0,2.0,8.0
568,569,acer,0,0,9.64212278840172,4.3,32.0,qled,1,16.0,1,0.0114487953763231,4.0,0.0,0.0,1.0,0.0,0.0,0.0,2.0,2.0,1.0,1.0,0.0,2.0,7.0
569,570,acer,1,0,10.545341438708522,4.1,55.0,qled,1,16.0,1,0.0067975473038764,4.0,1.0,0.0,0.0,3.0,1.0,2.0,3.0,1.0,1.0,3.0,1.0,1.0,7.0
570,571,acer,1,0,10.388995368317827,4.1,50.0,qled,1,16.0,1,0.0078217791316655,4.0,1.0,0.0,0.0,4.0,1.0,2.0,3.0,1.0,1.0,3.0,1.0,1.0,7.0
571,572,vu,1,0,10.22918769217543,4.6,50.0,led,1,16.0,1,0.0091339037510379,4.0,0.0,0.0,1.0,4.0,1.0,2.0,1.0,1.0,1.0,2.0,1.0,2.0,7.0
572,573,vu,1,0,10.274740715974104,4.35,43.0,led,1,16.0,1,0.0079527423249396,4.0,0.0,0.0,1.0,4.0,1.0,2.0,1.0,1.0,1.0,2.0,0.0,2.0,7.0
573,574,hisense,0,0,9.392661928770137,4.2,32.0,led,1,16.0,1,0.0126010500875072,4.0,1.0,0.0,0.0,0.0,0.0,0.0,2.0,2.0,1.0,0.0,0.0,2.0,8.0
574,575,xiaomi,1,0,11.170435156023451,4.6,65.0,qled,1,32.0,1,0.0044056958548711,4.0,1.0,0.0,0.0,2.0,1.0,2.0,2.0,1.0,1.0,4.0,1.0,2.0,8.0
575,576,realme,1,0,10.126631103850338,4.3,55.0,led,1,16.0,1,0.0082563302532101,4.0,0.0,0.0,1.0,3.0,1.0,2.0,3.0,1.0,1.0,1.0,1.0,1.0,7.0
576,577,realme,1,0,10.102338411281291,4.75,43.0,led,1,16.0,1,0.008955285052666,4.0,0.0,0.0,1.0,4.0,1.0,2.0,2.0,1.0,1.0,1.0,0.0,2.0,7.0
577,578,realme,1,0,10.54006438160768,4.25,65.0,qled,1,16.0,1,0.0064088997063414,4.0,0.0,0.0,1.0,2.0,1.0,2.0,3.0,1.0,1.0,3.0,1.0,1.0,7.0
578,579,xiaomi,1,0,10.437052663271608,4.4,55.0,led,1,19.2,1,0.0067098741898589,4.0,0.0,0.0,1.0,3.0,1.0,2.0,2.0,1.0,1.0,2.0,1.0,2.0,8.0
579,580,infinix,0,0,9.121509158269568,4.05,32.0,led,1,16.0,1,0.0149482081200142,3.0,0.0,0.0,1.0,0.0,0.0,0.0,0.0,0.0,0.0,0.0,0.0,2.0,6.0
580,581,samsung,1,0,10.736201004154935,4.2,55.0,led,1,22.4,1,0.004931506849315,4.0,1.0,0.0,0.0,3.0,1.0,2.0,1.0,1.0,1.0,2.0,1.0,2.0,10.0
581,582,sony,1,0,12.345797413264954,4.4,65.0,oled,1,32.0,1,0.001542252479739705,4.0,0.0,1.0,0.0,2.0,1.0,2.0,3.0,2.0,1.0,4.0,1.0,1.0,10.0
582,583,sony,1,0,12.345797413264954,4.3,75.0,qled,1,32.0,1,0.001542252479739705,4.0,1.0,0.0,0.0,1.0,1.0,2.0,3.0,2.0,1.0,4.0,1.0,1.0,10.0
583,584,sony,1,0,12.345797413264954,4.35,77.0,qled,1,32.0,1,0.001542252479739705,4.0,1.0,0.0,0.0,1.0,1.0,2.0,3.0,2.0,1.0,4.0,0.0,1.0,10.0
584,585,wobble,0,0,9.546812608597396,4.25,32.0,led,1,16.0,1,0.0112329452103721,4.0,1.0,0.0,0.0,0.0,0.0,0.0,1.0,0.0,1.0,0.0,0.0,2.0,4.0
585,586,sony,1,0,11.194096663521613,4.65,50.0,led,1,16.0,1,0.0039656666529113,4.0,0.0,0.0,1.0,4.0,1.0,2.0,1.0,1.0,1.0,3.0,1.0,2.0,10.0
586,587,sony,1,0,11.856451337535864,4.75,75.0,led,1,16.0,1,0.0023583232853393,4.0,1.0,0.0,0.0,1.0,1.0,2.0,1.0,1.0,1.0,4.0,1.0,2.0,10.0
587,588,hisense,1,0,11.002099841204238,4.65,65.0,qled,1,22.4,1,0.0051150852514208,4.0,0.0,0.0,1.0,2.0,1.0,2.0,1.0,1.0,1.0,3.0,1.0,2.0,8.0
588,589,kodak,0,0,9.259130536145614,4.55,32.0,qled,1,16.0,1,0.014955514695145557,4.0,0.0,0.0,1.0,0.0,0.0,0.0,3.0,0.0,1.0,1.0,0.0,1.0,6.0
589,590,haier,0,1,10.765934371538163,4.65,43.0,led,1,19.2,1,0.0042203132255477,4.0,0.0,0.0,1.0,1.0,0.0,1.0,1.0,2.0,1.0,1.0,0.0,2.0,7.0
590,591,thomson,0,0,9.259130536145614,4.3,32.0,qled,1,16.0,1,0.014955514695145557,4.0,0.0,0.0,1.0,0.0,0.0,0.0,3.0,0.0,1.0,1.0,0.0,1.0,7.0
591,592,sony,1,0,11.23837019120351,4.1,55.0,led,1,16.0,1,0.0032912225292801,4.0,1.0,0.0,0.0,3.0,1.0,2.0,1.0,1.0,1.0,3.0,1.0,2.0,10.0
592,593,sony,0,0,10.274740715974104,4.25,32.0,led,1,16.0,1,0.006157295619179,4.0,1.0,0.0,0.0,0.0,0.0,0.0,1.0,0.0,1.0,1.0,0.0,2.0,10.0
593,594,hisense,1,0,10.691944912900398,4.6,65.0,led,1,16.0,1,0.0060637741766858,4.0,0.0,0.0,1.0,2.0,1.0,2.0,1.0,1.0,1.0,3.0,1.0,2.0,8.0
594,595,sony,0,0,10.257343526911065,4.6,32.0,led,1,16.0,1,0.0064584064584064,4.0,1.0,0.0,0.0,0.0,0.0,0.0,1.0,0.0,1.0,1.0,0.0,2.0,10.0
595,596,sony,1,0,10.799575577092764,4.5,50.0,led,1,16.0,1,0.0048674462744137,4.0,0.0,0.0,1.0,4.0,1.0,2.0,1.0,1.0,1.0,2.0,1.0,2.0,10.0
596,597,sony,1,0,12.24043059304143,4.7,65.0,miniled,1,32.0,1,0.0018392192859558,4.0,0.0,0.0,1.0,2.0,1.0,2.0,3.0,2.0,1.0,4.0,1.0,1.0,10.0
597,598,samsung,1,0,12.345797413264954,4.2,77.0,led,1,28.8,1,0.001542252479739705,4.0,0.0,1.0,0.0,1.0,1.0,2.0,1.0,1.0,1.0,4.0,0.0,2.0,10.0
598,599,hisense,1,0,10.38176932322609,4.65,55.0,qled,1,19.2,1,0.0085030218503021,4.0,1.0,0.0,0.0,3.0,1.0,2.0,1.0,1.0,1.0,3.0,1.0,2.0,8.0
599,600,toshiba,1,0,11.76756768334381,4.5,77.0,qled,1,32.0,1,0.0026511833425065,4.0,1.0,0.0,0.0,1.0,1.0,2.0,3.0,2.0,1.0,4.0,0.0,1.0,8.0
600,601,hisense,1,0,10.043249494911286,4.35,43.0,led,1,16.0,1,0.0100243488847341,4.0,0.0,0.0,1.0,4.0,1.0,2.0,1.0,1.0,1.0,2.0,0.0,2.0,8.0
601,602,croma,0,0,9.121509158269568,4.0,32.0,led,0,16.0,1,0.0120200333889816,3.0,0.0,1.0,0.0,0.0,0.0,0.0,0.0,0.0,1.0,0.0,0.0,2.0,6.0
602,603,croma,1,0,11.08206562284212,4.5,75.0,qled,1,16.0,1,0.0040849924608425,4.0,0.0,1.0,0.0,1.0,1.0,2.0,1.0,1.0,1.0,3.0,1.0,2.0,6.0
603,604,hisense,1,0,10.876366535738477,4.4,65.0,qled,1,28.8,1,0.0055717255717255,4.0,0.0,0.0,1.0,2.0,1.0,2.0,1.0,1.0,1.0,4.0,1.0,2.0,8.0
604,605,redmi,0,0,9.546812608597396,4.3,32.0,led,1,16.0,1,0.0098292735195371,4.0,0.0,1.0,0.0,0.0,0.0,0.0,1.0,0.0,1.0,0.0,0.0,2.0,7.0
605,606,hisense,1,0,11.353355125282244,4.0,75.0,qled,1,25.6,1,0.0034721407624633,4.0,0.0,0.0,1.0,1.0,1.0,2.0,2.0,1.0,1.0,4.0,1.0,2.0,8.0
606,607,iffalcon,0,0,9.903037451255743,4.5,32.0,led,1,16.0,1,0.0083291645822911,3.0,0.0,0.0,1.0,0.0,0.0,0.0,0.0,0.0,0.0,0.0,0.0,2.0,7.0
607,608,samsung,1,0,10.950648639613158,4.35,55.0,qled,1,25.6,1,0.0043507632918055,4.0,0.0,1.0,0.0,3.0,1.0,2.0,1.0,1.0,1.0,3.0,1.0,2.0,10.0
608,609,toshiba,1,0,10.586584397242571,4.75,55.0,qled,1,28.8,1,0.0074370564913255,4.0,0.0,1.0,0.0,3.0,1.0,2.0,1.0,1.0,1.0,3.0,1.0,2.0,8.0
609,610,sony,1,0,11.156250521031495,4.25,65.0,led,1,16.0,1,0.0037643394905641,4.0,0.0,0.0,1.0,2.0,1.0,2.0,1.0,1.0,1.0,3.0,1.0,2.0,10.0
610,611,tcl,1,0,12.025695197731086,4.65,65.0,qled,1,32.0,1,0.0018099886220731,3.0,0.0,0.0,1.0,2.0,1.0,2.0,1.0,1.0,0.0,3.0,1.0,2.0,8.0
611,612,lg,1,0,11.074342980399235,4.35,65.0,led,1,19.2,1,0.0037096474090613,4.0,0.0,1.0,0.0,2.0,1.0,2.0,1.0,1.0,1.0,2.0,1.0,2.0,10.0
612,613,lg,1,0,10.668839108844995,4.25,55.0,led,1,22.4,1,0.0051402521282039,4.0,0.0,1.0,0.0,3.0,1.0,2.0,1.0,1.0,1.0,2.0,1.0,2.0,10.0
613,614,tcl,1,0,11.711702550502414,4.6,55.0,qled,1,32.0,1,0.0021870645134847,3.0,0.0,0.0,1.0,3.0,1.0,2.0,1.0,1.0,0.0,3.0,1.0,2.0,8.0
614,615,lg,1,0,12.0435537160324,4.15,65.0,oled,1,44.8,1,0.0019773645727327,4.0,0.0,0.0,1.0,2.0,1.0,2.0,3.0,2.0,1.0,4.0,1.0,1.0,10.0
615,616,tcl,1,0,11.695247021764184,4.55,75.0,qled,1,16.0,1,0.0025025208543404,4.0,0.0,0.0,1.0,1.0,1.0,2.0,2.0,1.0,1.0,3.0,1.0,1.0,8.0
616,617,motorola,1,0,10.933089112414988,4.75,65.0,qled,1,16.0,1,0.0051742919389978,4.0,0.0,0.0,1.0,2.0,1.0,2.0,1.0,1.0,1.0,3.0,1.0,2.0,7.0
617,618,tcl,0,1,9.391911647379434,4.55,32.0,led,1,19.2,1,0.0132819015846538,3.0,0.0,1.0,0.0,1.0,0.0,1.0,1.0,0.0,0.0,0.0,0.0,2.0,8.0
618,619,motorola,1,0,10.477287975463508,4.35,55.0,miniled,1,16.0,1,0.007107242457534,4.0,0.0,0.0,1.0,3.0,1.0,2.0,1.0,1.0,1.0,3.0,1.0,2.0,7.0
619,620,tcl,1,0,10.173514689749188,4.3,50.0,led,1,16.0,1,0.0085346768960647,3.0,0.0,1.0,0.0,4.0,1.0,2.0,1.0,1.0,0.0,2.0,1.0,2.0,8.0
620,621,tcl,1,0,10.46310334047155,4.75,55.0,qled,1,32.0,1,0.0081430898025657,3.0,0.0,0.0,1.0,3.0,1.0,2.0,1.0,1.0,0.0,3.0,1.0,2.0,8.0
621,622,samsung,1,0,12.345797413264954,4.65,75.0,qled,1,19.2,1,0.001542252479739705,4.0,1.0,0.0,0.0,4.0,1.0,2.0,3.0,0.0,1.0,4.0,1.0,0.0,10.0
622,623,samsung,1,0,11.231887935237117,4.4,50.0,qled,1,28.8,1,0.0038464085617028,4.0,0.0,1.0,0.0,4.0,1.0,2.0,3.0,1.0,1.0,3.0,1.0,1.0,10.0
623,624,samsung,1,0,11.15612194133691,4.0,65.0,led,1,25.6,1,0.0032576082297471,3.0,0.0,0.0,1.0,2.0,1.0,2.0,1.0,1.0,0.0,3.0,1.0,2.0,10.0
624,625,samsung,1,0,12.345797413264954,4.3,77.0,oled,1,41.6,1,0.001542252479739705,4.0,1.0,0.0,0.0,1.0,1.0,2.0,3.0,2.0,1.0,4.0,1.0,0.0,10.0
625,626,samsung,1,0,10.968043105074278,4.05,65.0,led,1,19.2,1,0.0038411795137092,3.0,0.0,1.0,0.0,2.0,1.0,2.0,1.0,1.0,0.0,2.0,1.0,2.0,10.0
626,627,samsung,1,0,10.545341438708522,4.55,50.0,led,1,19.2,1,0.0065856996236743,3.0,0.0,0.0,1.0,4.0,1.0,2.0,1.0,1.0,0.0,2.0,1.0,2.0,10.0
627,628,samsung,1,0,10.558413520275876,4.15,55.0,led,1,22.4,1,0.0058209304137769,3.0,0.0,0.0,1.0,3.0,1.0,2.0,1.0,1.0,0.0,2.0,1.0,2.0,10.0
628,629,samsung,1,0,10.463646050320772,4.05,43.0,led,1,19.2,1,0.005782740304986,3.0,0.0,0.0,1.0,4.0,1.0,2.0,1.0,1.0,0.0,1.0,0.0,2.0,10.0
629,630,samsung,1,0,11.512835460919986,4.75,65.0,qled,1,19.2,1,0.0031353135313531,4.0,0.0,0.0,1.0,2.0,1.0,2.0,1.0,1.0,1.0,3.0,1.0,2.0,10.0
630,631,samsung,1,0,11.512835460919986,4.1,75.0,led,1,16.0,1,0.0025832583258325,4.0,0.0,0.0,1.0,1.0,1.0,2.0,1.0,1.0,1.0,3.0,1.0,2.0,10.0
631,632,samsung,1,0,10.828182866754094,4.7,50.0,qled,1,22.4,1,0.0052200472025544,4.0,0.0,0.0,1.0,4.0,1.0,2.0,1.0,1.0,1.0,2.0,1.0,2.0,10.0
632,633,lloyd,1,0,10.249061103403688,4.3,43.0,led,1,19.2,1,0.0065439745177844,4.0,0.0,0.0,1.0,4.0,1.0,2.0,1.0,1.0,1.0,1.0,0.0,2.0,5.0
633,634,samsung,1,0,10.518429918794682,4.7,43.0,led,1,19.2,1,0.0067342525006758,3.0,0.0,0.0,1.0,4.0,1.0,2.0,1.0,1.0,0.0,2.0,0.0,2.0,10.0
634,635,samsung,1,0,11.034744492199986,4.25,55.0,qled,1,19.2,1,0.0040450072592353,4.0,0.0,0.0,1.0,3.0,1.0,2.0,1.0,1.0,1.0,3.0,1.0,2.0,10.0
635,636,kodak,0,1,9.581903928408666,4.75,43.0,led,1,19.2,1,0.0108110904200289,4.0,0.0,0.0,1.0,1.0,0.0,1.0,2.0,1.0,1.0,0.0,0.0,2.0,6.0
636,637,bpl,1,0,10.126631103850338,4.15,43.0,led,1,22.4,1,0.0078023120924837,4.0,0.0,0.0,1.0,4.0,1.0,2.0,1.0,1.0,1.0,1.0,0.0,2.0,3.0
637,638,lg,1,0,10.957712470499596,4.65,55.0,qned,1,19.2,1,0.0049421542321497,4.0,0.0,1.0,0.0,3.0,1.0,2.0,1.0,1.0,1.0,3.0,1.0,2.0,10.0
638,639,bpl,0,0,9.455245415071904,4.05,32.0,led,1,16.0,1,0.0098285580084546,4.0,0.0,0.0,1.0,0.0,0.0,0.0,1.0,1.0,1.0,0.0,0.0,2.0,3.0
639,640,samsung,0,1,10.021270588192513,4.75,43.0,led,1,19.2,1,0.0076003377927907,3.0,0.0,0.0,1.0,1.0,0.0,1.0,1.0,1.0,0.0,0.0,0.0,2.0,10.0
640,641,foxsky,1,0,10.51867319162636,4.45,65.0,led,1,25.6,1,0.0050514878780507,4.0,0.0,0.0,1.0,2.0,1.0,2.0,2.0,0.0,1.0,1.0,1.0,2.0,4.0
641,642,panasonic,0,1,10.233366673687698,4.75,43.0,led,1,19.2,1,0.0059769908322847,3.0,0.0,0.0,1.0,1.0,0.0,1.0,1.0,0.0,0.0,0.0,0.0,2.0,8.0
642,643,blaupunkt,1,0,10.22557105170524,4.1,55.0,led,1,22.4,1,0.0066850248197398,4.0,0.0,1.0,0.0,3.0,1.0,2.0,3.0,1.0,1.0,1.0,1.0,1.0,6.0
643,644,tcl,0,1,10.379504316595238,4.75,43.0,led,0,19.2,1,0.0061971918489065,3.0,0.0,0.0,1.0,4.0,1.0,2.0,1.0,2.0,0.0,1.0,0.0,2.0,8.0
644,645,motorola,1,0,10.146433731146518,4.45,55.0,led,1,16.0,1,0.008027765794737,4.0,0.0,0.0,1.0,3.0,1.0,2.0,1.0,1.0,1.0,1.0,1.0,2.0,7.0
645,646,croma,0,1,9.679781342959442,4.75,43.0,led,1,19.2,1,0.0101000625390869,4.0,0.0,1.0,0.0,1.0,0.0,1.0,1.0,0.0,1.0,0.0,0.0,2.0,6.0
646,647,haier,1,0,10.666417292697274,4.4,55.0,led,1,32.0,1,0.0053345768244346,4.0,0.0,0.0,1.0,3.0,1.0,2.0,1.0,1.0,1.0,2.0,1.0,2.0,7.0
647,648,iffalcon,1,0,10.437052663271608,4.45,55.0,qled,1,19.2,1,0.0071776298425173,3.0,0.0,1.0,0.0,3.0,1.0,2.0,3.0,1.0,0.0,2.0,1.0,1.0,7.0
648,649,hisense,1,0,12.345797413264954,4.2,77.0,laser,1,28.8,1,0.001542252479739705,4.0,1.0,0.0,0.0,1.0,1.0,2.0,3.0,1.0,1.0,4.0,0.0,1.0,8.0
649,650,xiaomi,1,0,10.51596683002862,4.7,55.0,led,1,19.2,1,0.0067508604569229,4.0,0.0,0.0,1.0,3.0,1.0,2.0,2.0,1.0,1.0,2.0,1.0,2.0,8.0
650,651,xiaomi,1,0,10.203258756085228,4.4,43.0,led,1,25.6,1,0.0081511670989255,4.0,0.0,0.0,1.0,4.0,1.0,2.0,2.0,1.0,1.0,1.0,0.0,2.0,8.0
651,652,xiaomi,1,0,10.322197887394314,4.65,50.0,led,1,22.4,1,0.0078012434619559,4.0,0.0,0.0,1.0,4.0,1.0,2.0,2.0,1.0,1.0,2.0,1.0,2.0,8.0
652,653,lg,1,0,11.461537429252754,4.3,48.0,oled,1,19.2,1,0.0026255395304768,4.0,0.0,0.0,1.0,4.0,1.0,2.0,1.0,1.0,1.0,3.0,0.0,2.0,10.0
653,654,lg,1,0,11.512835460919986,4.45,55.0,oled,1,19.2,1,0.0027147714771477,4.0,0.0,0.0,1.0,3.0,1.0,2.0,1.0,1.0,1.0,3.0,1.0,2.0,10.0
654,655,panasonic,0,0,9.509778075438817,4.05,32.0,led,1,16.0,1,0.0102075611564121,4.0,0.0,1.0,0.0,0.0,0.0,0.0,1.0,1.0,1.0,0.0,0.0,2.0,8.0
655,656,panasonic,0,0,10.085809109330082,4.75,32.0,led,1,16.0,1,0.0071252968873703,4.0,0.0,0.0,1.0,0.0,0.0,0.0,1.0,2.0,1.0,0.0,0.0,2.0,8.0
656,657,onida,0,0,9.567665104756411,4.3,32.0,led,1,16.0,1,0.0108297187631173,4.0,0.0,0.0,1.0,0.0,0.0,0.0,1.0,2.0,1.0,0.0,0.0,2.0,6.0
657,658,westinghouse,0,0,9.121509158269568,4.05,32.0,led,1,16.0,1,0.0148516501833537,4.0,0.0,1.0,0.0,0.0,0.0,0.0,3.0,0.0,1.0,0.0,0.0,1.0,1.0
658,659,lg,1,0,11.082004077752629,4.65,65.0,led,1,22.4,1,0.0037205723957531,4.0,0.0,0.0,1.0,2.0,1.0,2.0,1.0,1.0,1.0,2.0,1.0,2.0,10.0
659,660,lg,1,0,10.716216150693835,4.7,55.0,led,1,19.2,1,0.0055257320319432,4.0,0.0,0.0,1.0,3.0,1.0,2.0,1.0,1.0,1.0,2.0,1.0,2.0,10.0
660,661,lg,1,0,10.714417768752456,4.35,50.0,led,1,19.2,1,0.0044467654836774,4.0,0.0,0.0,1.0,4.0,1.0,2.0,1.0,1.0,1.0,1.0,1.0,2.0,10.0
661,662,haier,1,0,10.596409707779776,4.3,50.0,led,1,32.0,1,0.0054838709677419,4.0,0.0,1.0,0.0,4.0,1.0,2.0,1.0,1.0,1.0,2.0,1.0,2.0,7.0
662,663,haier,1,0,10.403990075979044,4.45,43.0,led,1,32.0,1,0.0066095786602,4.0,0.0,1.0,0.0,4.0,1.0,2.0,1.0,1.0,1.0,1.0,0.0,2.0,7.0
663,664,kodak,0,0,9.121509158269568,4.4,32.0,led,1,16.0,1,0.014955514695145557,4.0,0.0,0.0,1.0,0.0,0.0,0.0,2.0,0.0,1.0,0.0,0.0,2.0,6.0
664,665,lg,1,0,10.349966636734909,4.55,43.0,led,1,22.4,1,0.0069876819708846,4.0,0.0,0.0,1.0,4.0,1.0,2.0,1.0,1.0,1.0,1.0,0.0,2.0,10.0
665,666,sony,1,0,12.345797413264954,4.75,77.0,oled,1,32.0,1,0.001542252479739705,4.0,0.0,0.0,1.0,1.0,1.0,2.0,3.0,2.0,1.0,4.0,1.0,1.0,10.0
666,667,blaupunkt,0,1,9.546812608597396,4.1,40.0,led,1,19.2,1,0.011129366383313,4.0,0.0,0.0,1.0,1.0,0.0,1.0,3.0,0.0,1.0,0.0,0.0,1.0,6.0
667,668,sony,1,0,11.225123385317872,4.05,55.0,led,1,32.0,1,0.0033484464595279,4.0,0.0,0.0,1.0,3.0,1.0,2.0,0.0,1.0,1.0,3.0,1.0,2.0,10.0
668,669,sony,1,0,10.968043105074278,4.35,55.0,led,1,25.6,1,0.0042757371960682,4.0,0.0,0.0,1.0,3.0,1.0,2.0,1.0,1.0,1.0,3.0,1.0,2.0,10.0
669,670,thomson,0,0,9.121509158269568,4.75,32.0,led,1,16.0,1,0.014955514695145557,4.0,0.0,0.0,1.0,0.0,0.0,0.0,2.0,1.0,1.0,0.0,0.0,2.0,7.0
670,671,marq,0,0,9.121509158269568,4.2,32.0,led,0,16.0,1,0.0117615682090945,3.0,0.0,0.0,1.0,0.0,0.0,0.0,1.0,0.0,1.0,0.0,0.0,2.0,5.0
671,672,panasonic,1,0,10.63344870621879,4.35,55.0,led,0,19.2,0,0.0057861635220125,3.0,0.0,0.0,1.0,1.0,1.0,1.0,1.0,2.0,1.0,2.0,1.0,2.0,8.0
672,673,blaupunkt,0,1,9.546812608597396,4.65,39.37,led,1,19.2,1,0.0109614972498035,4.0,0.0,0.0,1.0,1.0,0.0,1.0,3.0,0.0,1.0,0.0,0.0,1.0,6.0
673,674,samsung,1,0,10.605421020376692,4.7,43.0,led,1,19.2,1,0.005008425852498,4.0,0.0,0.0,1.0,4.0,1.0,2.0,1.0,1.0,1.0,1.0,0.0,2.0,10.0
674,675,xelectron,0,0,9.121509158269568,4.45,32.0,led,0,16.0,1,0.013351907415345,3.0,0.0,0.0,1.0,0.0,0.0,0.0,1.0,0.0,1.0,0.0,0.0,2.0,1.0
675,676,samsung,1,0,10.91492481446108,4.65,55.0,qled,1,25.6,1,0.004228041462084,4.0,0.0,0.0,1.0,3.0,1.0,2.0,1.0,1.0,1.0,1.0,1.0,2.0,10.0
676,677,haier,0,0,9.932852161166032,4.2,32.0,led,1,16.0,1,0.0063219227967953,3.0,0.0,0.0,1.0,0.0,0.0,0.0,0.0,0.0,0.0,0.0,0.0,2.0,7.0
677,678,samsung,1,0,11.461537429252754,4.2,75.0,led,1,22.4,1,0.0028739867354458,3.0,0.0,0.0,1.0,1.0,1.0,2.0,1.0,2.0,0.0,3.0,1.0,2.0,10.0
678,679,beethosol,0,1,9.79762691183662,4.55,43.0,led,1,19.2,1,0.008852140077821,4.0,1.0,0.0,0.0,1.0,0.0,1.0,1.0,0.0,1.0,0.0,0.0,2.0,1.0
679,680,lloyd,1,0,10.302699818978526,4.65,43.0,qled,1,22.4,1,0.0071749631021065,4.0,0.0,0.0,1.0,4.0,1.0,2.0,1.0,1.0,1.0,1.0,0.0,2.0,5.0
680,681,thomson,0,0,9.121509158269568,4.1,32.0,led,1,16.0,1,0.014955514695145557,4.0,0.0,0.0,1.0,0.0,0.0,0.0,1.0,1.0,1.0,0.0,0.0,2.0,7.0
681,682,samsung,0,0,9.837828403729851,4.75,32.0,led,1,16.0,1,0.007862558735583,3.0,0.0,0.0,1.0,0.0,0.0,0.0,1.0,0.0,0.0,0.0,0.0,2.0,10.0
682,683,samsung,0,1,10.020870508171171,4.45,43.0,led,1,19.2,1,0.0069253001333926,3.0,0.0,1.0,0.0,1.0,0.0,1.0,1.0,0.0,0.0,0.0,0.0,2.0,10.0
683,684,hisense,1,0,11.25156070083582,4.15,65.0,qled,1,19.2,1,0.0028026338004389,4.0,0.0,0.0,1.0,2.0,1.0,2.0,1.0,2.0,1.0,2.0,1.0,2.0,8.0
684,685,lloyd,0,0,9.775142686598905,4.55,32.0,led,1,16.0,1,0.008277430358158,4.0,0.0,0.0,1.0,0.0,0.0,0.0,1.0,0.0,1.0,0.0,0.0,2.0,5.0
685,686,samsung,1,0,10.714217748749787,4.55,55.0,led,1,22.4,1,0.0044498777506112,3.0,0.0,0.0,1.0,3.0,1.0,2.0,1.0,1.0,0.0,1.0,1.0,2.0,10.0
686,687,infinix,1,0,10.404262840448617,4.15,55.0,qled,1,22.4,1,0.0059107851753083,4.0,0.0,0.0,1.0,3.0,1.0,2.0,3.0,1.0,1.0,1.0,1.0,1.0,6.0
687,688,lg,1,0,10.91492481446108,4.0,55.0,led,1,22.4,1,0.0037825059101654,4.0,0.0,0.0,1.0,3.0,1.0,2.0,1.0,1.0,1.0,2.0,1.0,2.0,10.0
688,689,thomson,1,0,10.858998997563564,4.25,65.0,qled,1,22.4,1,0.0040866170503278,4.0,0.0,0.0,1.0,2.0,1.0,2.0,3.0,1.0,1.0,1.0,1.0,1.0,7.0
689,690,lg,1,0,11.112313560992032,4.75,65.0,led,1,22.4,1,0.0038289296909986,4.0,0.0,0.0,1.0,2.0,1.0,2.0,1.0,1.0,1.0,2.0,1.0,2.0,10.0
690,691,vu,1,0,10.583828076826626,4.45,55.0,led,1,16.0,1,0.0072119523930108,4.0,1.0,0.0,0.0,3.0,1.0,2.0,0.0,1.0,1.0,3.0,1.0,2.0,7.0
691,692,lg,1,0,10.714217748749787,4.0,55.0,led,1,19.2,1,0.0040008890864636,4.0,0.0,0.0,1.0,3.0,1.0,2.0,1.0,1.0,1.0,1.0,1.0,2.0,10.0
692,693,lg,1,0,10.403990075979044,4.05,43.0,led,1,22.4,1,0.0051561079114883,4.0,0.0,1.0,0.0,4.0,1.0,2.0,1.0,2.0,1.0,1.0,0.0,2.0,10.0
693,694,lg,1,0,10.4341158035983,4.0,43.0,led,1,19.2,1,0.0050589723227153,4.0,0.0,1.0,0.0,4.0,1.0,2.0,1.0,2.0,1.0,1.0,0.0,2.0,10.0
694,695,lg,1,0,10.69174034652358,4.65,55.0,led,1,19.2,1,0.0045453512161854,3.0,0.0,1.0,0.0,3.0,1.0,2.0,1.0,2.0,0.0,1.0,1.0,2.0,10.0
695,696,lg,0,1,9.976691544794544,4.15,32.0,led,1,16.0,1,0.0067501626545217,3.0,0.0,0.0,1.0,0.0,0.0,0.0,1.0,2.0,0.0,0.0,0.0,2.0,10.0
696,697,infinix,0,0,9.121509158269568,4.4,32.0,led,1,16.0,1,0.014955514695145557,4.0,0.0,0.0,1.0,0.0,0.0,0.0,1.0,1.0,1.0,0.0,0.0,2.0,6.0
697,698,lg,1,0,10.275051108968611,4.25,43.0,led,1,19.2,1,0.0061553846684368,3.0,0.0,0.0,1.0,4.0,1.0,2.0,1.0,2.0,0.0,1.0,0.0,2.0,10.0
698,699,tcl,1,0,10.819598268208338,4.05,65.0,led,1,25.6,1,0.0037267453490698,3.0,0.0,0.0,1.0,2.0,1.0,2.0,2.0,1.0,0.0,1.0,1.0,2.0,8.0
699,700,samsung,1,0,12.100606568745413,4.2,65.0,qled,1,19.2,1,0.0015635070563395,4.0,0.0,0.0,1.0,4.0,1.0,2.0,3.0,0.0,1.0,4.0,1.0,1.0,10.0
700,701,sony,1,0,11.001949829953112,4.7,43.0,led,1,19.2,1,0.0036039339889981,4.0,0.0,0.0,1.0,4.0,1.0,2.0,1.0,1.0,1.0,1.0,0.0,2.0,10.0
701,702,samsung,1,0,10.373491181781864,4.35,43.0,led,1,19.2,1,0.0058454951717241,3.0,0.0,0.0,1.0,4.0,1.0,2.0,1.0,2.0,0.0,1.0,0.0,2.0,10.0
702,703,lg,0,1,10.357457069703909,4.05,32.0,led,1,19.2,1,0.0047586535408066,3.0,0.0,0.0,1.0,1.0,0.0,1.0,1.0,1.0,0.0,0.0,0.0,2.0,10.0
703,704,sony,1,0,11.225123385317872,4.6,65.0,led,1,22.4,1,0.0033124416588878,4.0,0.0,0.0,1.0,2.0,1.0,2.0,1.0,1.0,1.0,2.0,1.0,2.0,10.0
704,705,lg,0,0,9.531771484474335,4.15,32.0,led,1,16.0,1,0.0111348803480783,3.0,0.0,1.0,0.0,0.0,0.0,0.0,1.0,0.0,0.0,0.0,0.0,2.0,10.0
705,706,xiaomi,0,0,9.392661928770137,4.15,32.0,led,1,16.0,1,0.0117593132761063,4.0,0.0,0.0,1.0,0.0,0.0,0.0,1.0,0.0,1.0,0.0,0.0,2.0,8.0
706,707,samsung,1,0,10.463131911491969,4.05,43.0,led,1,22.4,1,0.00486,4.0,1.0,0.0,0.0,4.0,1.0,2.0,1.0,2.0,1.0,1.0,0.0,2.0,10.0
707,708,samsung,1,0,11.65260914341328,4.3,65.0,qled,1,19.2,1,0.0023184624749978,4.0,0.0,0.0,1.0,2.0,1.0,2.0,3.0,1.0,1.0,3.0,1.0,1.0,10.0
708,709,samsung,1,0,10.91492481446108,4.0,55.0,qled,1,19.2,1,0.0040007274049827,4.0,0.0,0.0,1.0,3.0,1.0,2.0,1.0,1.0,1.0,2.0,1.0,2.0,10.0
709,710,samsung,1,0,11.775220496271928,4.1,65.0,qled,1,19.2,1,0.0018609123778752,4.0,0.0,0.0,1.0,2.0,1.0,2.0,3.0,1.0,1.0,3.0,1.0,1.0,10.0
710,711,samsung,1,0,10.736201004154935,4.25,55.0,led,1,22.4,1,0.0040661013263752,4.0,1.0,0.0,0.0,3.0,1.0,2.0,1.0,1.0,1.0,1.0,1.0,2.0,10.0
711,712,samsung,1,0,11.461537429252754,4.25,75.0,led,1,25.6,1,0.0025502684493104,3.0,0.0,0.0,1.0,1.0,1.0,2.0,1.0,1.0,0.0,3.0,1.0,2.0,10.0
712,713,foxsky,1,0,10.126631103850338,4.25,50.0,led,1,25.6,1,0.0066302652106084,4.0,1.0,0.0,0.0,4.0,1.0,2.0,2.0,0.0,1.0,0.0,1.0,2.0,4.0
713,714,thomson,1,0,10.341742483467284,4.25,54.72,led,1,22.4,1,0.0058953514629504,4.0,0.0,0.0,1.0,3.0,1.0,2.0,3.0,1.0,1.0,1.0,1.0,1.0,7.0
714,715,tseries,0,0,9.121509158269568,4.75,32.0,led,0,16.0,1,0.012856949519556,3.0,0.0,0.0,1.0,0.0,0.0,0.0,1.0,0.0,1.0,0.0,0.0,2.0,3.0
715,716,lg,1,0,11.15612194133691,4.65,65.0,led,1,19.2,1,0.0035212173167595,4.0,0.0,0.0,1.0,2.0,1.0,2.0,1.0,1.0,1.0,2.0,1.0,2.0,10.0
716,717,lg,1,0,11.40746494431207,4.6,55.0,oled,1,32.0,1,0.0032714746082898,4.0,0.0,0.0,1.0,3.0,1.0,2.0,3.0,1.0,1.0,3.0,1.0,1.0,10.0
717,718,foxsky,0,1,9.472704636443671,4.7,43.0,led,1,19.2,1,0.0130163858758366,4.0,0.0,0.0,1.0,1.0,0.0,1.0,2.0,0.0,1.0,0.0,0.0,2.0,4.0
718,719,samsung,1,0,11.001949829953112,4.4,55.0,qled,1,25.6,1,0.0041806967827971,4.0,0.0,0.0,1.0,3.0,1.0,2.0,1.0,1.0,1.0,3.0,1.0,2.0,10.0
719,720,samsung,1,0,10.91492481446108,4.0,50.0,qled,1,19.2,1,0.0038552464084378,4.0,0.0,0.0,1.0,4.0,1.0,2.0,1.0,1.0,1.0,2.0,1.0,2.0,10.0
720,721,samsung,1,0,11.28966940732742,4.05,65.0,led,1,19.2,1,0.0030885110638829,4.0,0.0,0.0,1.0,2.0,1.0,2.0,1.0,1.0,1.0,3.0,1.0,2.0,10.0
721,722,samsung,1,0,11.65260914341328,4.75,65.0,qled,1,19.2,1,0.0025610922688929,4.0,0.0,0.0,1.0,2.0,1.0,2.0,3.0,1.0,1.0,3.0,1.0,1.0,10.0
722,723,samsung,1,0,11.225123385317872,4.65,55.0,qled,1,22.4,1,0.003472462995066,4.0,0.0,0.0,1.0,3.0,1.0,2.0,3.0,1.0,1.0,2.0,1.0,1.0,10.0
723,724,samsung,1,0,10.43385106267516,4.45,43.0,led,1,19.2,1,0.0056295969402765,3.0,0.0,0.0,1.0,4.0,1.0,2.0,1.0,2.0,0.0,1.0,0.0,2.0,10.0
724,725,samsung,1,0,11.40746494431207,4.1,75.0,led,1,22.4,1,0.0025513945993999,4.0,0.0,0.0,1.0,1.0,1.0,2.0,1.0,1.0,1.0,2.0,1.0,2.0,10.0
725,726,samsung,1,0,10.69174034652358,4.3,55.0,led,1,19.2,1,0.0044964764719254,3.0,0.0,0.0,1.0,3.0,1.0,2.0,1.0,1.0,0.0,1.0,1.0,2.0,10.0
726,727,samsung,1,0,10.403990075979044,4.25,43.0,led,1,19.2,1,0.0055395574416489,3.0,0.0,0.0,1.0,4.0,1.0,2.0,1.0,2.0,0.0,1.0,0.0,2.0,10.0
727,728,compaq,0,0,9.210340371976184,4.35,32.0,led,1,16.0,1,0.014955514695145557,4.0,0.0,0.0,1.0,0.0,0.0,0.0,1.0,2.0,1.0,0.0,0.0,2.0,3.0
728,729,lg,1,0,11.002099841204238,4.75,65.0,led,1,22.4,1,0.0041167352789213,4.0,0.0,0.0,1.0,2.0,1.0,2.0,1.0,1.0,1.0,2.0,1.0,2.0,10.0
729,730,samsung,1,0,10.43385106267516,4.35,43.0,led,1,19.2,1,0.0055030891438658,4.0,0.0,0.0,1.0,4.0,1.0,2.0,1.0,1.0,1.0,1.0,0.0,2.0,10.0
730,731,samsung,0,0,9.62990560446313,4.15,32.0,led,0,16.0,1,0.0060018406521167,3.0,0.0,0.0,1.0,0.0,0.0,0.0,1.0,0.0,0.0,0.0,0.0,2.0,10.0
731,732,xiaomi,1,0,10.561706792794787,4.35,55.0,led,1,25.6,1,0.0052930668461657,4.0,0.0,0.0,1.0,3.0,1.0,2.0,1.0,1.0,1.0,1.0,1.0,2.0,8.0
732,733,samsung,0,0,10.021270588192513,4.4,32.0,led,1,16.0,1,0.0060624916662962,3.0,0.0,0.0,1.0,0.0,0.0,0.0,0.0,0.0,0.0,0.0,0.0,2.0,10.0
733,734,lg,0,1,10.446422122219738,4.05,43.0,led,1,19.2,1,0.0045889018012783,3.0,0.0,0.0,1.0,1.0,0.0,1.0,1.0,0.0,0.0,0.0,0.0,2.0,10.0
734,735,lg,1,0,11.736069016284436,4.25,75.0,led,1,16.0,1,0.0020060160481283,4.0,0.0,0.0,1.0,1.0,1.0,2.0,1.0,1.0,1.0,3.0,1.0,2.0,10.0
735,736,samsung,1,0,11.76756768334381,4.05,55.0,qled,1,28.8,1,0.0017895487561919,4.0,0.0,0.0,1.0,3.0,1.0,2.0,3.0,1.0,1.0,3.0,1.0,1.0,10.0
736,737,rgl,0,1,9.121509158269568,4.6,32.0,led,1,19.2,1,0.014955514695145557,4.0,0.0,0.0,1.0,1.0,0.0,1.0,1.0,0.0,1.0,0.0,0.0,2.0,2.0
737,738,xiaomi,0,0,9.472704636443671,4.35,32.0,led,1,16.0,1,0.0113777982921763,4.0,0.0,0.0,1.0,0.0,0.0,0.0,1.0,0.0,1.0,0.0,0.0,2.0,8.0
738,739,lg,1,0,11.407564949312402,4.6,65.0,led,1,19.2,1,0.002811142346026,4.0,0.0,0.0,1.0,2.0,1.0,2.0,1.0,1.0,1.0,2.0,1.0,2.0,10.0
739,740,lloyd,1,0,10.261161996807944,4.45,43.0,qled,1,19.2,1,0.0071575929228294,4.0,0.0,0.0,1.0,4.0,1.0,2.0,1.0,1.0,1.0,1.0,0.0,2.0,5.0
740,741,ifflacon,1,0,10.46310334047155,4.45,55.0,led,1,22.4,1,0.0063573244949855,3.0,0.0,0.0,1.0,3.0,1.0,2.0,1.0,1.0,0.0,1.0,1.0,2.0,7.538144329896907
741,742,lg,1,0,11.492630916700763,4.25,75.0,led,1,22.4,1,0.0028625369935707,3.0,0.0,1.0,0.0,1.0,1.0,2.0,1.0,2.0,0.0,3.0,1.0,2.0,10.0
742,743,tcl,1,0,11.28966940732742,4.75,75.0,qled,1,16.0,1,0.0039192399049881,3.0,1.0,0.0,0.0,1.0,1.0,2.0,1.0,1.0,0.0,3.0,1.0,2.0,8.0
743,744,sansui,0,1,10.085434039,4.2,43.0,led,1,19.2,1,0.0068278449353897,4.0,1.0,0.0,0.0,1.0,0.0,1.0,1.0,2.0,1.0,0.0,0.0,2.0,5.0
744,745,samsung,1,0,10.698536775122504,4.1,50.0,led,1,25.6,1,0.0051840144502144,3.0,0.0,1.0,0.0,4.0,1.0,2.0,2.0,1.0,0.0,2.0,1.0,2.0,10.0
745,746,samsung,1,0,12.345797413264954,4.1,65.0,micro,1,41.6,1,0.001542252479739705,4.0,0.0,1.0,0.0,2.0,1.0,2.0,3.0,2.0,1.0,4.0,1.0,0.0,10.0
746,747,samsung,1,0,11.25920672006374,4.55,65.0,led,1,28.8,1,0.0036944193839412,3.0,0.0,1.0,0.0,2.0,1.0,2.0,2.0,1.0,0.0,3.0,1.0,2.0,10.0
747,748,samsung,1,0,10.90579082939994,4.4,43.0,qled,1,19.2,1,0.0044411818682327,4.0,0.0,1.0,0.0,4.0,1.0,2.0,1.0,1.0,1.0,2.0,0.0,2.0,10.0
748,749,samsung,1,0,11.05089000537367,4.4,65.0,led,1,28.8,1,0.004190542707027,3.0,0.0,0.0,1.0,2.0,1.0,2.0,2.0,1.0,0.0,3.0,1.0,2.0,10.0
749,750,samsung,1,0,10.54510456855174,4.25,43.0,led,1,22.4,1,0.0058173203474598,3.0,0.0,1.0,0.0,4.0,1.0,2.0,2.0,1.0,0.0,2.0,0.0,2.0,10.0
750,751,tcl,1,0,11.127262984158245,4.6,65.0,qled,1,32.0,1,0.0047353637553493,3.0,0.0,0.0,1.0,2.0,1.0,2.0,2.0,2.0,0.0,4.0,1.0,1.0,8.0
751,752,tseries,0,1,9.908475094047168,4.75,43.0,led,1,19.2,1,0.0089805462958356,4.0,0.0,0.0,1.0,1.0,0.0,1.0,1.0,1.0,1.0,0.0,0.0,2.0,3.0
752,753,hisense,0,0,9.546812608597396,4.7,32.0,qled,1,16.0,1,0.0134295306807629,4.0,0.0,0.0,1.0,0.0,0.0,0.0,1.0,2.0,1.0,1.0,0.0,2.0,8.0
753,754,lg,1,0,11.19534760016878,4.45,65.0,led,1,19.2,1,0.0037903558181068,3.0,0.0,1.0,0.0,2.0,1.0,2.0,1.0,1.0,0.0,3.0,1.0,2.0,10.0
754,755,lg,1,0,11.127262984158245,4.15,65.0,led,1,25.6,1,0.0036007882468859,3.0,1.0,0.0,0.0,2.0,1.0,2.0,1.0,1.0,0.0,3.0,1.0,2.0,10.0
755,756,croma,0,0,9.509778075438817,4.0,32.0,led,1,16.0,1,0.0115641215715344,4.0,0.0,1.0,0.0,0.0,0.0,0.0,1.0,0.0,1.0,0.0,0.0,2.0,6.0
756,757,realme,0,1,9.994241915804592,4.55,43.0,led,1,19.2,1,0.0087264258641947,4.0,0.0,0.0,1.0,1.0,0.0,1.0,2.0,0.0,1.0,1.0,0.0,2.0,7.0
757,758,toshiba,1,0,10.239638308916676,4.25,43.0,led,1,25.6,1,0.0074401571989996,4.0,1.0,0.0,0.0,4.0,1.0,2.0,2.0,0.0,1.0,1.0,0.0,2.0,8.0
758,759,hisense,1,0,10.819598268208338,4.2,65.0,led,1,22.4,1,0.0047049409881976,4.0,1.0,0.0,0.0,2.0,1.0,2.0,2.0,1.0,1.0,2.0,1.0,2.0,8.0
759,760,samsung,1,0,11.48133159337905,4.65,65.0,qled,1,19.2,1,0.0032635283675133,4.0,1.0,0.0,0.0,2.0,1.0,2.0,1.0,1.0,1.0,4.0,1.0,2.0,10.0
760,761,toshiba,1,0,10.373209892223665,4.55,50.0,led,1,22.4,1,0.007253829321663,4.0,1.0,0.0,0.0,4.0,1.0,2.0,2.0,0.0,1.0,2.0,1.0,2.0,8.0
761,762,samsung,1,0,11.373559944009717,4.5,75.0,led,1,22.4,1,0.0034659156224853,3.0,1.0,0.0,0.0,1.0,1.0,2.0,1.0,1.0,0.0,4.0,1.0,2.0,10.0
762,763,samsung,1,0,12.10620258525479,4.5,55.0,oled,1,41.6,1,0.0020387866732968,4.0,0.0,1.0,0.0,3.0,1.0,2.0,3.0,2.0,1.0,4.0,1.0,0.0,10.0
763,764,samsung,1,0,11.537530268827478,4.25,75.0,led,1,22.4,1,0.0027783198360815,3.0,0.0,1.0,0.0,1.0,1.0,2.0,1.0,1.0,0.0,4.0,1.0,2.0,10.0
764,765,samsung,1,0,11.589886506106357,4.55,55.0,oled,1,38.4,1,0.0031597514791803,4.0,0.0,0.0,1.0,3.0,1.0,2.0,1.0,1.0,1.0,4.0,1.0,2.0,10.0
765,766,samsung,1,0,12.30134191540679,4.55,65.0,oled,1,41.6,1,0.0017373516978044,4.0,1.0,0.0,0.0,2.0,1.0,2.0,3.0,2.0,1.0,4.0,1.0,0.0,10.0
766,767,samsung,1,0,12.345797413264954,4.4,77.0,qled,1,44.8,1,0.001542252479739705,4.0,0.0,1.0,0.0,1.0,1.0,2.0,2.0,2.0,1.0,4.0,0.0,2.0,10.0
767,768,samsung,1,0,11.735997013692314,4.2,65.0,qled,1,19.2,1,0.0022177774221937,4.0,0.0,1.0,0.0,2.0,1.0,2.0,1.0,1.0,1.0,3.0,1.0,2.0,10.0
768,769,toshiba,0,1,10.126271039034782,4.35,43.0,qled,1,19.2,1,0.0078331332533013,4.0,1.0,0.0,0.0,1.0,0.0,1.0,1.0,2.0,1.0,1.0,0.0,2.0,8.0
769,770,hisense,1,0,10.491024186183038,4.15,55.0,led,1,22.4,1,0.0062267296471242,4.0,1.0,0.0,0.0,3.0,1.0,2.0,2.0,1.0,1.0,2.0,1.0,2.0,8.0
770,771,motorola,0,1,10.021270588192513,4.3,43.0,qled,1,19.2,1,0.0087915018445264,4.0,0.0,0.0,1.0,1.0,0.0,1.0,3.0,0.0,1.0,1.0,0.0,1.0,7.0
771,772,croma,1,0,10.645210588588755,4.65,55.0,qled,1,32.0,1,0.0063122171945701,4.0,0.0,1.0,0.0,3.0,1.0,2.0,1.0,1.0,1.0,3.0,1.0,2.0,6.0
772,773,coocaa,1,0,11.06663836234181,4.35,75.0,miniled,1,32.0,1,0.0046899170299535,4.0,1.0,0.0,0.0,1.0,1.0,2.0,3.0,1.0,1.0,4.0,1.0,1.0,5.0
773,774,akai,0,0,9.471242028892997,4.4,32.0,led,1,16.0,1,0.011864406779661,4.0,0.0,0.0,1.0,0.0,0.0,0.0,1.0,0.0,1.0,0.0,0.0,2.0,3.0
774,775,onida,1,0,10.404262840448617,4.55,55.0,qled,1,22.4,1,0.0063426164429225,4.0,1.0,0.0,0.0,3.0,1.0,2.0,1.0,1.0,1.0,1.0,1.0,2.0,6.0
775,776,samsung,1,0,12.345797413264954,4.0,77.0,qled,1,38.4,1,0.001542252479739705,3.0,0.0,1.0,0.0,1.0,1.0,2.0,1.0,2.0,0.0,4.0,0.0,2.0,10.0
776,777,bush,1,0,10.146433731146518,4.0,55.0,led,1,19.2,1,0.0067453625632377,4.0,0.0,0.0,1.0,3.0,1.0,2.0,1.0,1.0,1.0,1.0,1.0,2.0,3.0
777,778,bush,0,1,9.615805480084347,4.2,43.0,led,1,19.2,1,0.0100806720448029,4.0,0.0,0.0,1.0,1.0,0.0,1.0,1.0,1.0,1.0,0.0,0.0,2.0,3.0
778,779,haier,0,1,10.202888193567093,4.5,43.0,led,1,19.2,1,0.0065048183839881,4.0,0.0,0.0,1.0,1.0,0.0,1.0,1.0,1.0,1.0,0.0,0.0,2.0,7.0
779,780,realme,1,0,11.487607656985938,4.3,77.0,qled,1,32.0,1,0.0031754171837659,4.0,0.0,0.0,1.0,1.0,1.0,2.0,2.0,1.0,1.0,4.0,0.0,2.0,7.0
780,781,realme,1,0,10.703244468154333,4.45,65.0,qled,1,32.0,1,0.0059001325872491,4.0,0.0,0.0,1.0,2.0,1.0,2.0,3.0,1.0,1.0,3.0,1.0,1.0,7.0
781,782,onida,1,0,10.232791299678729,4.6,43.0,qled,1,25.6,1,0.0082736789093132,4.0,0.0,0.0,1.0,4.0,1.0,2.0,1.0,1.0,1.0,1.0,0.0,2.0,6.0
782,783,onida,1,0,10.184900011974314,4.75,43.0,led,1,22.4,1,0.0087833503151062,3.0,0.0,0.0,1.0,4.0,1.0,2.0,1.0,1.0,0.0,1.0,0.0,2.0,6.0
783,784,onida,1,0,10.388995368317827,4.35,50.0,qled,1,22.4,1,0.0069602141604357,4.0,0.0,0.0,1.0,4.0,1.0,2.0,1.0,1.0,1.0,2.0,1.0,2.0,6.0
784,785,realme,0,0,9.323669057283183,4.6,32.0,qled,1,16.0,1,0.014955514695145557,4.0,0.0,0.0,1.0,0.0,0.0,0.0,1.0,0.0,1.0,0.0,0.0,2.0,7.0
785,786,rgl,1,0,9.99820664859396,4.45,43.0,led,1,25.6,1,0.0078936596015646,4.0,0.0,0.0,1.0,4.0,1.0,2.0,2.0,0.0,1.0,0.0,0.0,2.0,2.0
786,787,rgl,0,1,9.851562479671207,4.55,43.0,led,0,19.2,1,0.0071891294043292,3.0,0.0,0.0,1.0,1.0,0.0,1.0,2.0,1.0,1.0,0.0,0.0,2.0,2.0
787,788,rgl,1,0,10.518862362921531,4.75,55.0,led,0,25.6,1,0.0053910176728098,3.0,0.0,0.0,1.0,3.0,1.0,2.0,2.0,0.0,1.0,1.0,1.0,2.0,2.0
788,789,wobble,0,1,9.852194258148575,4.5,43.0,led,1,19.2,1,0.0085267645665561,4.0,0.0,0.0,1.0,1.0,0.0,1.0,2.0,1.0,1.0,0.0,0.0,2.0,4.0
789,790,wobble,1,0,10.691944912900398,4.35,65.0,led,1,16.0,1,0.0054376235823541,4.0,0.0,0.0,1.0,2.0,1.0,2.0,3.0,1.0,1.0,2.0,1.0,1.0,4.0
790,791,wobble,1,0,10.4341158035983,4.4,50.0,qled,1,22.4,1,0.0064707785523103,4.0,0.0,0.0,1.0,4.0,1.0,2.0,3.0,1.0,1.0,1.0,1.0,0.0,4.0
791,792,wobble,1,0,10.545341438708522,4.5,55.0,qled,1,22.4,1,0.0060396326219111,4.0,0.0,0.0,1.0,3.0,1.0,2.0,3.0,1.0,1.0,2.0,1.0,0.0,4.0
792,793,wobble,1,0,10.16585181700362,4.25,43.0,qled,1,22.4,1,0.0078464556329089,4.0,1.0,0.0,0.0,4.0,1.0,2.0,3.0,1.0,1.0,1.0,0.0,0.0,4.0
793,794,blaupunkt,0,0,9.185022563991891,4.0,32.0,qled,1,16.0,1,0.0139501487332034,4.0,0.0,0.0,1.0,0.0,0.0,0.0,3.0,0.0,1.0,0.0,0.0,1.0,6.0
794,795,thomson,0,0,9.185022563991891,4.05,32.0,qled,0,16.0,1,0.0128782439224535,3.0,0.0,0.0,1.0,0.0,0.0,0.0,3.0,0.0,1.0,0.0,0.0,1.0,7.0
795,796,motorola,1,0,10.691944912900398,4.55,65.0,qled,1,32.0,1,0.0063080979113161,4.0,0.0,0.0,1.0,2.0,1.0,2.0,3.0,1.0,1.0,3.0,1.0,1.0,7.0
796,797,realme,1,0,10.373491181781864,4.35,55.0,led,1,32.0,1,0.0065252039126222,4.0,0.0,0.0,1.0,3.0,1.0,2.0,2.0,1.0,1.0,1.0,1.0,2.0,7.0
797,798,motorola,1,0,10.404262840448617,4.15,55.0,qled,1,32.0,1,0.0074199218158126,4.0,0.0,0.0,1.0,3.0,1.0,2.0,3.0,1.0,1.0,3.0,1.0,1.0,7.0
798,799,realme,1,0,10.657259354912508,4.5,65.0,led,1,32.0,1,0.0054001270618132,4.0,0.0,0.0,1.0,2.0,1.0,2.0,2.0,1.0,1.0,2.0,1.0,2.0,7.0
799,800,haier,1,0,11.010249872622438,4.3,65.0,led,1,32.0,1,0.0039097371466358,4.0,1.0,0.0,0.0,2.0,1.0,2.0,1.0,1.0,1.0,2.0,1.0,2.0,7.0
800,801,haier,1,0,10.63323181522976,4.3,55.0,led,1,32.0,1,0.0052856109906001,4.0,1.0,0.0,0.0,3.0,1.0,2.0,1.0,1.0,1.0,2.0,1.0,2.0,7.0
801,802,croma,1,0,10.239638308916676,4.55,50.0,led,1,16.0,1,0.0078027867095391,4.0,0.0,1.0,0.0,4.0,1.0,2.0,1.0,1.0,1.0,1.0,1.0,2.0,6.0
802,803,vw,1,0,10.308952660644293,4.75,55.0,qled,1,16.0,1,0.0082336077869262,4.0,0.0,0.0,1.0,3.0,1.0,2.0,3.0,1.0,1.0,2.0,1.0,1.0,7.538144329896907
803,804,motorola,0,1,10.021270588192513,4.05,43.0,qled,1,19.2,1,0.0072003200142228,4.0,0.0,0.0,1.0,1.0,0.0,1.0,3.0,0.0,1.0,1.0,0.0,1.0,7.0
804,805,croma,0,1,9.121509158269568,4.75,32.0,led,0,16.0,1,0.0117491166077738,3.0,0.0,1.0,0.0,0.0,0.0,0.0,1.0,0.0,1.0,0.0,0.0,2.0,6.0
805,806,croma,1,0,10.085434039,4.15,43.0,led,0,16.0,1,0.0074385160483534,3.0,0.0,1.0,0.0,4.0,1.0,2.0,1.0,1.0,1.0,1.0,0.0,2.0,6.0
806,807,realme,1,0,10.325481962595504,4.2,55.0,qled,1,25.6,1,0.0068854716548083,4.0,0.0,0.0,1.0,3.0,1.0,2.0,2.0,0.0,1.0,1.0,1.0,2.0,7.0
807,808,croma,1,0,10.518429918794682,4.15,55.0,qled,1,25.6,1,0.0056096242227629,4.0,0.0,1.0,0.0,3.0,1.0,2.0,1.0,1.0,1.0,1.0,1.0,2.0,6.0
808,809,hisense,1,0,10.645210588588755,4.4,55.0,led,1,16.0,1,0.0057632769707073,4.0,0.0,0.0,1.0,3.0,1.0,2.0,3.0,1.0,1.0,2.0,1.0,1.0,8.0
809,810,haier,1,0,11.571109463829137,4.55,65.0,miniled,1,44.8,1,0.0034342862534201,4.0,1.0,0.0,0.0,2.0,1.0,2.0,3.0,2.0,1.0,4.0,1.0,1.0,7.0
810,811,lg,1,0,11.273919264442483,4.6,55.0,miniled,1,38.4,1,0.0040894081788163,4.0,1.0,0.0,0.0,3.0,1.0,2.0,1.0,1.0,1.0,4.0,1.0,2.0,10.0
811,812,onida,1,0,10.106183468581232,4.45,43.0,led,1,22.4,1,0.007812436206263,4.0,0.0,0.0,1.0,4.0,1.0,2.0,1.0,1.0,1.0,1.0,0.0,2.0,6.0
812,813,vzy,1,0,10.239638308916676,4.45,43.0,qled,0,32.0,1,0.0077902822436584,3.0,0.0,0.0,1.0,4.0,1.0,2.0,3.0,1.0,1.0,1.0,0.0,1.0,2.0
813,814,sansui,1,0,10.531856183153891,4.0,55.0,led,1,16.0,1,0.0053347559349159,4.0,0.0,0.0,1.0,3.0,1.0,2.0,1.0,1.0,1.0,1.0,1.0,2.0,5.0
814,815,onida,1,0,10.778956289890028,4.75,55.0,miniled,1,19.2,1,0.0057397029104773,4.0,1.0,0.0,0.0,3.0,1.0,2.0,1.0,1.0,1.0,3.0,1.0,2.0,6.0
815,816,kodak,1,0,10.714417768752456,4.45,65.0,qled,1,22.4,1,0.0055379008422409,4.0,0.0,0.0,1.0,2.0,1.0,2.0,3.0,1.0,1.0,2.0,1.0,0.0,6.0
816,817,haier,1,0,11.010249872622438,4.15,65.0,led,1,22.4,1,0.0032244999173417,4.0,0.0,0.0,1.0,2.0,1.0,2.0,1.0,1.0,1.0,1.0,1.0,2.0,7.0
817,818,kodak,1,0,11.082142548877776,4.35,75.0,qled,1,25.6,1,0.0040154463914829,4.0,0.0,0.0,1.0,1.0,1.0,2.0,3.0,1.0,1.0,3.0,1.0,0.0,6.0
818,819,vu,1,0,11.451050061252142,4.5,75.0,qled,1,16.0,1,0.0036862094277598,4.0,0.0,0.0,1.0,1.0,1.0,2.0,1.0,2.0,1.0,4.0,1.0,2.0,7.0
819,820,sansui,0,1,10.203258756085228,4.5,43.0,led,1,19.2,1,0.0066691367173027,4.0,1.0,0.0,0.0,1.0,0.0,1.0,1.0,0.0,1.0,1.0,0.0,2.0,5.0
820,821,sansui,1,0,12.345797413264954,4.3,77.0,qled,1,32.0,1,0.001542252479739705,4.0,1.0,0.0,0.0,1.0,1.0,2.0,3.0,2.0,1.0,4.0,0.0,1.0,5.0
821,822,lg,0,0,9.6678285081515,4.05,32.0,led,1,16.0,1,0.0087151898734177,3.0,0.0,0.0,1.0,0.0,0.0,0.0,0.0,0.0,0.0,0.0,0.0,2.0,10.0
822,823,acer,1,0,10.23995978915734,4.75,50.0,qled,1,16.0,1,0.0093306903817993,4.0,1.0,0.0,0.0,4.0,1.0,2.0,3.0,1.0,1.0,2.0,1.0,1.0,7.0
823,824,elista,1,0,10.164350690877352,4.7,43.0,led,1,16.0,1,0.0077850539291217,4.0,0.0,0.0,1.0,4.0,1.0,2.0,1.0,1.0,1.0,1.0,0.0,2.0,3.0
824,825,croma,0,0,10.985140168879203,4.65,65.0,qled,1,32.0,1,0.0046507882691981,4.0,0.0,1.0,0.0,2.0,1.0,2.0,3.0,1.0,1.0,3.0,1.0,1.0,6.0
825,826,acer,1,0,10.691944912900398,4.3,65.0,led,1,16.0,1,0.0054728516557194,4.0,0.0,0.0,1.0,2.0,1.0,2.0,3.0,1.0,1.0,2.0,1.0,1.0,7.0
826,827,acer,1,0,10.341742483467284,4.4,55.0,led,1,16.0,1,0.0076647633794638,4.0,1.0,0.0,0.0,3.0,1.0,2.0,3.0,1.0,1.0,2.0,1.0,1.0,7.0
827,828,wobble,1,0,9.9281801651265,4.15,43.0,led,1,16.0,1,0.0099199960973706,4.0,1.0,0.0,0.0,4.0,1.0,2.0,2.0,1.0,1.0,1.0,0.0,2.0,4.0
828,829,toshiba,1,0,12.345797413264954,4.15,77.0,qled,1,16.0,1,0.001542252479739705,4.0,1.0,0.0,0.0,1.0,1.0,2.0,3.0,1.0,1.0,4.0,0.0,1.0,8.0
829,830,metz,0,0,9.546812608597396,4.1,32.0,qled,1,16.0,1,0.0102507321951567,4.0,0.0,0.0,1.0,0.0,0.0,0.0,1.0,2.0,1.0,0.0,0.0,2.0,2.0
830,831,tcl,1,0,12.345797413264954,4.4,77.0,miniled,1,44.8,1,0.001542252479739705,3.0,0.0,1.0,0.0,1.0,1.0,2.0,1.0,2.0,0.0,4.0,0.0,2.0,8.0
831,832,metz,0,1,10.491274217438248,4.25,43.0,qled,1,19.2,1,0.0050765299036084,4.0,0.0,0.0,1.0,1.0,0.0,1.0,1.0,0.0,1.0,1.0,0.0,2.0,2.0
832,833,toshiba,1,0,11.258033215341438,4.2,75.0,qled,1,28.8,1,0.0035768203460689,4.0,1.0,0.0,0.0,1.0,1.0,2.0,3.0,1.0,1.0,3.0,1.0,1.0,8.0
833,834,motorola,1,0,11.05089000537367,4.35,75.0,qled,1,32.0,1,0.0042119716185971,4.0,0.0,0.0,1.0,1.0,1.0,2.0,2.0,1.0,1.0,3.0,1.0,2.0,7.0
834,835,metz,1,0,10.126631103850338,4.25,43.0,qled,1,32.0,1,0.0093503740149605,4.0,0.0,0.0,1.0,4.0,1.0,2.0,2.0,1.0,1.0,2.0,0.0,2.0,2.0
835,836,metz,1,0,10.933106969717286,4.15,65.0,led,1,32.0,1,0.0039277487097983,4.0,0.0,0.0,1.0,2.0,1.0,2.0,2.0,1.0,1.0,2.0,1.0,2.0,2.0
836,837,metz,1,0,11.002099841204238,4.35,65.0,qled,1,32.0,1,0.0047125785429757,4.0,0.0,0.0,1.0,2.0,1.0,2.0,2.0,1.0,1.0,3.0,1.0,2.0,2.0
837,838,metz,1,0,10.491274217438248,4.3,55.0,led,1,32.0,1,0.0058529403594544,4.0,0.0,0.0,1.0,3.0,1.0,2.0,2.0,0.0,1.0,1.0,1.0,2.0,2.0
838,839,sansui,1,0,10.976628175230568,4.05,65.0,qled,1,32.0,1,0.0045007693622841,4.0,1.0,0.0,0.0,2.0,1.0,2.0,2.0,1.0,1.0,3.0,1.0,2.0,5.0
839,840,blaupunkt,1,0,10.126631103850338,4.05,50.0,qled,1,16.0,1,0.0072902916116644,4.0,0.0,0.0,1.0,4.0,1.0,2.0,3.0,1.0,1.0,1.0,1.0,1.0,6.0
840,841,blaupunkt,1,0,10.275051108968611,4.05,55.0,qled,1,16.0,1,0.006424359460671,4.0,0.0,0.0,1.0,3.0,1.0,2.0,3.0,1.0,1.0,1.0,1.0,1.0,6.0
841,842,tcl,1,0,11.082142548877776,4.65,65.0,qled,1,16.0,1,0.0046500715395621,4.0,0.0,0.0,1.0,2.0,1.0,2.0,1.0,1.0,1.0,3.0,1.0,2.0,8.0
842,843,tcl,1,0,11.512925464970229,4.3,75.0,qled,1,16.0,1,0.0028810288102881,4.0,0.0,0.0,1.0,1.0,1.0,2.0,1.0,1.0,1.0,4.0,1.0,2.0,8.0
843,844,thomson,1,0,10.23995978915734,4.75,55.0,qled,1,16.0,1,0.0078038501375049,4.0,0.0,0.0,1.0,3.0,1.0,2.0,3.0,1.0,1.0,1.0,1.0,1.0,7.0
844,845,nacson,0,1,9.903487552536127,4.45,43.0,led,1,19.2,1,0.0082329116455822,4.0,0.0,0.0,1.0,1.0,0.0,1.0,2.0,2.0,1.0,0.0,0.0,2.0,2.0
845,846,bpl,0,0,9.43276366396591,4.6,32.0,led,1,16.0,1,0.0114171337069655,4.0,0.0,0.0,1.0,0.0,0.0,0.0,1.0,1.0,1.0,0.0,0.0,2.0,3.0
846,847,panasonic,1,0,10.750149496485612,4.6,55.0,led,1,16.0,1,0.0052277210738485,4.0,0.0,0.0,1.0,3.0,1.0,2.0,1.0,1.0,1.0,2.0,1.0,2.0,8.0
847,848,skylive,0,0,9.121509158269568,4.1,32.0,led,1,16.0,1,0.014955514695145557,4.0,0.0,0.0,1.0,0.0,0.0,0.0,1.0,1.0,1.0,0.0,0.0,2.0,2.0
848,849,croma,1,0,10.30865261563529,4.55,50.0,led,1,32.0,1,0.0072824274758252,4.0,0.0,1.0,0.0,4.0,1.0,2.0,1.0,1.0,1.0,1.0,1.0,2.0,6.0
849,850,sansui,0,0,9.457200449907708,4.6,32.0,qled,1,16.0,1,0.0136573169778888,4.0,0.0,0.0,1.0,0.0,0.0,0.0,1.0,0.0,1.0,0.0,0.0,2.0,5.0
850,851,coocaa,0,1,10.043249494911286,4.65,50.0,led,1,19.2,1,0.0070763946258532,4.0,0.0,0.0,1.0,0.0,0.0,1.0,1.0,1.0,1.0,0.0,1.0,2.0,5.0
851,852,nacson,0,0,9.392661928770137,4.2,32.0,qled,1,16.0,1,0.0133011084257021,4.0,0.0,0.0,1.0,0.0,0.0,0.0,2.0,2.0,1.0,0.0,0.0,2.0,2.0
852,853,sansui,1,0,11.326487447164432,4.1,75.0,qled,1,32.0,1,0.003310037353898,4.0,1.0,0.0,0.0,1.0,1.0,2.0,2.0,1.0,1.0,4.0,1.0,2.0,5.0
853,854,sansui,0,1,10.020870508171171,4.35,43.0,led,1,19.2,1,0.0079301911960871,4.0,0.0,0.0,1.0,1.0,0.0,1.0,1.0,0.0,1.0,1.0,0.0,2.0,5.0
854,855,sansui,0,1,9.998388557730848,4.25,43.0,led,1,19.2,1,0.0069577080491132,4.0,1.0,0.0,0.0,1.0,0.0,1.0,1.0,1.0,1.0,0.0,0.0,2.0,5.0
855,856,sansui,0,1,10.274740715974104,4.55,43.0,led,1,32.0,1,0.0069058295964125,4.0,1.0,0.0,0.0,1.0,0.0,1.0,2.0,1.0,1.0,1.0,0.0,2.0,5.0
856,857,tcl,1,0,11.77528972943772,4.75,75.0,qled,1,44.8,1,0.0028500219232455,4.0,0.0,0.0,1.0,1.0,1.0,2.0,1.0,2.0,1.0,4.0,1.0,2.0,8.0
857,858,nacson,0,0,9.43276366396591,4.45,32.0,led,1,16.0,1,0.0110448358686949,4.0,0.0,0.0,1.0,0.0,0.0,0.0,1.0,1.0,1.0,0.0,0.0,2.0,2.0
858,859,panasonic,1,0,10.261161996807944,4.5,43.0,led,1,16.0,1,0.0073953634742473,4.0,0.0,0.0,1.0,4.0,1.0,2.0,1.0,1.0,1.0,1.0,0.0,2.0,8.0
859,860,blaupunkt,0,0,9.121509158269568,4.35,32.0,qled,1,16.0,1,0.014955514695145557,4.0,0.0,0.0,1.0,0.0,0.0,0.0,3.0,0.0,1.0,0.0,0.0,1.0,6.0
860,861,lg,1,0,12.345797413264954,4.0,77.0,miniled,1,44.8,1,0.001542252479739705,4.0,0.0,1.0,0.0,1.0,1.0,2.0,3.0,2.0,1.0,4.0,0.0,1.0,10.0
861,862,sansui,0,0,9.424725681616492,4.6,32.0,led,1,16.0,1,0.0115092816787732,4.0,1.0,0.0,0.0,0.0,0.0,0.0,1.0,1.0,1.0,0.0,0.0,2.0,5.0
862,863,hisense,1,0,10.54510456855174,4.45,58.0,led,1,25.6,1,0.0058568044222163,4.0,0.0,0.0,1.0,2.0,1.0,2.0,1.0,1.0,1.0,1.0,1.0,2.0,8.0
863,864,sansui,0,0,9.456497077599392,4.45,32.0,qled,1,16.0,1,0.0114816262705238,4.0,1.0,0.0,0.0,0.0,0.0,0.0,1.0,1.0,1.0,0.0,0.0,2.0,5.0
864,865,uniboom,0,0,9.121509158269568,4.05,32.0,led,0,16.0,1,0.0109178433889602,3.0,1.0,0.0,0.0,0.0,0.0,0.0,2.0,0.0,1.0,0.0,0.0,2.0,4.0
865,866,innoq,0,0,9.121509158269568,4.0,32.0,led,1,16.0,1,0.014955514695145557,4.0,0.0,0.0,1.0,0.0,0.0,0.0,2.0,0.0,1.0,0.0,0.0,2.0,3.0
866,867,hisense,0,1,9.788020582727414,4.3,40.0,led,1,19.2,1,0.0077225277808957,3.0,0.0,0.0,1.0,1.0,0.0,1.0,1.0,0.0,0.0,0.0,0.0,2.0,8.0
867,868,blaupunkt,1,0,10.985292722887856,4.5,65.0,led,1,16.0,1,0.004881438668452,4.0,0.0,0.0,1.0,2.0,1.0,2.0,0.0,1.0,1.0,3.0,1.0,2.0,6.0
868,869,realme,1,0,10.691944912900398,4.15,65.0,qled,1,22.4,1,0.004810336598559,4.0,0.0,0.0,1.0,2.0,1.0,2.0,3.0,0.0,1.0,2.0,1.0,1.0,7.0
869,870,uniboom,0,1,9.546169544733283,4.5,43.0,led,0,19.2,0,0.0102930664760543,3.0,1.0,0.0,0.0,1.0,0.0,1.0,2.0,1.0,0.0,0.0,0.0,2.0,4.0
870,871,realme,1,0,10.23995978915734,4.25,50.0,qled,1,22.4,1,0.0072859744990892,4.0,0.0,0.0,1.0,4.0,1.0,2.0,3.0,0.0,1.0,1.0,1.0,1.0,7.0
871,872,innoq,0,0,9.981836518947103,4.15,32.0,led,0,16.0,1,0.004796800591798,3.0,0.0,0.0,1.0,0.0,0.0,0.0,2.0,0.0,1.0,0.0,0.0,2.0,3.0
872,873,croma,0,1,9.951849053414008,4.2,43.0,led,1,19.2,1,0.0086040971891376,4.0,0.0,1.0,0.0,1.0,0.0,1.0,1.0,0.0,1.0,1.0,0.0,2.0,6.0
873,874,panasonic,0,0,9.825039406206988,4.4,32.0,led,1,16.0,1,0.0083288263926446,4.0,0.0,1.0,0.0,0.0,0.0,0.0,1.0,2.0,1.0,0.0,0.0,2.0,8.0
874,875,croma,0,0,9.20943996673302,4.3,32.0,led,1,16.0,1,0.0133433433433433,4.0,0.0,1.0,0.0,0.0,0.0,0.0,1.0,0.0,1.0,0.0,0.0,2.0,6.0
875,876,realme,1,0,10.341742483467284,4.25,55.0,led,1,25.6,1,0.006169553856576,4.0,0.0,0.0,1.0,3.0,1.0,2.0,2.0,1.0,1.0,1.0,1.0,2.0,7.0
876,877,croma,1,0,10.91492481446108,4.2,65.0,qled,1,32.0,1,0.0043535188216039,4.0,0.0,1.0,0.0,2.0,1.0,2.0,1.0,1.0,1.0,3.0,1.0,2.0,6.0
877,878,realme,1,0,10.275051108968611,4.3,50.0,led,1,25.6,1,0.0065243629090658,4.0,0.0,0.0,1.0,4.0,1.0,2.0,2.0,1.0,1.0,1.0,1.0,2.0,7.0
878,879,vu,1,0,10.4341158035983,4.3,55.0,qled,1,16.0,1,0.0078414071002088,4.0,1.0,0.0,0.0,3.0,1.0,2.0,1.0,1.0,1.0,3.0,1.0,2.0,7.0
879,880,toshiba,1,0,10.596409707779776,4.6,55.0,qled,1,16.0,1,0.0064416104026006,4.0,1.0,0.0,0.0,3.0,1.0,2.0,1.0,1.0,1.0,2.0,1.0,2.0,8.0
880,881,lg,1,0,11.870599909242044,4.2,75.0,qned,1,19.2,1,0.001820991755187,3.0,0.0,0.0,1.0,1.0,1.0,2.0,1.0,1.0,0.0,3.0,1.0,2.0,10.0
881,882,kodak,0,0,9.121509158269568,4.25,32.0,led,0,16.0,1,0.014955514695145557,3.0,0.0,0.0,1.0,0.0,0.0,0.0,2.0,0.0,1.0,0.0,0.0,2.0,6.0
882,883,coocaa,1,0,10.491274217438248,4.3,65.0,led,1,32.0,1,0.0065696269340815,4.0,0.0,0.0,1.0,2.0,1.0,2.0,2.0,1.0,1.0,2.0,1.0,2.0,5.0
883,884,tcl,1,0,11.918390573078392,4.1,75.0,miniled,1,44.8,1,0.0021593477289848,3.0,0.0,0.0,1.0,1.0,1.0,2.0,1.0,2.0,0.0,4.0,1.0,2.0,8.0
884,885,philips,1,0,10.545341438708522,4.5,55.0,qled,1,32.0,1,0.0073422984815389,4.0,1.0,0.0,0.0,3.0,1.0,2.0,2.0,1.0,1.0,3.0,1.0,2.0,8.0
885,886,iffalcon,1,0,10.596634733096073,4.25,55.0,qled,1,32.0,1,0.0063751593789844,3.0,0.0,0.0,1.0,3.0,1.0,2.0,1.0,2.0,0.0,3.0,1.0,2.0,7.0
886,887,nu,1,0,10.221941283654663,4.1,43.0,qled,1,16.0,1,0.0071566238772318,4.0,1.0,0.0,0.0,4.0,1.0,2.0,1.0,1.0,1.0,1.0,0.0,2.0,2.0
887,888,nu,0,0,9.392661928770137,4.2,32.0,qled,1,16.0,1,0.0133011084257021,4.0,1.0,0.0,0.0,0.0,0.0,0.0,1.0,2.0,1.0,0.0,0.0,2.0,2.0
888,889,philips,0,1,10.043249494911286,4.65,43.0,led,1,19.2,1,0.0084916735510239,4.0,1.0,0.0,0.0,1.0,0.0,1.0,1.0,2.0,1.0,1.0,0.0,2.0,8.0
889,890,coocaa,1,0,10.404262840448617,4.3,55.0,qled,1,32.0,1,0.007557804781963,4.0,1.0,0.0,0.0,3.0,1.0,2.0,3.0,1.0,1.0,3.0,1.0,1.0,5.0
890,891,coocaa,0,0,9.121509158269568,4.2,32.0,led,1,16.0,1,0.0146528666123967,3.0,0.0,0.0,1.0,0.0,0.0,0.0,2.0,0.0,0.0,0.0,0.0,2.0,5.0
891,892,lg,1,0,12.100662128622306,4.2,77.0,led,1,19.2,1,0.0015867548197122,4.0,1.0,0.0,0.0,1.0,1.0,2.0,1.0,1.0,1.0,4.0,0.0,2.0,10.0
892,893,sony,1,0,12.345797413264954,4.35,75.0,miniled,1,44.8,1,0.001542252479739705,4.0,1.0,0.0,0.0,1.0,1.0,2.0,1.0,2.0,1.0,4.0,1.0,2.0,10.0
893,894,lg,1,0,11.461537429252754,4.7,65.0,qned,1,19.2,1,0.00277081798084,3.0,0.0,0.0,1.0,2.0,1.0,2.0,1.0,1.0,0.0,2.0,1.0,2.0,10.0
894,895,thomson,1,0,9.95227771670556,4.35,43.0,qled,1,16.0,1,0.0101504833563503,4.0,0.0,0.0,1.0,4.0,1.0,2.0,3.0,1.0,1.0,1.0,0.0,1.0,7.0
895,896,tcl,1,0,11.77528972943772,4.45,77.0,qled,1,32.0,1,0.0026357895060731,3.0,0.0,0.0,1.0,1.0,1.0,2.0,1.0,2.0,0.0,4.0,0.0,2.0,8.0
896,897,haier,1,0,10.23995978915734,4.15,43.0,led,1,16.0,1,0.0068181006464516,4.0,0.0,0.0,1.0,4.0,1.0,2.0,0.0,1.0,1.0,1.0,0.0,2.0,7.0
897,898,acerpure,0,0,10.915088464214609,4.5,65.0,qled,1,22.4,1,0.0052364588447062,4.0,1.0,0.0,0.0,2.0,1.0,2.0,3.0,1.0,1.0,3.0,1.0,1.0,5.0
898,899,lg,1,0,11.957611286231677,4.4,65.0,oled,1,44.8,1,0.0022282194116628,4.0,0.0,0.0,1.0,2.0,1.0,2.0,1.0,2.0,1.0,4.0,1.0,2.0,10.0
899,900,tcl,1,0,12.345795456704934,4.65,77.0,qled,1,44.8,1,0.0016174616287664,3.0,1.0,0.0,0.0,1.0,1.0,2.0,1.0,2.0,0.0,4.0,0.0,2.0,8.0
900,901,blaupunkt,0,0,9.305650551780507,4.05,32.0,qled,1,16.0,1,0.013623965815074,4.0,0.0,0.0,1.0,0.0,0.0,0.0,3.0,0.0,1.0,0.0,0.0,1.0,6.0
901,902,blaupunkt,1,0,10.645424897265505,4.3,65.0,qled,1,16.0,1,0.0058358532346008,4.0,0.0,0.0,1.0,2.0,1.0,2.0,3.0,1.0,1.0,3.0,1.0,0.0,6.0
902,903,lg,1,0,10.714217748749787,4.15,43.0,qned,1,22.4,1,0.0042431651478106,4.0,0.0,0.0,1.0,4.0,1.0,2.0,1.0,1.0,1.0,1.0,0.0,2.0,10.0
903,904,beston,0,0,9.121509158269568,4.2,32.0,led,1,16.0,1,0.0149349927769752,4.0,0.0,0.0,1.0,0.0,0.0,0.0,1.0,0.0,1.0,0.0,0.0,2.0,4.0
904,905,beston,1,0,10.188666494769793,4.45,55.0,qled,1,28.8,1,0.0080303770818451,4.0,0.0,0.0,1.0,3.0,1.0,2.0,2.0,1.0,1.0,1.0,1.0,2.0,4.0
905,906,beston,0,0,9.126958763037132,4.0,32.0,qled,1,16.0,1,0.014955514695145557,4.0,0.0,0.0,1.0,0.0,0.0,0.0,2.0,2.0,1.0,0.0,0.0,2.0,4.0
906,907,beston,0,1,9.560997243589352,4.4,43.0,led,1,19.2,1,0.010845834213677,4.0,0.0,0.0,1.0,1.0,0.0,1.0,1.0,1.0,1.0,0.0,0.0,2.0,4.0
907,908,hisense,1,0,12.345797413264954,4.1,65.0,qled,1,44.8,1,0.001542252479739705,4.0,1.0,0.0,0.0,2.0,1.0,2.0,3.0,2.0,1.0,4.0,1.0,1.0,8.0
908,909,beston,0,1,9.480367509189245,4.05,40.0,led,1,19.2,1,0.0114398045652339,4.0,0.0,0.0,1.0,1.0,0.0,1.0,1.0,1.0,1.0,0.0,0.0,2.0,4.0
909,910,beston,1,0,10.849337086651827,4.05,75.0,qled,1,22.4,1,0.004482611312841,4.0,0.0,0.0,1.0,1.0,1.0,2.0,2.0,1.0,1.0,3.0,1.0,1.0,4.0
910,911,tcl,1,0,11.350406535472452,4.2,75.0,qled,1,32.0,1,0.003458864221932,3.0,0.0,0.0,1.0,1.0,1.0,2.0,1.0,2.0,0.0,4.0,1.0,2.0,8.0
911,912,philips,0,1,10.043249494911286,4.5,43.0,led,1,19.2,1,0.0074351058741684,4.0,0.0,0.0,1.0,1.0,0.0,1.0,1.0,1.0,1.0,0.0,0.0,2.0,8.0
912,913,philips,0,0,9.546812608597396,4.0,32.0,led,1,16.0,1,0.0088577755553968,4.0,0.0,0.0,1.0,0.0,0.0,0.0,1.0,1.0,1.0,0.0,0.0,2.0,8.0
913,914,tcl,1,0,11.225123385317872,4.55,75.0,qled,1,16.0,1,0.0038831844245899,4.0,0.0,0.0,1.0,1.0,1.0,2.0,1.0,1.0,1.0,3.0,1.0,2.0,8.0
914,915,croma,1,0,10.239638308916676,4.25,43.0,qled,1,32.0,1,0.0085030367988567,4.0,0.0,1.0,0.0,4.0,1.0,2.0,3.0,1.0,1.0,2.0,0.0,1.0,6.0
915,916,lg,1,0,12.300887248010884,4.05,65.0,oled,1,32.0,1,0.001542252479739705,4.0,0.0,1.0,0.0,2.0,1.0,2.0,3.0,2.0,1.0,4.0,1.0,1.0,10.0
916,917,samsung,1,0,11.07443600653965,4.15,65.0,led,1,19.2,1,0.0036031007751937,3.0,0.0,0.0,1.0,2.0,1.0,2.0,1.0,1.0,0.0,2.0,1.0,2.0,10.0
917,918,lg,1,0,11.09133097493218,4.55,55.0,miniled,1,19.2,1,0.0047165353130383,4.0,0.0,0.0,1.0,3.0,1.0,2.0,1.0,1.0,1.0,4.0,1.0,2.0,10.0
918,919,hisense,0,0,9.472704636443671,4.15,32.0,qled,1,16.0,1,0.012450957765982,4.0,0.0,0.0,1.0,0.0,0.0,0.0,2.0,2.0,1.0,0.0,0.0,2.0,8.0
919,920,haier,1,0,12.099600401019655,4.0,75.0,miniled,1,32.0,1,0.0017575181174533,4.0,0.0,0.0,1.0,1.0,1.0,2.0,3.0,2.0,1.0,4.0,1.0,1.0,7.0
920,921,haier,1,0,11.869900363917958,4.3,65.0,miniled,1,32.0,1,0.0023471122960972,4.0,0.0,0.0,1.0,2.0,1.0,2.0,3.0,2.0,1.0,4.0,1.0,1.0,7.0
921,922,tcl,1,0,11.225123385317872,4.25,75.0,qled,1,32.0,1,0.004080544072543,3.0,1.0,0.0,0.0,1.0,1.0,2.0,1.0,2.0,0.0,4.0,1.0,2.0,8.0
922,923,tcl,1,0,11.28966940732742,4.75,75.0,qled,1,32.0,1,0.0042161520190023,3.0,1.0,0.0,0.0,1.0,1.0,2.0,1.0,2.0,0.0,4.0,1.0,2.0,8.0
923,924,tcl,1,0,11.050588372585487,4.7,65.0,qled,1,19.2,1,0.0049253731343283,3.4,0.0,0.0,1.0,2.0,1.0,2.0,1.0,2.0,0.0,3.0,1.0,2.0,8.0
924,925,tcl,1,0,11.461632170582678,4.75,75.0,miniled,1,16.0,1,0.0037000389477783,3.0,0.0,0.0,1.0,1.0,1.0,2.0,1.0,1.0,0.0,4.0,1.0,2.0,8.0
925,926,tcl,1,0,10.462846164547514,4.35,55.0,led,1,16.0,1,0.0062160617319234,3.0,1.0,0.0,0.0,3.0,1.0,2.0,1.0,1.0,0.0,1.0,1.0,2.0,8.0
926,927,thomson,0,0,9.121509158269568,4.4,32.0,led,0,16.0,1,0.0121594946703513,3.0,0.0,0.0,1.0,0.0,0.0,0.0,1.0,0.0,1.0,0.0,0.0,2.0,7.0
927,928,thomson,0,0,9.121509158269568,4.6,32.0,led,0,16.0,1,0.014955514695145557,3.0,0.0,0.0,1.0,0.0,0.0,0.0,1.0,0.0,1.0,0.0,0.0,2.0,7.0
928,929,haier,1,0,10.757711372994065,4.6,55.0,qled,1,32.0,1,0.0054820174505213,4.0,1.0,0.0,0.0,3.0,1.0,2.0,2.0,1.0,1.0,2.0,1.0,2.0,7.0
929,930,infinix,0,0,9.121509158269568,4.6,32.0,qled,1,16.0,1,0.014955514695145557,4.0,0.0,0.0,1.0,0.0,0.0,0.0,0.0,0.0,1.0,0.0,0.0,2.0,6.0
930,931,haier,1,0,12.0435537160324,4.65,65.0,oled,1,32.0,1,0.0022156012682427,4.0,0.0,0.0,1.0,2.0,1.0,2.0,3.0,2.0,1.0,4.0,1.0,1.0,7.0
931,932,onida,1,0,10.757711372994065,4.45,55.0,led,0,16.0,1,0.0044509470100021,3.0,0.0,0.0,1.0,3.0,1.0,2.0,1.0,1.0,0.0,1.0,1.0,2.0,6.0
932,933,samsung,1,0,11.001949829953112,4.55,65.0,led,1,22.4,1,0.0043990665110851,3.0,0.0,0.0,1.0,2.0,1.0,2.0,1.0,1.0,0.0,3.0,1.0,2.0,10.0
933,934,samsung,1,0,11.994678548250262,4.1,65.0,miniled,1,38.4,1,0.0019500895669899,4.0,0.0,0.0,1.0,2.0,1.0,2.0,3.0,2.0,1.0,4.0,1.0,1.0,10.0
934,935,xiaomi,1,0,10.404262840448617,4.45,55.0,led,1,32.0,1,0.0068774811357919,4.0,1.0,0.0,0.0,3.0,1.0,2.0,2.0,1.0,1.0,2.0,1.0,2.0,8.0
935,936,samsung,1,0,11.931635799828411,4.6,65.0,oled,1,44.8,1,0.0024513319166573,4.0,1.0,0.0,0.0,2.0,1.0,2.0,3.0,2.0,1.0,4.0,1.0,1.0,10.0
936,937,xiaomi,1,0,10.184900011974314,4.15,43.0,led,1,19.2,1,0.0081437035359824,4.0,1.0,0.0,0.0,4.0,1.0,2.0,2.0,1.0,1.0,2.0,0.0,2.0,8.0
937,938,xiaomi,0,1,9.998797732340453,4.65,43.0,led,1,19.2,1,0.0078208100368198,4.0,1.0,0.0,0.0,1.0,0.0,1.0,1.0,0.0,1.0,0.0,0.0,2.0,8.0
938,939,samsung,1,0,12.345797413264954,4.65,75.0,miniled,1,32.0,1,0.001542252479739705,4.0,0.0,1.0,0.0,1.0,1.0,2.0,3.0,2.0,1.0,4.0,1.0,1.0,10.0
939,940,samsung,1,0,12.345797413264954,4.75,77.0,miniled,1,32.0,1,0.001542252479739705,4.0,0.0,0.0,1.0,1.0,1.0,2.0,3.0,2.0,1.0,4.0,0.0,1.0,10.0
940,941,samsung,1,0,11.0186455364637,4.7,50.0,qled,1,22.4,1,0.0043147540983606,4.0,0.0,0.0,1.0,4.0,1.0,2.0,1.0,1.0,1.0,2.0,1.0,2.0,10.0
941,942,tcl,1,0,11.112313560992032,4.0,75.0,led,1,16.0,1,0.0034034930586654,4.0,1.0,0.0,0.0,1.0,1.0,2.0,2.0,1.0,1.0,3.0,1.0,2.0,8.0
942,943,samsung,1,0,11.794269997573137,4.75,75.0,qled,1,22.4,1,0.0024020680806098,3.0,0.0,0.0,1.0,1.0,1.0,2.0,1.0,1.0,0.0,4.0,1.0,2.0,10.0
943,944,samsung,1,0,12.345797413264954,4.7,75.0,qled,1,32.0,1,0.001542252479739705,4.0,0.0,1.0,0.0,1.0,1.0,2.0,3.0,1.0,1.0,4.0,1.0,1.0,10.0
944,945,samsung,1,0,12.345797413264954,4.05,77.0,qled,1,32.0,1,0.001542252479739705,4.0,0.0,1.0,0.0,1.0,1.0,2.0,1.0,2.0,1.0,4.0,0.0,2.0,10.0
945,946,tcl,1,0,10.819598268208338,4.0,65.0,led,1,16.0,1,0.0043208641728345,3.0,1.0,0.0,0.0,2.0,1.0,2.0,0.0,1.0,0.0,2.0,1.0,2.0,8.0
946,947,samsung,1,0,10.645210588588755,4.1,55.0,led,1,22.4,1,0.0052726839723743,3.0,1.0,0.0,0.0,3.0,1.0,2.0,1.0,1.0,0.0,2.0,1.0,2.0,10.0
947,948,toshiba,0,0,9.472012088995733,4.5,32.0,qled,1,16.0,1,0.0128175519630484,4.0,1.0,0.0,0.0,0.0,0.0,0.0,2.0,2.0,1.0,0.0,0.0,2.0,8.0
948,949,samsung,0,0,9.628458426207663,4.75,32.0,led,1,16.0,1,0.011570111915734,3.0,0.0,0.0,1.0,0.0,0.0,0.0,1.0,0.0,0.0,0.0,0.0,2.0,10.0
949,950,realme,1,0,10.03889218954233,4.75,43.0,led,1,32.0,1,0.0097493340320538,4.0,0.0,0.0,1.0,4.0,1.0,2.0,3.0,1.0,1.0,1.0,0.0,1.0,7.0
950,951,thomson,1,0,10.645424897265505,4.0,65.0,qled,1,16.0,1,0.005238219957618,4.0,0.0,0.0,1.0,2.0,1.0,2.0,3.0,1.0,1.0,2.0,1.0,1.0,7.0
951,952,thomson,1,0,10.23995978915734,4.65,50.0,qled,1,16.0,1,0.0086360227150969,4.0,0.0,0.0,1.0,4.0,1.0,2.0,3.0,1.0,1.0,2.0,1.0,1.0,7.0
952,953,samsung,1,0,12.025695197731086,4.05,65.0,miniled,1,32.0,1,0.0018189711958799,4.0,1.0,0.0,0.0,2.0,1.0,2.0,3.0,1.0,1.0,4.0,1.0,1.0,10.0
953,954,thomson,1,0,10.341742483467284,4.4,55.0,qled,1,16.0,1,0.0076647633794638,4.0,0.0,0.0,1.0,3.0,1.0,2.0,3.0,1.0,1.0,2.0,1.0,1.0,7.0
954,955,tcl,1,0,10.898423092400252,4.55,65.0,qled,1,16.0,1,0.0050471436494731,4.0,0.0,0.0,1.0,2.0,1.0,2.0,1.0,1.0,1.0,3.0,1.0,2.0,8.0
955,956,samsung,1,0,10.64518677367824,4.3,50.0,led,1,19.2,1,0.0054276119936173,3.0,0.0,0.0,1.0,4.0,1.0,2.0,1.0,1.0,0.0,2.0,1.0,2.0,10.0
956,957,samsung,1,0,10.66874607044333,4.55,50.0,led,1,22.4,1,0.005715282623866,3.0,0.0,0.0,1.0,4.0,1.0,2.0,1.0,1.0,0.0,2.0,1.0,2.0,10.0
957,958,samsung,1,0,10.999696956587927,4.35,43.0,qled,1,19.2,1,0.0042151867011945,4.0,0.0,0.0,1.0,4.0,1.0,2.0,1.0,1.0,1.0,3.0,0.0,2.0,10.0
958,959,samsung,1,0,11.334886723814416,4.75,65.0,qled,1,22.4,1,0.0034621818616322,3.0,0.0,1.0,0.0,2.0,1.0,2.0,1.0,1.0,0.0,3.0,1.0,2.0,10.0
959,960,samsung,1,0,11.777080432863205,4.25,65.0,qled,1,28.8,1,0.0022517507217888,4.0,0.0,0.0,1.0,2.0,1.0,2.0,1.0,1.0,1.0,4.0,1.0,2.0,10.0
960,961,samsung,1,0,10.713439512638155,4.4,50.0,qled,1,19.2,1,0.0053831609387164,3.0,0.0,0.0,1.0,4.0,1.0,2.0,1.0,1.0,0.0,2.0,1.0,2.0,10.0
961,962,lumio,1,0,10.404262840448617,4.4,50.0,qled,1,16.0,1,0.0077335676838692,4.0,1.0,0.0,0.0,4.0,1.0,2.0,2.0,2.0,1.0,3.0,1.0,2.0,7.538144329896907
962,963,haier,0,0,9.769441741907062,4.3,32.0,led,1,16.0,1,0.0090966266437964,4.0,0.0,1.0,0.0,0.0,0.0,0.0,1.0,0.0,1.0,0.0,0.0,2.0,7.0
963,964,uniboom,0,0,9.121509158269568,4.45,32.0,led,0,16.0,1,0.014955514695145557,3.0,0.0,0.0,1.0,0.0,0.0,0.0,2.0,0.0,1.0,0.0,0.0,2.0,4.0
964,965,uniboom,0,0,9.121509158269568,4.0,32.0,led,1,16.0,1,0.014955514695145557,4.0,0.0,0.0,1.0,0.0,0.0,0.0,2.0,0.0,1.0,0.0,0.0,2.0,4.0
965,966,vu,1,0,11.373559944009717,4.45,75.0,qled,1,16.0,1,0.0038878031957696,4.0,1.0,0.0,0.0,1.0,1.0,2.0,1.0,2.0,1.0,4.0,1.0,2.0,7.0
966,967,foxsky,0,0,9.121509158269568,4.6,32.0,led,1,16.0,1,0.014955514695145557,4.0,0.0,0.0,1.0,0.0,0.0,0.0,2.0,0.0,1.0,0.0,0.0,2.0,4.0
967,968,reliance,0,1,9.769441741907062,4.55,43.0,led,1,19.2,1,0.0091052029731275,4.0,0.0,0.0,1.0,1.0,0.0,1.0,1.0,0.0,1.0,0.0,0.0,2.0,5.0
968,969,toshiba,1,0,12.345797413264954,4.5,77.0,qled,1,16.0,1,0.001542252479739705,4.0,0.0,0.0,1.0,1.0,1.0,2.0,3.0,1.0,1.0,4.0,0.0,1.0,8.0
969,970,lg,1,0,11.512835460919986,4.0,55.0,oled,1,28.8,1,0.0029602960296029,4.0,0.0,0.0,1.0,3.0,1.0,2.0,1.0,1.0,1.0,4.0,1.0,2.0,10.0
970,971,hyundai,1,0,10.322296566735872,4.0,50.0,led,1,16.0,1,0.0057890928228406,4.0,0.0,0.0,1.0,4.0,1.0,2.0,1.0,1.0,1.0,1.0,1.0,2.0,3.0
971,972,toshiba,1,0,11.695247021764184,4.2,77.0,led,1,16.0,1,0.0024500204168368,4.0,0.0,0.0,1.0,1.0,1.0,2.0,3.0,1.0,1.0,4.0,0.0,1.0,8.0
972,973,onida,1,0,10.203703249925194,4.35,43.0,qled,1,16.0,1,0.0085382564254499,4.0,0.0,0.0,1.0,4.0,1.0,2.0,1.0,1.0,1.0,2.0,0.0,2.0,6.0
973,974,blackdecker,1,0,10.46310334047155,4.2,55.0,led,1,16.0,1,0.0066001885768164,4.0,1.0,0.0,0.0,3.0,1.0,2.0,2.0,1.0,1.0,2.0,1.0,2.0,3.0
974,975,blackdecker,1,0,10.126631103850338,4.25,43.0,led,1,16.0,1,0.0088403536141445,4.0,1.0,0.0,0.0,4.0,1.0,2.0,2.0,1.0,1.0,2.0,0.0,2.0,3.0
975,976,reliance,0,1,9.903037451255743,4.1,43.0,led,1,19.2,1,0.0086143071535767,4.0,0.0,0.0,1.0,1.0,0.0,1.0,1.0,2.0,1.0,1.0,0.0,2.0,5.0
976,977,reliance,0,0,9.526318313582811,4.1,32.0,qled,1,16.0,1,0.0107619394823186,4.0,0.0,0.0,1.0,0.0,0.0,0.0,1.0,2.0,1.0,0.0,0.0,2.0,5.0
977,978,reliance,0,0,9.50383054471094,4.45,32.0,led,1,16.0,1,0.0119463087248322,4.0,0.0,0.0,1.0,0.0,0.0,0.0,1.0,2.0,1.0,0.0,0.0,2.0,5.0
978,979,innoq,0,1,9.546169544733283,4.05,43.0,led,1,19.2,1,0.0098427448177269,4.0,0.0,0.0,1.0,1.0,0.0,1.0,2.0,1.0,1.0,0.0,0.0,2.0,3.0
979,980,innoq,0,0,9.121509158269568,4.55,32.0,led,0,16.0,1,0.014955514695145557,3.0,0.0,0.0,1.0,0.0,0.0,0.0,2.0,0.0,1.0,0.0,0.0,2.0,3.0
980,981,acer,1,0,11.891361900690471,4.5,77.0,qled,1,16.0,1,0.0023733039267392,4.0,1.0,0.0,0.0,1.0,1.0,2.0,3.0,1.0,1.0,4.0,0.0,1.0,7.0
981,982,acer,1,0,11.522875795823396,4.35,75.0,qled,1,16.0,1,0.0031440905355498,4.0,1.0,0.0,0.0,1.0,1.0,2.0,3.0,1.0,1.0,4.0,1.0,1.0,7.0
982,983,aiwa,1,0,10.58529568842608,4.75,55.0,qled,1,16.0,1,0.0066058966319409,4.0,0.0,0.0,1.0,3.0,1.0,2.0,1.0,1.0,1.0,2.0,1.0,2.0,3.0
983,984,tseries,0,0,9.368283850042138,4.7,32.0,qled,0,16.0,1,0.0148505550811272,3.0,0.0,0.0,1.0,0.0,0.0,0.0,1.0,2.0,1.0,0.0,0.0,2.0,3.0
984,985,onida,0,0,9.465060106725137,4.5,32.0,led,1,16.0,1,0.0125581395348837,4.0,0.0,0.0,1.0,0.0,0.0,0.0,1.0,2.0,1.0,0.0,0.0,2.0,6.0
985,986,haier,1,0,10.938449814127782,4.1,55.0,qled,1,32.0,1,0.0045151778894829,4.0,0.0,0.0,1.0,3.0,1.0,2.0,2.0,2.0,1.0,3.0,1.0,2.0,7.0
986,987,acer,1,0,11.198214720130528,4.1,55.0,led,1,16.0,1,0.0030890834121015,4.0,0.0,0.0,1.0,3.0,1.0,2.0,3.0,1.0,1.0,2.0,1.0,1.0,7.0
987,988,coocaa,0,1,10.308952660644293,4.05,43.0,led,1,19.2,1,0.0047251575052501,3.0,0.0,0.0,1.0,1.0,0.0,1.0,1.0,0.0,0.0,0.0,0.0,2.0,5.0
988,989,sansui,0,0,9.424725681616492,4.35,32.0,led,1,16.0,1,0.0108837772397094,4.0,0.0,0.0,1.0,0.0,0.0,0.0,1.0,1.0,1.0,0.0,0.0,2.0,5.0
989,990,acerpure,1,0,10.736396675471232,4.7,65.0,qled,1,16.0,1,0.0056196873845083,4.0,0.0,0.0,1.0,2.0,1.0,2.0,1.0,0.0,1.0,2.0,1.0,2.0,5.0
990,991,wobble,1,0,10.404262840448617,4.0,55.0,led,1,22.4,1,0.0058183581320646,4.0,1.0,0.0,0.0,3.0,1.0,2.0,1.0,1.0,1.0,1.0,1.0,2.0,4.0
991,992,wobble,1,0,10.275051108968611,4.3,50.0,led,1,22.4,1,0.0069692058346839,4.0,1.0,0.0,0.0,4.0,1.0,2.0,1.0,1.0,1.0,1.0,1.0,2.0,4.0
992,993,sony,1,0,12.345797413264954,4.5,77.0,led,1,16.0,1,0.001542252479739705,4.0,0.0,0.0,1.0,1.0,1.0,2.0,1.0,1.0,1.0,4.0,0.0,2.0,10.0
993,994,bpl,1,0,10.623154942905469,4.0,50.0,led,1,25.6,1,0.0042849491162292,4.0,0.0,0.0,1.0,4.0,1.0,2.0,2.0,1.0,1.0,1.0,1.0,1.0,3.0
994,995,samsung,1,0,10.30865261563529,4.3,43.0,led,1,25.6,1,0.0071690563521173,4.0,1.0,0.0,0.0,4.0,1.0,2.0,1.0,1.0,1.0,1.0,0.0,2.0,10.0
995,996,marq,0,0,9.121509158269568,4.0,32.0,led,0,16.0,1,0.0135874693338365,3.0,0.0,0.0,1.0,0.0,0.0,0.0,1.0,0.0,1.0,0.0,0.0,2.0,5.0
996,997,bazeegar,1,0,9.95227771670556,4.25,43.0,qled,1,22.4,0,0.0089051859612362,3.0,1.0,0.0,0.0,4.0,1.0,2.0,1.0,2.0,1.0,1.0,0.0,2.0,1.0
997,998,sony,1,0,11.87750607660493,4.35,75.0,led,1,16.0,1,0.0021449406208764,4.0,1.0,0.0,0.0,1.0,1.0,2.0,1.0,1.0,1.0,4.0,1.0,2.0,10.0
998,999,wobble,1,0,10.373491181781864,4.0,50.0,qled,1,16.0,1,0.0065002031313478,4.0,1.0,0.0,0.0,4.0,1.0,2.0,1.0,1.0,1.0,2.0,1.0,2.0,4.0
999,1000,skylive,0,0,9.660268836790868,4.2,40.0,led,1,16.0,1,0.0091065620814999,4.0,0.0,0.0,1.0,0.0,0.0,0.0,1.0,1.0,1.0,0.0,0.0,2.0,2.0
